epoch,split,loss,contrast,tda,L_sb,L_st,L_bt,r1_seq2bio,r1_bio2seq,r5_seq2bio,r5_bio2seq,r10_seq2bio,r10_bio2seq,r1_seq2bio_multi,r1_bio2seq_multi,r5_seq2bio_multi,r5_bio2seq_multi,r10_seq2bio_multi,r10_bio2seq_multi
1,train,4.784180068671936,4.784180068671936,0.0,4.784180068671936,0.0,0.0,,,,,,,,,,,,
1,val,4.227501460484096,4.227501460484096,0.0,4.227501460484096,0.0,0.0,0.027777778250830516,0.02182539871760777,0.11507936034883771,0.1091269850730896,0.19444445201328822,0.22222222600664412,0.027777780379567827,0.02182539871760777,0.11507936886378697,0.1091269850730896,0.19444445201328822,0.22222222600664412
2,train,4.660644912421936,4.660644912421936,0.0,4.660645293593872,0.0,0.0,,,,,,,,,,,,
2,val,4.146119253976004,4.146119253976004,0.0,4.14611952645438,0.0,0.0,0.04960317271096366,0.03968254157475063,0.12896825586046493,0.13293651172092982,0.23015873772757395,0.23015873772757395,0.04960317271096366,0.03968254157475063,0.12896825586046493,0.13293651172092982,0.23015872069767543,0.23015873772757395
3,train,4.603995901639344,4.603995901639344,0.0,4.603995901639344,0.0,0.0,,,,,,,,,,,,
3,val,4.098225184849331,4.098225184849331,0.0,4.098225457327707,0.0,0.0,0.04365079317774091,0.04563492110797337,0.1388888955116272,0.17261905329568045,0.24801586355481828,0.2539682558604649,0.04365079317774091,0.045634925365448,0.13888888699667795,0.17261905329568045,0.2480158805847168,0.2539682558604649
4,train,4.573995002073575,4.573995002073575,0.0,4.573995002073575,0.0,0.0,,,,,,,,,,,,
4,val,4.07483400617327,4.07483400617327,0.0,4.07483400617327,0.0,0.0,0.04365079317774091,0.05158730064119611,0.14285715988704137,0.17261905329568045,0.26984127930232454,0.27579363754817415,0.04365079743521554,0.05158730489867074,0.14285714285714285,0.17261907032557897,0.26984126227242605,0.2757936545780727
5,train,4.548461056425644,4.548461056425644,0.0,4.5484606752537085,0.0,0.0,,,,,,,,,,,,
5,val,4.049122129167829,4.049122129167829,0.0,4.049122401646206,0.0,0.0,0.0535714328289032,0.05357142857142857,0.13095238379069737,0.16666666099003383,0.2599206141063145,0.26388886996677946,0.05357142857142857,0.0535714328289032,0.13095237527574813,0.16666667801993235,0.25992063113621305,0.26388890402657644
6,train,4.5289968926863775,4.5289968926863775,0.0,4.5289968926863775,0.0,0.0,,,,,,,,,,,,
6,val,4.032093593052456,4.032093593052456,0.0,4.032093865530832,0.0,0.0,0.05555555650166103,0.04761904903820583,0.15079365457807267,0.1884920597076416,0.2837301662990025,0.29563491685049875,0.05555555650166103,0.04761904903820583,0.15079365457807267,0.18849207673754012,0.2837301662990025,0.29563491685049875
7,train,4.5105028115242,4.5105028115242,0.0,4.5105028115242,0.0,0.0,,,,,,,,,,,,
7,val,4.010224478585379,4.010224478585379,0.0,4.0102242061070035,0.0,0.0,0.0694444477558136,0.053571424313953946,0.16269842215946742,0.19047619615282332,0.29365079743521555,0.3134920597076416,0.0694444477558136,0.05357142857142857,0.16269842215946742,0.19047619615282332,0.2936507633754185,0.3134920597076416
8,train,4.493918782933255,4.493918782933255,0.0,4.493918782933255,0.0,0.0,,,,,,,,,,,,
8,val,4.0021931784493585,4.0021931784493585,0.0,4.0021931784493585,0.0,0.0,0.0615079402923584,0.06746031982558114,0.17261905329568045,0.17460317271096365,0.29563495091029574,0.3134920597076416,0.06150793603488377,0.06746031982558114,0.17261905329568045,0.17460317271096365,0.29563491685049875,0.3134920597076416
9,train,4.480945214919984,4.480945214919984,0.0,4.480945214919984,0.0,0.0,,,,,,,,,,,,
9,val,4.000037602015904,4.000037602015904,0.0,4.000037602015904,0.0,0.0,0.06746031982558114,0.05952381236212594,0.16666666099003383,0.18055554798671178,0.2857142857142857,0.3115079402923584,0.06746031982558114,0.05952380810465131,0.16666667801993235,0.18055554798671178,0.2857142686843872,0.3115079402923584
10,train,4.46905112582943,4.46905112582943,0.0,4.46905112582943,0.0,0.0,,,,,,,,,,,,
10,val,3.9950528826032365,3.9950528826032365,0.0,3.9950528826032365,0.0,0.0,0.06349206396511622,0.06349206396511622,0.16865079743521555,0.19246031556810653,0.30555554798671175,0.30753966740199495,0.06349206396511622,0.06349206396511622,0.16865079743521555,0.19246031556810653,0.30555554798671175,0.30753966740199495
11,train,4.457795118559719,4.457795118559719,0.0,4.457795118559719,0.0,0.0,,,,,,,,,,,,
11,val,3.9815919058663503,3.9815919058663503,0.0,3.9815921783447266,0.0,0.0,0.06944444349833898,0.0694444477558136,0.17460317271096365,0.20436508314950125,0.29761903626578196,0.3134920597076416,0.0694444477558136,0.0694444477558136,0.17460317271096365,0.20436508314950125,0.29761903626578196,0.3134920597076416
12,train,4.442763222092116,4.442763222092116,0.0,4.442763603264051,0.0,0.0,,,,,,,,,,,,
12,val,3.9722396305629184,3.9722396305629184,0.0,3.9722393580845425,0.0,0.0,0.06349206396511622,0.0615079402923584,0.19246031556810653,0.21031745842524938,0.2956348827907017,0.3293651172092983,0.06349206396511622,0.06150793603488377,0.19246031556810653,0.21031747545514787,0.29563491685049875,0.32936508314950125
13,train,4.432704094701405,4.432704094701405,0.0,4.432704094701405,0.0,0.0,,,,,,,,,,,,
13,val,3.967757088797433,3.967757088797433,0.0,3.967756816319057,0.0,0.0,0.07539682728903634,0.05158730489867074,0.20634920256478445,0.19642857142857142,0.3055555820465088,0.33134916850498747,0.07539682728903634,0.05158730489867074,0.20634918553488596,0.19642857142857142,0.30555554798671175,0.33134920256478445
14,train,4.422216911226581,4.422216911226581,0.0,4.422216530054645,0.0,0.0,,,,,,,,,,,,
14,val,3.9822850908551897,3.9822850908551897,0.0,3.982285363333566,0.0,0.0,0.06746031982558114,0.06547619189534869,0.18253968443189347,0.19642857142857142,0.29563491685049875,0.32341269084385466,0.06746031556810651,0.06547619189534869,0.18253968443189347,0.19642857142857142,0.29563491685049875,0.32341269084385466
15,train,4.414989510148321,4.414989510148321,0.0,4.414989510148321,0.0,0.0,,,,,,,,,,,,
15,val,3.970851080758231,3.970851080758231,0.0,3.970850808279855,0.0,0.0,0.06547619615282331,0.06746031982558114,0.19642857142857142,0.20634920256478445,0.30357142857142855,0.33531744139535086,0.06547619615282331,0.06746031556810651,0.19642857142857142,0.20634920256478445,0.30357142857142855,0.33531744139535086
16,train,4.400066628854411,4.400066628854411,0.0,4.400067010026347,0.0,0.0,,,,,,,,,,,,
16,val,3.9719785962785994,3.9719785962785994,0.0,3.971978323800223,0.0,0.0,0.07341269935880389,0.05952381236212594,0.17658729212624685,0.21428571428571427,0.30753966740199495,0.32341269084385466,0.07341269935880389,0.05952381236212594,0.17658730915614537,0.21428571428571427,0.30753966740199495,0.32341269084385466
17,train,4.394487796399297,4.394487796399297,0.0,4.394487415227362,0.0,0.0,,,,,,,,,,,,
17,val,3.9631688254220143,3.9631688254220143,0.0,3.9631690979003906,0.0,0.0,0.07142857994352068,0.06547619189534869,0.19047619615282332,0.21626983370099748,0.283730149269104,0.32738096373421804,0.07142857142857142,0.06547619189534869,0.1904761791229248,0.216269850730896,0.2837301662990025,0.32738092967442106
18,train,4.38281440585968,4.38281440585968,0.0,4.38281440585968,0.0,0.0,,,,,,,,,,,,
18,val,3.956775665283203,3.956775665283203,0.0,3.956775665283203,0.0,0.0,0.07142857142857142,0.06547619615282331,0.18452380384717668,0.22023810659136092,0.30357142857142855,0.32142857142857145,0.07142857142857142,0.06547619189534869,0.1845238208770752,0.22023810659136092,0.30357142857142855,0.32142857142857145
19,train,4.3755088645345435,4.3755088645345435,0.0,4.375509245706479,0.0,0.0,,,,,,,,,,,,
19,val,3.956404277256557,3.956404277256557,0.0,3.9564037322998047,0.0,0.0,0.07142857142857142,0.06349206822259086,0.1865079402923584,0.21230159487043107,0.3134920597076416,0.3452381065913609,0.07142857142857142,0.06349206822259086,0.1865079402923584,0.21230157784053258,0.3134920597076416,0.3452381065913609
20,train,4.363410848458236,4.363410848458236,0.0,4.363410848458236,0.0,0.0,,,,,,,,,,,,
20,val,3.944343294416155,3.944343294416155,0.0,3.944343294416155,0.0,0.0,0.08730159487043108,0.06150793603488377,0.17857142857142858,0.21230157784053258,0.3115079402923584,0.3511904648372105,0.08730159487043108,0.0615079402923584,0.17857142857142858,0.21230159487043107,0.3115079402923584,0.35119049889700754
21,train,4.3547544337919595,4.3547544337919595,0.0,4.3547544337919595,0.0,0.0,,,,,,,,,,,,
21,val,3.9282545362200056,3.9282545362200056,0.0,3.9282542637416293,0.0,0.0,0.08134921107973371,0.06547619615282331,0.19841270787375315,0.20833332198006765,0.3154761791229248,0.3452381065913609,0.08134920256478446,0.06547619189534869,0.19841270787375315,0.20833333900996617,0.3154761791229248,0.3452380725315639
22,train,4.345626890612802,4.345626890612802,0.0,4.345626890612802,0.0,0.0,,,,,,,,,,,,
22,val,3.921537126813616,3.921537126813616,0.0,3.921537126813616,0.0,0.0,0.08134921107973371,0.06547619189534869,0.20436508314950125,0.22023810659136092,0.30357142857142855,0.3373015948704311,0.08134921107973371,0.06547619189534869,0.20436508314950125,0.22023810659136092,0.30357142857142855,0.33730156081063406
23,train,4.335822386075332,4.335822386075332,0.0,4.335822386075332,0.0,0.0,,,,,,,,,,,,
23,val,3.9174466814313615,3.9174466814313615,0.0,3.9174466814313615,0.0,0.0,0.07539682728903634,0.07539682728903634,0.20436508314950125,0.23611109597342356,0.32539684431893484,0.35317461831229074,0.07539682728903634,0.07539682728903634,0.20436508314950125,0.23611111300332205,0.32539681025913786,0.35317461831229074
24,train,4.330254226434426,4.330254226434426,0.0,4.330254607606363,0.0,0.0,,,,,,,,,,,,
24,val,3.9136080060686385,3.9136080060686385,0.0,3.9136080060686385,0.0,0.0,0.08134921107973371,0.07341270787375313,0.20634920256478445,0.23214285714285715,0.33333332198006765,0.35515873772757395,0.08134921107973371,0.07341269935880389,0.20634920256478445,0.23214284011295863,0.33333332198006765,0.35515873772757395
25,train,4.321895888222092,4.321895888222092,0.0,4.321895888222092,0.0,0.0,,,,,,,,,,,,
25,val,3.906114305768694,3.906114305768694,0.0,3.906114033290318,0.0,0.0,0.07738096373421806,0.07341269935880389,0.20436508314950125,0.22619048186710902,0.3353174754551479,0.35714285714285715,0.0773809552192688,0.07341269935880389,0.20436508314950125,0.22619048186710902,0.33531744139535086,0.35714285714285715
26,train,4.316931886099726,4.316931886099726,0.0,4.316932267271663,0.0,0.0,,,,,,,,,,,,
26,val,3.9113665989467075,3.9113665989467075,0.0,3.9113671439034596,0.0,0.0,0.07341269935880389,0.06547619189534869,0.20436508314950125,0.23214287417275564,0.32738096373421804,0.3511904648372105,0.07341269935880389,0.06547619189534869,0.20436508314950125,0.23214285714285715,0.32738096373421804,0.35119049889700754
27,train,4.310051732655152,4.310051732655152,0.0,4.310052113827088,0.0,0.0,,,,,,,,,,,,
27,val,3.925602776663644,3.925602776663644,0.0,3.925602504185268,0.0,0.0,0.08333333900996617,0.07142857994352068,0.20833333900996617,0.22817460128239223,0.29960318974086214,0.36309524944850374,0.08333333049501691,0.07142857142857142,0.20833332198006765,0.22817460128239223,0.29960315568106516,0.36309524944850374
28,train,4.302275062817135,4.302275062817135,0.0,4.302274681645199,0.0,0.0,,,,,,,,,,,,
28,val,3.931534085954939,3.931534085954939,0.0,3.931534085954939,0.0,0.0,0.08134921107973371,0.07738094670431954,0.20833333900996617,0.22619046483721053,0.31150797435215544,0.3769841194152832,0.08134921107973371,0.0773809552192688,0.20833332198006765,0.22619048186710902,0.3115079402923584,0.3769841194152832
29,train,4.298425226263661,4.298425226263661,0.0,4.298425226263661,0.0,0.0,,,,,,,,,,,,
29,val,3.909438269478934,3.909438269478934,0.0,3.909437997000558,0.0,0.0,0.091269850730896,0.08333333049501691,0.20833332198006765,0.22420634542192733,0.3353174754551479,0.375,0.09126984221594674,0.08333333900996617,0.20833332198006765,0.22420636245182582,0.3353174754551479,0.375
30,train,4.290916520296643,4.290916520296643,0.0,4.290916901468579,0.0,0.0,,,,,,,,,,,,
30,val,3.9103731427873885,3.9103731427873885,0.0,3.910372870309012,0.0,0.0,0.07936508314950126,0.0694444477558136,0.20238096373421804,0.24206347124917166,0.3134920597076416,0.3710317611694336,0.07936508314950126,0.06944444349833898,0.20238096373421804,0.24206348827907018,0.3134920597076416,0.37103172710963656
31,train,4.285973863802694,4.285973863802694,0.0,4.285973863802694,0.0,0.0,,,,,,,,,,,,
31,val,3.9139066423688615,3.9139066423688615,0.0,3.9139066423688615,0.0,0.0,0.08928571428571429,0.07539682728903634,0.21428571428571427,0.24206348827907018,0.32738092967442106,0.36507936886378695,0.08928571428571429,0.07539682728903634,0.21428571428571427,0.24206347124917166,0.32738096373421804,0.36507936886378695
32,train,4.278567693086456,4.278567693086456,0.0,4.278568074258392,0.0,0.0,,,,,,,,,,,,
32,val,3.9048475537981306,3.9048475537981306,0.0,3.9048472813197543,0.0,0.0,0.08730159487043108,0.07936508314950126,0.22619046483721053,0.23412699358803885,0.3551587036677769,0.3710317611694336,0.08730158635548182,0.07936508314950126,0.22619046483721053,0.23412699358803885,0.3551587036677769,0.37103172710963656
33,train,4.273347162251171,4.273347162251171,0.0,4.273347162251171,0.0,0.0,,,,,,,,,,,,
33,val,3.905288968767439,3.905288968767439,0.0,3.9052892412458147,0.0,0.0,0.08928571428571429,0.07936508314950126,0.22619048186710902,0.24206348827907018,0.32539681025913786,0.3690476417541504,0.08928571428571429,0.07936508314950126,0.22619046483721053,0.24206348827907018,0.32539681025913786,0.3690476417541504
34,train,4.268580607191647,4.268580607191647,0.0,4.268580607191647,0.0,0.0,,,,,,,,,,,,
34,val,3.8988088880266463,3.8988088880266463,0.0,3.8988088880266463,0.0,0.0,0.0932539701461792,0.07936508314950126,0.22420636245182582,0.2480158805847168,0.33134920256478445,0.36309521538870676,0.0932539701461792,0.07936508314950126,0.22420634542192733,0.2480158805847168,0.3313492366245815,0.36309524944850374
35,train,4.263267070403981,4.263267070403981,0.0,4.263266689232045,0.0,0.0,,,,,,,,,,,,
35,val,3.897341319492885,3.897341319492885,0.0,3.897341319492885,0.0,0.0,0.08531745842524938,0.07341269935880389,0.23412697655814035,0.23214285714285715,0.32936504908970426,0.36309524944850374,0.08531746694019862,0.07341270787375313,0.23412697655814035,0.23214285714285715,0.32936508314950125,0.36309521538870676
36,train,4.259251042886417,4.259251042886417,0.0,4.259250661714481,0.0,0.0,,,,,,,,,,,,
36,val,3.9027587345668246,3.9027587345668246,0.0,3.902759007045201,0.0,0.0,0.08928572280066353,0.08730159487043108,0.2242063283920288,0.24206350530896867,0.33531744139535086,0.36706348827907015,0.08928571428571429,0.08730159487043108,0.22420634542192733,0.24206348827907018,0.3353174754551479,0.36706348827907015
37,train,4.252683450429352,4.252683450429352,0.0,4.252683450429352,0.0,0.0,,,,,,,,,,,,
37,val,3.8926375252859935,3.8926375252859935,0.0,3.8926380702427457,0.0,0.0,0.08928571428571429,0.08333333900996617,0.22420634542192733,0.24206348827907018,0.33333332198006765,0.36706345421927317,0.08928571428571429,0.08333333049501691,0.2242063283920288,0.24206350530896867,0.33333332198006765,0.36706348827907015
38,train,4.246549631635441,4.246549631635441,0.0,4.246549631635441,0.0,0.0,,,,,,,,,,,,
38,val,3.9080581665039062,3.9080581665039062,0.0,3.9080584389822826,0.0,0.0,0.08928571428571429,0.07539682728903634,0.21230159487043107,0.23611111300332205,0.32142857142857145,0.3373015948704311,0.08928571428571429,0.07539682728903634,0.21230159487043107,0.23611113003322057,0.32142857142857145,0.33730156081063406
39,train,4.241460223946135,4.241460223946135,0.0,4.241460605118072,0.0,0.0,,,,,,,,,,,,
39,val,3.904791695731027,3.904791695731027,0.0,3.9047911507742747,0.0,0.0,0.08730159487043108,0.07341269935880389,0.22023810659136092,0.22420634542192733,0.3333333560398647,0.3670635223388672,0.08730159487043108,0.07341269935880389,0.22023810659136092,0.22420634542192733,0.33333332198006765,0.36706348827907015
40,train,4.238488607533177,4.238488607533177,0.0,4.238488607533177,0.0,0.0,,,,,,,,,,,,
40,val,3.907010759626116,3.907010759626116,0.0,3.907010759626116,0.0,0.0,0.08134920256478446,0.08531746694019862,0.22817460128239223,0.22222222600664412,0.3353174754551479,0.3472221919468471,0.08134921107973371,0.08531745842524938,0.22817460128239223,0.2222222089767456,0.3353174754551479,0.3472221919468471
41,train,4.233943894540398,4.233943894540398,0.0,4.233944275712334,0.0,0.0,,,,,,,,,,,,
41,val,3.903660910470145,3.903660910470145,0.0,3.903660910470145,0.0,0.0,0.08928571428571429,0.07142857142857142,0.216269850730896,0.21428571428571427,0.31944445201328825,0.3492063454219273,0.08928571428571429,0.07142857142857142,0.216269850730896,0.21428571428571427,0.31944445201328825,0.34920637948172434
42,train,4.229835242242388,4.229835242242388,0.0,4.229835242242388,0.0,0.0,,,,,,,,,,,,
42,val,3.9067276545933316,3.9067276545933316,0.0,3.9067279270717075,0.0,0.0,0.0932539701461792,0.07341269935880389,0.21626983370099748,0.216269850730896,0.32142857142857145,0.3373015948704311,0.09325396163122994,0.07341269935880389,0.216269850730896,0.21626983370099748,0.32142857142857145,0.3373015948704311
43,train,4.222594118974434,4.222594118974434,0.0,4.222594118974434,0.0,0.0,,,,,,,,,,,,
43,val,3.922423771449498,3.922423771449498,0.0,3.922423771449498,0.0,0.0,0.08730159487043108,0.06746031982558114,0.21825395311628068,0.22420634542192733,0.3353174754551479,0.3412698337009975,0.08730158635548182,0.06746031556810651,0.21825395311628068,0.22420634542192733,0.33531744139535086,0.3412698337009975
44,train,4.219536357703943,4.219536357703943,0.0,4.219536357703943,0.0,0.0,,,,,,,,,,,,
44,val,3.918351037161691,3.918351037161691,0.0,3.918351309640067,0.0,0.0,0.09920634542192731,0.07539682728903634,0.23015873772757395,0.22619048186710902,0.33333332198006765,0.3392857142857143,0.09920635393687657,0.07539682728903634,0.23015873772757395,0.22619046483721053,0.3333333560398647,0.3392857142857143
45,train,4.215141826453943,4.215141826453943,0.0,4.215141826453943,0.0,0.0,,,,,,,,,,,,
45,val,3.9100777762276784,3.9100777762276784,0.0,3.9100777762276784,0.0,0.0,0.08928572280066353,0.07539682728903634,0.23214285714285715,0.21626983370099748,0.3373015948704311,0.35515873772757395,0.08928571428571429,0.07539682728903634,0.23214285714285715,0.216269850730896,0.3373015948704311,0.35515873772757395
46,train,4.210173250268345,4.210173250268345,0.0,4.210172869096409,0.0,0.0,,,,,,,,,,,,
46,val,3.9103736877441406,3.9103736877441406,0.0,3.9103736877441406,0.0,0.0,0.09523809807641166,0.06746031556810651,0.23412697655814035,0.216269850730896,0.32539681025913786,0.3710317611694336,0.09523809807641166,0.06746031982558114,0.23412697655814035,0.21626983370099748,0.32539681025913786,0.3710317611694336
47,train,4.206841426375878,4.206841426375878,0.0,4.206841045203943,0.0,0.0,,,,,,,,,,,,
47,val,3.892047882080078,3.892047882080078,0.0,3.892047609601702,0.0,0.0,0.0952380895614624,0.07539682728903634,0.24007936886378697,0.23412699358803885,0.33531744139535086,0.3670635223388672,0.0952380895614624,0.07539682728903634,0.24007935183388845,0.23412697655814035,0.33531744139535086,0.36706348827907015
48,train,4.201966237314598,4.201966237314598,0.0,4.201966237314598,0.0,0.0,,,,,,,,,,,,
48,val,3.896106175013951,3.896106175013951,0.0,3.896106447492327,0.0,0.0,0.08531746694019862,0.0773809552192688,0.22420634542192733,0.23611111300332205,0.32341269084385466,0.36309524944850374,0.08531745842524938,0.07738094670431954,0.22420634542192733,0.23611111300332205,0.32341269084385466,0.36309521538870676
49,train,4.197849961577869,4.197849961577869,0.0,4.197849961577869,0.0,0.0,,,,,,,,,,,,
49,val,3.903738021850586,3.903738021850586,0.0,3.903738021850586,0.0,0.0,0.09126984221594674,0.08134920256478446,0.23611111300332205,0.2519841194152832,0.3432539531162807,0.3492063454219273,0.09126984221594674,0.08134921107973371,0.23611111300332205,0.2519841364451817,0.3432539531162807,0.3492063454219273
50,train,4.192043569476971,4.192043569476971,0.0,4.192043950648907,0.0,0.0,,,,,,,,,,,,
50,val,3.9151011875697543,3.9151011875697543,0.0,3.9151011875697543,0.0,0.0,0.09523809807641166,0.07539682728903634,0.22817460128239223,0.23412697655814035,0.3432539531162807,0.3511904648372105,0.09523809807641166,0.07539682728903634,0.22817461831229074,0.23412697655814035,0.3432539531162807,0.3511904648372105
51,train,4.188290931767174,4.188290931767174,0.0,4.18829131293911,0.0,0.0,,,,,,,,,,,,
51,val,3.9134505135672435,3.9134505135672435,0.0,3.9134507860456194,0.0,0.0,0.09920635393687657,0.07341269935880389,0.2182539701461792,0.23015873772757395,0.3432539871760777,0.35714285714285715,0.09920635393687657,0.07341270787375313,0.2182539701461792,0.23015873772757395,0.3432539871760777,0.35714285714285715
52,train,4.183265179791179,4.183265179791179,0.0,4.183265179791179,0.0,0.0,,,,,,,,,,,,
52,val,3.9053151266915456,3.9053151266915456,0.0,3.905315399169922,0.0,0.0,0.09920635393687657,0.06746031556810651,0.2202380895614624,0.23809524944850377,0.33134920256478445,0.3710317611694336,0.09920634542192731,0.06746031982558114,0.2202380895614624,0.23809521538870676,0.33134920256478445,0.37103172710963656
53,train,4.177600202478533,4.177600202478533,0.0,4.177600202478533,0.0,0.0,,,,,,,,,,,,
53,val,3.907741001674107,3.907741001674107,0.0,3.907740729195731,0.0,0.0,0.10515872921262469,0.06746031556810651,0.23214285714285715,0.23809524944850377,0.3452380725315639,0.3452381065913609,0.10515872921262469,0.06746032408305577,0.23214285714285715,0.23809523241860525,0.3452380725315639,0.3452381065913609
54,train,4.175039489412568,4.175039489412568,0.0,4.175039489412568,0.0,0.0,,,,,,,,,,,,
54,val,3.927502768380301,3.927502768380301,0.0,3.927502768380301,0.0,0.0,0.09126984221594674,0.06746031982558114,0.22619048186710902,0.23611111300332205,0.3373015948704311,0.3392857142857143,0.09126984221594674,0.06746031982558114,0.22619048186710902,0.23611111300332205,0.3373015948704311,0.3392857142857143
55,train,4.169575008538251,4.169575008538251,0.0,4.169575008538251,0.0,0.0,,,,,,,,,,,,
55,val,3.9339776720319475,3.9339776720319475,0.0,3.933977944510324,0.0,0.0,0.0932539701461792,0.05952380810465131,0.23214285714285715,0.2460317611694336,0.3373015948704311,0.35317461831229074,0.0932539701461792,0.05952381236212594,0.23214285714285715,0.24603174413953507,0.3373015948704311,0.3531745842524937
56,train,4.167398516783763,4.167398516783763,0.0,4.167398516783763,0.0,0.0,,,,,,,,,,,,
56,val,3.9290945870535716,3.9290945870535716,0.0,3.9290945870535716,0.0,0.0,0.0932539701461792,0.07539682728903634,0.23412697655814035,0.24801586355481828,0.33531744139535086,0.35317461831229074,0.0932539701461792,0.07539682728903634,0.23412697655814035,0.2480158805847168,0.33531744139535086,0.35317461831229074
57,train,4.16149568818306,4.16149568818306,0.0,4.1614953070111245,0.0,0.0,,,,,,,,,,,,
57,val,3.9318384443010603,3.9318384443010603,0.0,3.9318389892578125,0.0,0.0,0.09126984221594674,0.06349206396511622,0.23412697655814035,0.22817458425249373,0.33531744139535086,0.3472222260066441,0.09126983370099749,0.06349206396511622,0.23412699358803885,0.22817458425249373,0.33531744139535086,0.3472221919468471
58,train,4.156817565012686,4.156817565012686,0.0,4.156817565012686,0.0,0.0,,,,,,,,,,,,
58,val,3.9451353890555247,3.9451353890555247,0.0,3.9451353890555247,0.0,0.0,0.08928571428571429,0.0773809552192688,0.23214285714285715,0.23412699358803885,0.3432539531162807,0.36507933480398996,0.08928571428571429,0.07738094670431954,0.23214284011295863,0.23412699358803885,0.3432539531162807,0.36507936886378695
59,train,4.153284482338017,4.153284482338017,0.0,4.1532848635099535,0.0,0.0,,,,,,,,,,,,
59,val,3.942650386265346,3.942650386265346,0.0,3.9426506587437222,0.0,0.0,0.08730159487043108,0.05952381236212594,0.22619049889700754,0.22817461831229074,0.3432539871760777,0.35515873772757395,0.08730158635548182,0.05952381236212594,0.22619046483721053,0.22817458425249373,0.3432539871760777,0.35515873772757395
60,train,4.148535080015613,4.148535080015613,0.0,4.148535080015613,0.0,0.0,,,,,,,,,,,,
60,val,3.93180056980678,3.93180056980678,0.0,3.9318008422851562,0.0,0.0,0.0932539701461792,0.05753968017441886,0.23412699358803885,0.22817460128239223,0.3452381065913609,0.3710317611694336,0.0932539701461792,0.05753968443189349,0.23412697655814035,0.22817460128239223,0.3452381065913609,0.37103172710963656
61,train,4.145793310280054,4.145793310280054,0.0,4.145792929108119,0.0,0.0,,,,,,,,,,,,
61,val,3.9206736428397044,3.9206736428397044,0.0,3.920673370361328,0.0,0.0,0.0932539701461792,0.06547619189534869,0.22420634542192733,0.2202380895614624,0.3472222260066441,0.3690476417541504,0.0932539701461792,0.06547619615282331,0.22420634542192733,0.2202380895614624,0.3472222260066441,0.3690476417541504
62,train,4.140047524516979,4.140047524516979,0.0,4.140047524516979,0.0,0.0,,,,,,,,,,,,
62,val,3.9228273119245256,3.9228273119245256,0.0,3.9228273119245256,0.0,0.0,0.09126984221594674,0.07341269935880389,0.22619048186710902,0.22023810659136092,0.35912697655814035,0.36507936886378695,0.09126984221594674,0.07341270787375313,0.22619046483721053,0.2202380895614624,0.35912697655814035,0.36507933480398996
63,train,4.136001003244536,4.136001003244536,0.0,4.136001003244536,0.0,0.0,,,,,,,,,,,,
63,val,3.9187349591936385,3.9187349591936385,0.0,3.9187349591936385,0.0,0.0,0.07936508314950126,0.06746031982558114,0.23015873772757395,0.23015873772757395,0.36706348827907015,0.36706348827907015,0.079365074634552,0.06746031982558114,0.23015872069767543,0.23015873772757395,0.36706348827907015,0.36706348827907015
64,train,4.132506418935402,4.132506418935402,0.0,4.132506418935402,0.0,0.0,,,,,,,,,,,,
64,val,3.906493595668248,3.906493595668248,0.0,3.906493595668248,0.0,0.0,0.08928571428571429,0.06349206396511622,0.22619048186710902,0.22619046483721053,0.3492063454219273,0.37103172710963656,0.08928571428571429,0.06349206396511622,0.22619048186710902,0.22619048186710902,0.3492063454219273,0.3710317611694336
65,train,4.1276998408226,4.1276998408226,0.0,4.1276998408226,0.0,0.0,,,,,,,,,,,,
65,val,3.910836628505162,3.910836628505162,0.0,3.910836628505162,0.0,0.0,0.08928571428571429,0.06746031982558114,0.23809523241860525,0.24007936886378697,0.35912697655814035,0.3730158805847168,0.08928571428571429,0.06746031982558114,0.23809521538870676,0.24007936886378697,0.35912697655814035,0.3730158805847168
66,train,4.125397562329235,4.125397562329235,0.0,4.125397181157299,0.0,0.0,,,,,,,,,,,,
66,val,3.909282956804548,3.909282956804548,0.0,3.909282956804548,0.0,0.0,0.09523809807641166,0.07539682728903634,0.22817461831229074,0.24404762472425187,0.36904760769435335,0.3769841194152832,0.09523809807641166,0.07539682728903634,0.22817461831229074,0.24404762472425187,0.36904760769435335,0.37698415347508024
67,train,4.119614421716433,4.119614421716433,0.0,4.119614421716433,0.0,0.0,,,,,,,,,,,,
67,val,3.916976111275809,3.916976111275809,0.0,3.916976111275809,0.0,0.0,0.0932539701461792,0.0694444477558136,0.24007936886378697,0.23809524944850377,0.37103172710963656,0.3730158805847168,0.0932539701461792,0.0694444477558136,0.24007935183388845,0.23809524944850377,0.37103172710963656,0.3730158805847168
68,train,4.116313853922716,4.116313853922716,0.0,4.116313853922716,0.0,0.0,,,,,,,,,,,,
68,val,3.936245782034738,3.936245782034738,0.0,3.936245782034738,0.0,0.0,0.09722222600664411,0.07936508314950126,0.23015872069767543,0.21230159487043107,0.34920637948172434,0.35912697655814035,0.09722222600664411,0.07936508314950126,0.23015872069767543,0.21230159487043107,0.3492063454219273,0.35912697655814035
69,train,4.111614766295863,4.111614766295863,0.0,4.111615147467798,0.0,0.0,,,,,,,,,,,,
69,val,3.938302993774414,3.938302993774414,0.0,3.938302993774414,0.0,0.0,0.09920635393687657,0.08134921107973371,0.23412699358803885,0.23611113003322057,0.35714285714285715,0.3829364776611328,0.09920635393687657,0.08134921107973371,0.23412697655814035,0.23611111300332205,0.35714285714285715,0.38293651172092985
70,train,4.106260444111046,4.106260444111046,0.0,4.106260444111046,0.0,0.0,,,,,,,,,,,,
70,val,3.912245341709682,3.912245341709682,0.0,3.912245069231306,0.0,0.0,0.10515872921262469,0.07936508314950126,0.24007935183388845,0.24404762472425187,0.3571428230830601,0.3769841194152832,0.10515872921262469,0.07936508314950126,0.24007936886378697,0.24404762472425187,0.3571428230830601,0.3769841194152832
71,train,4.104474272419009,4.104474272419009,0.0,4.104474272419009,0.0,0.0,,,,,,,,,,,,
71,val,3.919969286237444,3.919969286237444,0.0,3.919969286237444,0.0,0.0,0.091269850730896,0.0714285671710968,0.22420636245182582,0.2440476417541504,0.3511904648372105,0.35714285714285715,0.09126984221594674,0.07142857142857142,0.22420634542192733,0.24404762472425187,0.35119049889700754,0.35714285714285715
72,train,4.10064768735363,4.10064768735363,0.0,4.10064768735363,0.0,0.0,,,,,,,,,,,,
72,val,3.92474855695452,3.92474855695452,0.0,3.924748284476144,0.0,0.0,0.09325396163122994,0.07936508314950126,0.23412699358803885,0.24007935183388845,0.35317461831229074,0.37103172710963656,0.0932539701461792,0.07936508314950126,0.23412699358803885,0.24007936886378697,0.35317461831229074,0.3710317611694336
73,train,4.097698941256831,4.097698941256831,0.0,4.097698941256831,0.0,0.0,,,,,,,,,,,,
73,val,3.9345812116350447,3.9345812116350447,0.0,3.9345812116350447,0.0,0.0,0.09722222600664411,0.07936508314950126,0.24404762472425187,0.23214285714285715,0.3472222260066441,0.36309524944850374,0.09722222600664411,0.07936508314950126,0.24404762472425187,0.23214285714285715,0.3472221919468471,0.36309524944850374
74,train,4.092287443281616,4.092287443281616,0.0,4.092287443281616,0.0,0.0,,,,,,,,,,,,
74,val,3.9352027348109653,3.9352027348109653,0.0,3.9352027348109653,0.0,0.0,0.09920635393687657,0.08531745842524938,0.23611111300332205,0.22420634542192733,0.36706348827907015,0.36507933480398996,0.09920635393687657,0.08531745842524938,0.23611109597342356,0.22420634542192733,0.36706348827907015,0.36507933480398996
75,train,4.088094170813817,4.088094170813817,0.0,4.088094170813817,0.0,0.0,,,,,,,,,,,,
75,val,3.9234531947544644,3.9234531947544644,0.0,3.9234531947544644,0.0,0.0,0.10317460128239223,0.0773809552192688,0.2480158805847168,0.23611111300332205,0.3789682388305664,0.3710317611694336,0.10317460128239223,0.0773809552192688,0.24801586355481828,0.23611111300332205,0.37896827289036344,0.3710317611694336
76,train,4.085241098872951,4.085241098872951,0.0,4.085240717701015,0.0,0.0,,,,,,,,,,,,
76,val,3.9116548810686385,3.9116548810686385,0.0,3.9116548810686385,0.0,0.0,0.10119046483721052,0.08531745842524938,0.25595239230564665,0.24206350530896867,0.38492063113621305,0.36507936886378695,0.10119047335215978,0.08531746694019862,0.2559523752757481,0.24206347124917166,0.38492063113621305,0.36507936886378695
77,train,4.082544688597775,4.082544688597775,0.0,4.082544688597775,0.0,0.0,,,,,,,,,,,,
77,val,3.9112467084612166,3.9112467084612166,0.0,3.9112464359828403,0.0,0.0,0.10317460128239223,0.08333333049501691,0.24206348827907018,0.2460317611694336,0.36309524944850374,0.36904760769435335,0.10317460128239223,0.08333333049501691,0.24206350530896867,0.24603174413953507,0.36309521538870676,0.3690476417541504
78,train,4.076675021955504,4.076675021955504,0.0,4.076674640783567,0.0,0.0,,,,,,,,,,,,
78,val,3.9450291224888394,3.9450291224888394,0.0,3.9450293949672153,0.0,0.0,0.10119048186710902,0.07142857142857142,0.2460317611694336,0.24603174413953507,0.375,0.36507936886378695,0.10119048186710902,0.07142857142857142,0.2460317611694336,0.24603172710963658,0.375,0.36507936886378695
79,train,4.072933057059914,4.072933057059914,0.0,4.072932675887978,0.0,0.0,,,,,,,,,,,,
79,val,3.957712173461914,3.957712173461914,0.0,3.9577119009835378,0.0,0.0,0.10515872069767543,0.07539682728903634,0.23809523241860525,0.25,0.365079402923584,0.375,0.10515872921262469,0.07539682728903634,0.23809523241860525,0.25,0.36507936886378695,0.375
80,train,4.071978983704137,4.071978983704137,0.0,4.071978983704137,0.0,0.0,,,,,,,,,,,,
80,val,3.9372757502964566,3.9372757502964566,0.0,3.9372754778180803,0.0,0.0,0.10515873772757393,0.0694444477558136,0.24007936886378697,0.2460317611694336,0.375,0.3710317611694336,0.10515872921262469,0.0694444477558136,0.24007936886378697,0.2460317611694336,0.37500003405979704,0.37103172710963656
81,train,4.065908058279664,4.065908058279664,0.0,4.065908058279664,0.0,0.0,,,,,,,,,,,,
81,val,3.942192622593471,3.942192622593471,0.0,3.942192622593471,0.0,0.0,0.10119046483721052,0.08333333900996617,0.2539682388305664,0.23809524944850377,0.35912697655814035,0.36507933480398996,0.10119047335215978,0.08333333900996617,0.25396827289036344,0.23809524944850377,0.35912697655814035,0.36507936886378695
82,train,4.063190302376073,4.063190302376073,0.0,4.063190302376073,0.0,0.0,,,,,,,,,,,,
82,val,3.944261278424944,3.944261278424944,0.0,3.944261278424944,0.0,0.0,0.10119046483721052,0.07341269935880389,0.24206348827907018,0.22817458425249373,0.35912697655814035,0.3710317611694336,0.10119047335215978,0.07341269935880389,0.24206348827907018,0.22817458425249373,0.35912697655814035,0.37103172710963656
83,train,4.062906329283763,4.062906329283763,0.0,4.062905948111827,0.0,0.0,,,,,,,,,,,,
83,val,3.9489378247942244,3.9489378247942244,0.0,3.948937552315848,0.0,0.0,0.11507936034883771,0.08928571428571429,0.24404762472425187,0.24404762472425187,0.3670635223388672,0.35515873772757395,0.11507936886378697,0.08928571428571429,0.24404762472425187,0.24404762472425187,0.36706348827907015,0.35515873772757395
84,train,4.054380275419594,4.054380275419594,0.0,4.054379894247658,0.0,0.0,,,,,,,,,,,,
84,val,3.949193681989397,3.949193681989397,0.0,3.9491934095110213,0.0,0.0,0.10714285714285714,0.08531745842524938,0.25595239230564665,0.24404762472425187,0.365079402923584,0.3769841194152832,0.10714285714285714,0.08531746694019862,0.25595239230564665,0.2440476417541504,0.365079402923584,0.37698408535548616
85,train,4.05353902895687,4.05353902895687,0.0,4.053538647784934,0.0,0.0,,,,,,,,,,,,
85,val,3.9321220942905972,3.9321220942905972,0.0,3.932121821812221,0.0,0.0,0.10714285714285714,0.09126984221594674,0.24404762472425187,0.23412697655814035,0.39285710879734587,0.36507936886378695,0.10714285714285714,0.09126984221594674,0.2440476417541504,0.23412697655814035,0.39285710879734587,0.36507933480398996
86,train,4.047514987680523,4.047514987680523,0.0,4.047514606508587,0.0,0.0,,,,,,,,,,,,
86,val,3.923201152256557,3.923201152256557,0.0,3.923200879778181,0.0,0.0,0.10515872921262469,0.07936508314950126,0.2519841194152832,0.23015872069767543,0.36904760769435335,0.35912697655814035,0.10515872921262469,0.07936508314950126,0.2519841364451817,0.23015872069767543,0.36904760769435335,0.35912697655814035
87,train,4.0489767820550355,4.0489767820550355,0.0,4.0489767820550355,0.0,0.0,,,,,,,,,,,,
87,val,3.934216090611049,3.934216090611049,0.0,3.934216090611049,0.0,0.0,0.10317460128239223,0.08134921107973371,0.23611113003322057,0.23809523241860525,0.36507933480398996,0.3670635223388672,0.10317460979734148,0.08134921107973371,0.23611111300332205,0.23809524944850377,0.36507936886378695,0.3670635223388672
88,train,4.042199163861241,4.042199163861241,0.0,4.042198782689305,0.0,0.0,,,,,,,,,,,,
88,val,3.958486557006836,3.958486557006836,0.0,3.9584862845284596,0.0,0.0,0.0952380895614624,0.0773809552192688,0.2539682388305664,0.24404760769435338,0.35714285714285715,0.38293651172092985,0.09523809807641166,0.07738094670431954,0.25396827289036344,0.24404760769435338,0.35714285714285715,0.3829364776611328
89,train,4.0387526072160425,4.0387526072160425,0.0,4.0387526072160425,0.0,0.0,,,,,,,,,,,,
89,val,3.953916549682617,3.953916549682617,0.0,3.9539168221609935,0.0,0.0,0.08928571428571429,0.0773809552192688,0.23611111300332205,0.24206348827907018,0.36904760769435335,0.375,0.08928571428571429,0.0773809552192688,0.23611109597342356,0.24206348827907018,0.36904760769435335,0.375
90,train,4.033920490583529,4.033920490583529,0.0,4.033920490583529,0.0,0.0,,,,,,,,,,,,
90,val,3.9568865639822826,3.9568865639822826,0.0,3.9568868364606584,0.0,0.0,0.09722222600664411,0.07936508314950126,0.24206348827907018,0.2182539701461792,0.3531745842524937,0.35912697655814035,0.09722222600664411,0.07936508314950126,0.24206348827907018,0.2182539701461792,0.35317461831229074,0.35912697655814035
91,train,4.031227129683841,4.031227129683841,0.0,4.031226367339968,0.0,0.0,,,,,,,,,,,,
91,val,3.937746320452009,3.937746320452009,0.0,3.937746320452009,0.0,0.0,0.08928571428571429,0.08333333900996617,0.25,0.23015873772757395,0.3730158805847168,0.35912697655814035,0.08928571428571429,0.08333333900996617,0.25,0.23015873772757395,0.37301584652491976,0.35912697655814035
92,train,4.028165175522053,4.028165175522053,0.0,4.028165175522053,0.0,0.0,,,,,,,,,,,,
92,val,3.931011472429548,3.931011472429548,0.0,3.931011472429548,0.0,0.0,0.09722222600664411,0.0694444477558136,0.24206348827907018,0.23809523241860525,0.38492063113621305,0.36309521538870676,0.09722222600664411,0.0694444477558136,0.24206348827907018,0.23809524944850377,0.384920597076416,0.36309524944850374
93,train,4.026638581918423,4.026638581918423,0.0,4.026638581918423,0.0,0.0,,,,,,,,,,,,
93,val,3.9450743538992747,3.9450743538992747,0.0,3.945073808942522,0.0,0.0,0.09722221749169487,0.0773809552192688,0.2480158805847168,0.23015873772757395,0.36904760769435335,0.3531745842524937,0.09722221749169487,0.0773809552192688,0.24801586355481828,0.23015873772757395,0.3690476417541504,0.35317461831229074
94,train,4.0213059865339575,4.0213059865339575,0.0,4.0213059865339575,0.0,0.0,,,,,,,,,,,,
94,val,3.945390428815569,3.945390428815569,0.0,3.945390428815569,0.0,0.0,0.09920634542192731,0.08531745842524938,0.25793652875082834,0.22222222600664412,0.3730158805847168,0.3670635223388672,0.09920634542192731,0.08531745842524938,0.25793651172092985,0.2222222089767456,0.3730158805847168,0.36706348827907015
95,train,4.019644839236924,4.019644839236924,0.0,4.019644839236924,0.0,0.0,,,,,,,,,,,,
95,val,3.944571086338588,3.944571086338588,0.0,3.944571086338588,0.0,0.0,0.09722222600664411,0.09126984221594674,0.2519841194152832,0.24206350530896867,0.37698415347508024,0.36706348827907015,0.09722222600664411,0.09126984221594674,0.2519841364451817,0.24206350530896867,0.37698415347508024,0.36706348827907015
96,train,4.013628421399297,4.013628421399297,0.0,4.013628421399297,0.0,0.0,,,,,,,,,,,,
96,val,3.9599320547921315,3.9599320547921315,0.0,3.959932327270508,0.0,0.0,0.091269850730896,0.08134920256478446,0.23214285714285715,0.23611109597342356,0.39682538168770926,0.35714285714285715,0.09126984221594674,0.08134921107973371,0.23214285714285715,0.23611109597342356,0.39682538168770926,0.35714285714285715
97,train,4.0125531353678765,4.0125531353678765,0.0,4.0125531353678765,0.0,0.0,,,,,,,,,,,,
97,val,3.948735918317522,3.948735918317522,0.0,3.948735918317522,0.0,0.0,0.10119047335215978,0.07936508314950126,0.25,0.23809524944850377,0.38492063113621305,0.36706348827907015,0.10119048186710902,0.07936508314950126,0.24999998297010148,0.23809524944850377,0.38492066519601004,0.36706348827907015
98,train,4.008173088651445,4.008173088651445,0.0,4.008173088651445,0.0,0.0,,,,,,,,,,,,
98,val,3.9394558497837613,3.9394558497837613,0.0,3.9394558497837613,0.0,0.0,0.09722221749169487,0.08730158635548182,0.25,0.22817460128239223,0.375,0.36904760769435335,0.09722222600664411,0.08730158635548182,0.2500000170298985,0.22817460128239223,0.375,0.3690476417541504
99,train,4.006461245486924,4.006461245486924,0.0,4.006460864314988,0.0,0.0,,,,,,,,,,,,
99,val,3.9406531197684154,3.9406531197684154,0.0,3.9406531197684154,0.0,0.0,0.10317460128239223,0.09126984221594674,0.2539682558604649,0.22222222600664412,0.36706348827907015,0.36309521538870676,0.10317460128239223,0.09126984221594674,0.2539682388305664,0.22222222600664412,0.36706348827907015,0.36309521538870676
100,train,4.000917480849922,4.000917480849922,0.0,4.000917480849922,0.0,0.0,,,,,,,,,,,,
100,val,3.9620745522635326,3.9620745522635326,0.0,3.9620745522635326,0.0,0.0,0.10317460128239223,0.08928571428571429,0.23809523241860525,0.23015873772757395,0.37103172710963656,0.35912697655814035,0.10317460979734148,0.08928571428571429,0.23809524944850377,0.23015873772757395,0.3710317611694336,0.35912697655814035
101,train,4.001012392661983,4.001012392661983,0.0,4.001012392661983,0.0,0.0,,,,,,,,,,,,
101,val,3.943831035069057,3.943831035069057,0.0,3.943831035069057,0.0,0.0,0.10119047335215978,0.08134920256478446,0.25595239230564665,0.23809523241860525,0.38888890402657644,0.3492063454219273,0.10119048186710902,0.08134920256478446,0.25595239230564665,0.23809523241860525,0.38888890402657644,0.3492063454219273
102,train,3.9963537092603434,3.9963537092603434,0.0,3.9963537092603434,0.0,0.0,,,,,,,,,,,,
102,val,3.9418435777936662,3.9418435777936662,0.0,3.9418433053152904,0.0,0.0,0.10317460128239223,0.08531745842524938,0.26388890402657644,0.2480158805847168,0.37103172710963656,0.3829364776611328,0.10317460128239223,0.08531745842524938,0.26388888699667795,0.2480158805847168,0.37103172710963656,0.3829364776611328
103,train,3.99389743730484,3.99389743730484,0.0,3.99389743730484,0.0,0.0,,,,,,,,,,,,
103,val,3.932476043701172,3.932476043701172,0.0,3.9324757712227956,0.0,0.0,0.11111111300332206,0.08333333049501691,0.26785714285714285,0.2539682558604649,0.3869047164916992,0.36507936886378695,0.11111111300332206,0.08333333049501691,0.26785714285714285,0.25396827289036344,0.38690475055149626,0.36507936886378695
104,train,3.9886319281811087,3.9886319281811087,0.0,3.9886323093530445,0.0,0.0,,,,,,,,,,,,
104,val,3.9513517107282365,3.9513517107282365,0.0,3.9513514382498607,0.0,0.0,0.10119047335215978,0.08730158635548182,0.26587302344185965,0.24603172710963658,0.38690475055149626,0.36309524944850374,0.10119047335215978,0.08730158635548182,0.26587300641196115,0.24603172710963658,0.38690475055149626,0.36309521538870676
105,train,3.985015750024395,3.985015750024395,0.0,3.985015750024395,0.0,0.0,,,,,,,,,,,,
105,val,3.952529634748186,3.952529634748186,0.0,3.9525293622698103,0.0,0.0,0.0932539701461792,0.0932539701461792,0.26587302344185965,0.23015872069767543,0.38888890402657644,0.36309524944850374,0.09325396163122994,0.0932539701461792,0.26587302344185965,0.23015873772757395,0.38888886996677946,0.36309521538870676
106,train,3.983922930083919,3.983922930083919,0.0,3.9839233112558547,0.0,0.0,,,,,,,,,,,,
106,val,3.9750453404017856,3.9750453404017856,0.0,3.9750450679234097,0.0,0.0,0.09523809807641166,0.08531745842524938,0.26388890402657644,0.22420634542192733,0.38492063113621305,0.3551587036677769,0.0952380895614624,0.08531745842524938,0.26388888699667795,0.22420636245182582,0.38492063113621305,0.35515873772757395
107,train,3.981234905591335,3.981234905591335,0.0,3.981235667935207,0.0,0.0,,,,,,,,,,,,
107,val,3.9843526567731584,3.9843526567731584,0.0,3.9843523842947826,0.0,0.0,0.09920635393687657,0.09126984221594674,0.2559523752757481,0.23015873772757395,0.38888890402657644,0.35912697655814035,0.09920635393687657,0.09126984221594674,0.25595239230564665,0.23015872069767543,0.38888886996677946,0.35912697655814035
108,train,3.977165514002732,3.977165514002732,0.0,3.977165514002732,0.0,0.0,,,,,,,,,,,,
108,val,3.9586633954729353,3.9586633954729353,0.0,3.9586633954729353,0.0,0.0,0.10119048186710902,0.08134920256478446,0.24603174413953507,0.22420634542192733,0.38690478461129324,0.36507936886378695,0.10119048186710902,0.08134921107973371,0.2460317611694336,0.22420634542192733,0.38690475055149626,0.36507936886378695
109,train,3.975168554230094,3.975168554230094,0.0,3.975168554230094,0.0,0.0,,,,,,,,,,,,
109,val,3.959537778581892,3.959537778581892,0.0,3.959538051060268,0.0,0.0,0.10119047335215978,0.08531745842524938,0.26190475055149626,0.22619046483721053,0.38293654578072683,0.35912701061793734,0.10119047335215978,0.08531745842524938,0.26190475055149626,0.22619049889700754,0.38293651172092985,0.35912697655814035
110,train,3.9718226269759955,3.9718226269759955,0.0,3.9718226269759955,0.0,0.0,,,,,,,,,,,,
110,val,3.99151611328125,3.99151611328125,0.0,3.9915158408028737,0.0,0.0,0.09722222600664411,0.08531745842524938,0.24206348827907018,0.23809523241860525,0.36904757363455637,0.35912701061793734,0.09722222600664411,0.08531745842524938,0.24206348827907018,0.23809524944850377,0.36904760769435335,0.35912697655814035
111,train,3.9640230868218187,3.9640230868218187,0.0,3.964022705649883,0.0,0.0,,,,,,,,,,,,
111,val,3.998342514038086,3.998342514038086,0.0,3.998342514038086,0.0,0.0,0.09920635393687657,0.08730158635548182,0.24206347124917166,0.22619048186710902,0.38293651172092985,0.35515873772757395,0.09920634542192731,0.08730157784053258,0.24206347124917166,0.22619049889700754,0.38293651172092985,0.35515873772757395
112,train,3.9645822660519126,3.9645822660519126,0.0,3.9645826472238483,0.0,0.0,,,,,,,,,,,,
112,val,4.0040901729038785,4.0040901729038785,0.0,4.004089900425503,0.0,0.0,0.09126984221594674,0.07539682728903634,0.2519841194152832,0.23214285714285715,0.375,0.35515873772757395,0.09126984221594674,0.07539682728903634,0.2519841194152832,0.23214285714285715,0.375,0.35515873772757395
113,train,3.9614417904713113,3.9614417904713113,0.0,3.9614414092993755,0.0,0.0,,,,,,,,,,,,
113,val,3.992356981549944,3.992356981549944,0.0,3.992356981549944,0.0,0.0,0.10317460128239223,0.07936508314950126,0.25992063113621305,0.23412697655814035,0.3988095692225865,0.3531745842524937,0.10317460128239223,0.079365074634552,0.25992063113621305,0.23412699358803885,0.39880950110299246,0.35317461831229074
114,train,3.9599735161738874,3.9599735161738874,0.0,3.9599735161738874,0.0,0.0,,,,,,,,,,,,
114,val,3.9758477892194475,3.9758477892194475,0.0,3.9758475167410716,0.0,0.0,0.10714285714285714,0.08333333049501691,0.26785715988704134,0.22023810659136092,0.39285714285714285,0.3710317611694336,0.10714285714285714,0.08333333900996617,0.26785714285714285,0.22023810659136092,0.39285714285714285,0.3710317611694336
115,train,3.955100232972287,3.955100232972287,0.0,3.955100232972287,0.0,0.0,,,,,,,,,,,,
115,val,3.987799508231027,3.987799508231027,0.0,3.987799508231027,0.0,0.0,0.10515872921262469,0.08333333049501691,0.2519841194152832,0.2182539701461792,0.38492063113621305,0.36309521538870676,0.10515873772757393,0.08333333900996617,0.2519841194152832,0.2182539701461792,0.38492063113621305,0.36309524944850374
116,train,3.9512157097726384,3.9512157097726384,0.0,3.9512160909445746,0.0,0.0,,,,,,,,,,,,
116,val,3.9879559108189175,3.9879559108189175,0.0,3.9879559108189175,0.0,0.0,0.09920635393687657,0.08333333049501691,0.26190476758139475,0.23015873772757395,0.38888890402657644,0.3492063454219273,0.09920635393687657,0.08333333049501691,0.26190475055149626,0.23015873772757395,0.38888890402657644,0.3492063454219273
117,train,3.9479547838602653,3.9479547838602653,0.0,3.9479544026883295,0.0,0.0,,,,,,,,,,,,
117,val,4.007182529994419,4.007182529994419,0.0,4.007182802472796,0.0,0.0,0.09722222600664411,0.07738094670431954,0.25793651172092985,0.22222222600664412,0.38690478461129324,0.3392857142857143,0.09722222600664411,0.0773809552192688,0.25793651172092985,0.22222222600664412,0.38690475055149626,0.3392857142857143
118,train,3.946501756440281,3.946501756440281,0.0,3.946502137612217,0.0,0.0,,,,,,,,,,,,
118,val,4.01139886038644,4.01139886038644,0.0,4.011399405343192,0.0,0.0,0.09722222600664411,0.07738094670431954,0.25198415347508024,0.22817460128239223,0.38293654578072683,0.3412698337009975,0.09722222600664411,0.0773809552192688,0.2519841194152832,0.22817461831229074,0.38293651172092985,0.3412698337009975
119,train,3.941405868828064,3.941405868828064,0.0,3.94140625,0.0,0.0,,,,,,,,,,,,
119,val,4.005327769688198,4.005327769688198,0.0,4.005328042166574,0.0,0.0,0.08928571428571429,0.08730158635548182,0.25992063113621305,0.23611111300332205,0.3968254498073033,0.35912697655814035,0.08928571428571429,0.08730158635548182,0.25992063113621305,0.23611111300332205,0.3968254157475063,0.35912701061793734
120,train,3.9387643473116705,3.9387643473116705,0.0,3.9387647284836067,0.0,0.0,,,,,,,,,,,,
120,val,3.9875240325927734,3.9875240325927734,0.0,3.9875240325927734,0.0,0.0,0.09523809807641166,0.09126984221594674,0.25793651172092985,0.23015872069767543,0.39087302344185965,0.3432539531162807,0.0952380895614624,0.09126984221594674,0.25793651172092985,0.23015873772757395,0.39087298938206266,0.3432539871760777
121,train,3.9363229410616705,3.9363229410616705,0.0,3.9363233222336067,0.0,0.0,,,,,,,,,,,,
121,val,3.979541233607701,3.979541233607701,0.0,3.979540688650949,0.0,0.0,0.09722222600664411,0.09523809807641166,0.2519841194152832,0.23611111300332205,0.3948412963322231,0.35317461831229074,0.09722222600664411,0.09523809807641166,0.2519841194152832,0.23611111300332205,0.39484122821262907,0.35317461831229074
122,train,3.935675329942428,3.935675329942428,0.0,3.935675329942428,0.0,0.0,,,,,,,,,,,,
122,val,3.999038968767439,3.999038968767439,0.0,3.999038968767439,0.0,0.0,0.10119047335215978,0.0932539701461792,0.25992064816611155,0.22619046483721053,0.4067460468837193,0.36111113003322054,0.10119047335215978,0.0932539701461792,0.25992064816611155,0.22619048186710902,0.4067460128239223,0.36111113003322054
123,train,3.931587260928962,3.931587260928962,0.0,3.931587260928962,0.0,0.0,,,,,,,,,,,,
123,val,3.997361319405692,3.997361319405692,0.0,3.997361319405692,0.0,0.0,0.09722221749169487,0.10317460979734148,0.25793651172092985,0.2222222089767456,0.39880950110299246,0.3511904648372105,0.09722222600664411,0.10317460979734148,0.2579364946910313,0.2222222089767456,0.3988095351627895,0.35119049889700754
124,train,3.9287951764978533,3.9287951764978533,0.0,3.9287947953259175,0.0,0.0,,,,,,,,,,,,
124,val,3.9998558589390347,3.9998558589390347,0.0,3.9998558589390347,0.0,0.0,0.11309524093355451,0.10119047335215978,0.2519841364451817,0.22619046483721053,0.38888890402657644,0.3452380725315639,0.11309524093355451,0.10119048186710902,0.2519841364451817,0.22619048186710902,0.38888890402657644,0.3452380725315639
125,train,3.9241757538056206,3.9241757538056206,0.0,3.9241757538056206,0.0,0.0,,,,,,,,,,,,
125,val,3.9896387372698103,3.9896387372698103,0.0,3.989638464791434,0.0,0.0,0.11706348827907018,0.08928571428571429,0.26190476758139475,0.2182539701461792,0.384920597076416,0.3432539531162807,0.11706349679401942,0.08928571428571429,0.26190476758139475,0.21825395311628068,0.38492063113621305,0.3432539871760777
126,train,3.9206083656567134,3.9206083656567134,0.0,3.9206087468286497,0.0,0.0,,,,,,,,,,,,
126,val,4.002761023385184,4.002761023385184,0.0,4.002761023385184,0.0,0.0,0.09523809807641166,0.08531745842524938,0.2519841194152832,0.22023810659136092,0.38293651172092985,0.3392857142857143,0.0952380895614624,0.08531745842524938,0.2519841194152832,0.2202380895614624,0.38293651172092985,0.33928568022591726
127,train,3.9193863284299377,3.9193863284299377,0.0,3.9193863284299377,0.0,0.0,,,,,,,,,,,,
127,val,3.9928201947893416,3.9928201947893416,0.0,3.9928199223109653,0.0,0.0,0.08928571428571429,0.08730159487043108,0.25992063113621305,0.2202380895614624,0.4047619274684361,0.3472222260066441,0.08928571428571429,0.08730158635548182,0.25992063113621305,0.2202380895614624,0.4047618934086391,0.3472222260066441
128,train,3.9113199679205697,3.9113199679205697,0.0,3.9113199679205697,0.0,0.0,,,,,,,,,,,,
128,val,3.967885971069336,3.967885971069336,0.0,3.9678856985909596,0.0,0.0,0.10317460128239223,0.08730159487043108,0.26388888699667795,0.21031745842524938,0.38888886996677946,0.3511904648372105,0.10317460128239223,0.08730159487043108,0.26388888699667795,0.21031745842524938,0.38888890402657644,0.3511904648372105
129,train,3.91168856118267,3.91168856118267,0.0,3.91168856118267,0.0,0.0,,,,,,,,,,,,
129,val,3.9816221509660994,3.9816221509660994,0.0,3.981621878487723,0.0,0.0,0.10714285714285714,0.0932539701461792,0.25595239230564665,0.22817461831229074,0.40277773993355886,0.3492063113621303,0.10714285714285714,0.0932539701461792,0.2559523752757481,0.22817458425249373,0.4027777739933559,0.3492063454219273
130,train,3.9074476422228726,3.9074476422228726,0.0,3.907448023394809,0.0,0.0,,,,,,,,,,,,
130,val,3.994373321533203,3.994373321533203,0.0,3.994373321533203,0.0,0.0,0.11706349679401942,0.08531745842524938,0.2519841194152832,0.22420634542192733,0.3968254157475063,0.3492063113621303,0.11706349679401942,0.08531745842524938,0.2519841364451817,0.22420636245182582,0.3968254157475063,0.3492063454219273
131,train,3.90234375,3.90234375,0.0,3.902343368828064,0.0,0.0,,,,,,,,,,,,
131,val,3.98937497820173,3.98937497820173,0.0,3.989375250680106,0.0,0.0,0.11309523241860527,0.08928571428571429,0.26388890402657644,0.22817460128239223,0.39087298938206266,0.35119049889700754,0.11309524093355451,0.08928571428571429,0.26388888699667795,0.22817460128239223,0.39087298938206266,0.3511904648372105
132,train,3.901698425912373,3.901698425912373,0.0,3.9016988070843093,0.0,0.0,,,,,,,,,,,,
132,val,3.971362795148577,3.971362795148577,0.0,3.971362795148577,0.0,0.0,0.10714285714285714,0.09523809807641166,0.26587300641196115,0.21825395311628068,0.4007936545780727,0.3412698677607945,0.10714285714285714,0.09523809807641166,0.26587300641196115,0.2182539701461792,0.4007936545780727,0.3412698337009975
133,train,3.89788556303669,3.89788556303669,0.0,3.89788556303669,0.0,0.0,,,,,,,,,,,,
133,val,4.011750629970005,4.011750629970005,0.0,4.011750629970005,0.0,0.0,0.10714285714285714,0.09722221749169487,0.2519841364451817,0.22222222600664412,0.4047618934086391,0.3333333560398647,0.10714285714285714,0.09722222600664411,0.2519841364451817,0.2222222089767456,0.4047618934086391,0.33333332198006765
134,train,3.8961039654078844,3.8961039654078844,0.0,3.8961039654078844,0.0,0.0,,,,,,,,,,,,
134,val,4.001970836094448,4.001970836094448,0.0,4.001971108572824,0.0,0.0,0.10515872069767543,0.09920634542192731,0.26984127930232454,0.23015872069767543,0.4087301662990025,0.3313492366245815,0.10515872921262469,0.09920635393687657,0.26984126227242605,0.23015873772757395,0.4087301322392055,0.33134920256478445
135,train,3.8915150364705307,3.8915150364705307,0.0,3.891514655298595,0.0,0.0,,,,,,,,,,,,
135,val,3.986324037824358,3.986324037824358,0.0,3.986323765345982,0.0,0.0,0.09920634542192731,0.08531745842524938,0.27579363754817415,0.23809523241860525,0.4087301662990025,0.35119049889700754,0.09920634542192731,0.08531745842524938,0.2757936545780727,0.23809524944850377,0.40873020035879953,0.3511904648372105
136,train,3.891514655298595,3.891514655298595,0.0,3.891514655298595,0.0,0.0,,,,,,,,,,,,
136,val,4.026841572352818,4.026841572352818,0.0,4.0268418448311945,0.0,0.0,0.09722222600664411,0.07936508314950126,0.25793651172092985,0.2182539701461792,0.4027777739933559,0.33531744139535086,0.09722222600664411,0.07936508314950126,0.25793651172092985,0.21825395311628068,0.4027777739933559,0.33531744139535086
137,train,3.8863939915105385,3.8863939915105385,0.0,3.8863936103386028,0.0,0.0,,,,,,,,,,,,
137,val,4.022319248744419,4.022319248744419,0.0,4.022319248744419,0.0,0.0,0.10317460979734148,0.08134921107973371,0.2777777739933559,0.23611113003322057,0.39285714285714285,0.3373015948704311,0.10317460128239223,0.08134921107973371,0.2777777910232544,0.23611111300332205,0.3928571769169399,0.33730156081063406
138,train,3.8820989461358315,3.8820989461358315,0.0,3.8820993273077673,0.0,0.0,,,,,,,,,,,,
138,val,4.018191473824637,4.018191473824637,0.0,4.018191473824637,0.0,0.0,0.10317460128239223,0.08730157784053258,0.283730149269104,0.24206348827907018,0.39682538168770926,0.3472222260066441,0.10317460128239223,0.08730158635548182,0.2837301662990025,0.24206348827907018,0.3968254157475063,0.34722226006644114
139,train,3.8800566269028103,3.8800566269028103,0.0,3.880057008074746,0.0,0.0,,,,,,,,,,,,
139,val,4.007478713989258,4.007478713989258,0.0,4.007478441510882,0.0,0.0,0.10317460128239223,0.08134921107973371,0.2777777739933559,0.23214284011295863,0.4067460128239223,0.3492063454219273,0.10317460979734148,0.08134920256478446,0.2777777739933559,0.23214285714285715,0.4067460468837193,0.3492063454219273
140,train,3.8770331711065573,3.8770331711065573,0.0,3.8770331711065573,0.0,0.0,,,,,,,,,,,,
140,val,4.017620359148298,4.017620359148298,0.0,4.017620359148298,0.0,0.0,0.11309524093355451,0.08134920256478446,0.27182539871760775,0.24603172710963658,0.39285714285714285,0.3392857142857143,0.11309523241860527,0.08134921107973371,0.27182539871760775,0.2460317611694336,0.39285714285714285,0.3392857142857143
141,train,3.873505424838993,3.873505424838993,0.0,3.873505806010929,0.0,0.0,,,,,,,,,,,,
141,val,4.018685477120536,4.018685477120536,0.0,4.018685477120536,0.0,0.0,0.10119047335215978,0.0932539701461792,0.2777777739933559,0.22420634542192733,0.38690478461129324,0.3392857142857143,0.10119047335215978,0.0932539701461792,0.2777777739933559,0.22420634542192733,0.3869047164916992,0.3392857142857143
142,train,3.868752973141101,3.868752973141101,0.0,3.8687525919691645,0.0,0.0,,,,,,,,,,,,
142,val,4.0423703874860495,4.0423703874860495,0.0,4.0423703874860495,0.0,0.0,0.09722222600664411,0.09126983370099749,0.26388888699667795,0.22619046483721053,0.38888890402657644,0.3333333560398647,0.09722222600664411,0.09126984221594674,0.26388888699667795,0.22619048186710902,0.38888890402657644,0.33333332198006765
143,train,3.866112976312451,3.866112976312451,0.0,3.866113738656323,0.0,0.0,,,,,,,,,,,,
143,val,4.0478106907435825,4.0478106907435825,0.0,4.0478106907435825,0.0,0.0,0.09920635393687657,0.08531745842524938,0.26190475055149626,0.2142857313156128,0.3948412963322231,0.3353174754551479,0.09920634542192731,0.08531746694019862,0.26190475055149626,0.21428571428571427,0.39484126227242605,0.33531744139535086
144,train,3.86535787470726,3.86535787470726,0.0,3.86535787470726,0.0,0.0,,,,,,,,,,,,
144,val,4.072391510009766,4.072391510009766,0.0,4.0723917824881415,0.0,0.0,0.09722222600664411,0.08531745842524938,0.26388888699667795,0.22222222600664412,0.3988095351627895,0.3452381065913609,0.09722222600664411,0.08531745842524938,0.26388888699667795,0.22222222600664412,0.3988095351627895,0.3452380725315639
145,train,3.8589099702380953,3.8589099702380953,0.0,3.8589099702380953,0.0,0.0,,,,,,,,,,,,
145,val,4.080527169363839,4.080527169363839,0.0,4.080527169363839,0.0,0.0,0.09920635393687657,0.09126984221594674,0.25992063113621305,0.21428571428571427,0.39682538168770926,0.3392857142857143,0.09920635393687657,0.09126984221594674,0.25992063113621305,0.21428571428571427,0.39682538168770926,0.3392857142857143
146,train,3.8548775523272836,3.8548775523272836,0.0,3.8548775523272836,0.0,0.0,,,,,,,,,,,,
146,val,4.051799774169922,4.051799774169922,0.0,4.051800046648298,0.0,0.0,0.1111111044883728,0.0952380895614624,0.26984126227242605,0.23214287417275564,0.40277773993355886,0.3511904648372105,0.11111111300332206,0.09523809807641166,0.26984127930232454,0.23214285714285715,0.4027777739933559,0.3511904648372105
147,train,3.8553303845872366,3.8553303845872366,0.0,3.8553303845872366,0.0,0.0,,,,,,,,,,,,
147,val,4.0446480342320035,4.0446480342320035,0.0,4.044647761753628,0.0,0.0,0.1091269850730896,0.08333333049501691,0.2777778080531529,0.24404762472425187,0.39880950110299246,0.3452381065913609,0.1091269850730896,0.08333333900996617,0.2777777739933559,0.24404762472425187,0.3988095351627895,0.3452381065913609
148,train,3.8515571635928962,3.8515571635928962,0.0,3.8515571635928962,0.0,0.0,,,,,,,,,,,,
148,val,4.078535897391183,4.078535897391183,0.0,4.078535897391183,0.0,0.0,0.10119047335215978,0.079365074634552,0.26984126227242605,0.23015873772757395,0.37698415347508024,0.33333332198006765,0.10119048186710902,0.079365074634552,0.26984126227242605,0.23015872069767543,0.3769841194152832,0.3333333560398647
149,train,3.847596024834114,3.847596024834114,0.0,3.847595643662178,0.0,0.0,,,,,,,,,,,,
149,val,4.048547199794224,4.048547199794224,0.0,4.048547199794224,0.0,0.0,0.09523809807641166,0.08730158635548182,0.26190476758139475,0.23015873772757395,0.37698415347508024,0.3392857142857143,0.09523809807641166,0.08730158635548182,0.26190475055149626,0.23015873772757395,0.37698415347508024,0.3392857142857143
150,train,3.8480724897540983,3.8480724897540983,0.0,3.8480724897540983,0.0,0.0,,,,,,,,,,,,
150,val,4.023098809378488,4.023098809378488,0.0,4.023098536900112,0.0,0.0,0.10119047335215978,0.08531745842524938,0.2757936545780727,0.23015873772757395,0.3988095351627895,0.3412698337009975,0.10119047335215978,0.08531745842524938,0.2757936545780727,0.23015873772757395,0.3988095351627895,0.3412698337009975
151,train,3.8413531908665104,3.8413531908665104,0.0,3.8413531908665104,0.0,0.0,,,,,,,,,,,,
151,val,4.026955468314035,4.026955468314035,0.0,4.026955468314035,0.0,0.0,0.09920635393687657,0.0932539701461792,0.29166667801993235,0.24206350530896867,0.41269843918936594,0.35317461831229074,0.09920634542192731,0.0932539701461792,0.2916666439601353,0.24206348827907018,0.4126984051295689,0.3531745842524937
152,train,3.836857267881538,3.836857267881538,0.0,3.836857267881538,0.0,0.0,,,,,,,,,,,,
152,val,4.027136938912528,4.027136938912528,0.0,4.027137211390904,0.0,0.0,0.09722222600664411,0.09722221749169487,0.283730149269104,0.23214284011295863,0.4067460128239223,0.35317461831229074,0.09722222600664411,0.09722221749169487,0.283730149269104,0.23214285714285715,0.4067460468837193,0.3531745842524937
153,train,3.832522961797424,3.832522961797424,0.0,3.832522961797424,0.0,0.0,,,,,,,,,,,,
153,val,4.066174370901925,4.066174370901925,0.0,4.066174370901925,0.0,0.0,0.09920634542192731,0.09722221749169487,0.2757936716079712,0.23611111300332205,0.4007936545780727,0.3472222260066441,0.09920635393687657,0.09722222600664411,0.27579363754817415,0.23611111300332205,0.4007936545780727,0.34722226006644114
154,train,3.833221649956089,3.833221649956089,0.0,3.833221649956089,0.0,0.0,,,,,,,,,,,,
154,val,4.056888580322266,4.056888580322266,0.0,4.056888580322266,0.0,0.0,0.10515872921262469,0.09523809807641166,0.25992063113621305,0.23611109597342356,0.4126984051295689,0.3492063113621303,0.10515873772757393,0.09523809807641166,0.2599206141063145,0.23611111300332205,0.4126984051295689,0.3492063113621303
155,train,3.829921082162373,3.829921082162373,0.0,3.8299214633343093,0.0,0.0,,,,,,,,,,,,
155,val,4.051903860909598,4.051903860909598,0.0,4.051904133387974,0.0,0.0,0.10119047335215978,0.09126984221594674,0.27182539871760775,0.23809524944850377,0.4067460468837193,0.3511904648372105,0.10119048186710902,0.09126984221594674,0.27182539871760775,0.23809524944850377,0.4067460468837193,0.3511904648372105
156,train,3.825162531713505,3.825162531713505,0.0,3.825162531713505,0.0,0.0,,,,,,,,,,,,
156,val,4.05101067679269,4.05101067679269,0.0,4.05101067679269,0.0,0.0,0.09722221749169487,0.09126984221594674,0.2817460128239223,0.24603174413953507,0.4027777739933559,0.35317461831229074,0.09722222600664411,0.09126984221594674,0.2817460128239223,0.2460317611694336,0.4027777739933559,0.3531745842524937
157,train,3.8210519735558157,3.8210519735558157,0.0,3.8210519735558157,0.0,0.0,,,,,,,,,,,,
157,val,4.053554807390485,4.053554807390485,0.0,4.053554807390485,0.0,0.0,0.10317460979734148,0.08928571428571429,0.25992063113621305,0.24801586355481828,0.39880950110299246,0.35714289120265413,0.10317460979734148,0.08928571428571429,0.25992063113621305,0.2480158805847168,0.39880950110299246,0.35714285714285715
158,train,3.8169795325917253,3.8169795325917253,0.0,3.8169795325917253,0.0,0.0,,,,,,,,,,,,
158,val,4.071138109479632,4.071138109479632,0.0,4.071138109479632,0.0,0.0,0.09722222600664411,0.10119047335215978,0.25793651172092985,0.24007935183388845,0.4067460468837193,0.3511904648372105,0.09722222600664411,0.10119048186710902,0.25793651172092985,0.24007936886378697,0.4067460468837193,0.3511904307774135
159,train,3.8135764295472288,3.8135764295472288,0.0,3.8135768107191645,0.0,0.0,,,,,,,,,,,,
159,val,4.077309199741909,4.077309199741909,0.0,4.077308654785156,0.0,0.0,0.10714285714285714,0.09722221749169487,0.26587302344185965,0.23412697655814035,0.38888890402657644,0.35912697655814035,0.10714285714285714,0.09722222600664411,0.26587302344185965,0.23412699358803885,0.38888890402657644,0.35912697655814035
160,train,3.813289788251366,3.813289788251366,0.0,3.813289788251366,0.0,0.0,,,,,,,,,,,,
160,val,4.051937920706613,4.051937920706613,0.0,4.051937648228237,0.0,0.0,0.09920635393687657,0.09126984221594674,0.2698412963322231,0.23214285714285715,0.384920597076416,0.36111109597342356,0.09920635393687657,0.09126984221594674,0.26984126227242605,0.23214285714285715,0.38492063113621305,0.36111113003322054
161,train,3.808570117339969,3.808570117339969,0.0,3.8085697361680326,0.0,0.0,,,,,,,,,,,,
161,val,4.06952040536063,4.06952040536063,0.0,4.069520132882254,0.0,0.0,0.10714285714285714,0.0932539701461792,0.26785714285714285,0.24206348827907018,0.3988095351627895,0.34722226006644114,0.10714285714285714,0.0932539701461792,0.26785714285714285,0.24206348827907018,0.3988095351627895,0.3472222260066441
162,train,3.8050065409104215,3.8050065409104215,0.0,3.8050065409104215,0.0,0.0,,,,,,,,,,,,
162,val,4.052784783499582,4.052784783499582,0.0,4.052784783499582,0.0,0.0,0.09920635393687657,0.09722222600664411,0.2777777910232544,0.24007935183388845,0.4027777739933559,0.3472222260066441,0.09920635393687657,0.09722222600664411,0.2777777739933559,0.24007936886378697,0.4027777739933559,0.3472221919468471
163,train,3.8017414221067525,3.8017414221067525,0.0,3.8017414221067525,0.0,0.0,,,,,,,,,,,,
163,val,4.058854511805943,4.058854511805943,0.0,4.058854239327567,0.0,0.0,0.10317460979734148,0.09920634542192731,0.2738095351627895,0.2519841364451817,0.4047618934086391,0.36111109597342356,0.10317460979734148,0.09920635393687657,0.27380951813289095,0.2519841194152832,0.4047619274684361,0.36111109597342356
164,train,3.7982079582601482,3.7982079582601482,0.0,3.7982079582601482,0.0,0.0,,,,,,,,,,,,
164,val,4.076695305960519,4.076695305960519,0.0,4.076695305960519,0.0,0.0,0.1091269850730896,0.0952380895614624,0.27182539871760775,0.25793652875082834,0.4027778080531529,0.35515877178737093,0.1091269850730896,0.09523809807641166,0.27182539871760775,0.2579364946910313,0.4027778080531529,0.3551587036677769
165,train,3.795569104947307,3.795569104947307,0.0,3.795568723775371,0.0,0.0,,,,,,,,,,,,
165,val,4.086619513375418,4.086619513375418,0.0,4.0866192408970425,0.0,0.0,0.10317460128239223,0.09126983370099749,0.2738095351627895,0.25,0.39484122821262907,0.3412698677607945,0.10317460128239223,0.09126984221594674,0.27380950110299246,0.25,0.39484126227242605,0.3412698337009975
166,train,3.7960364217408276,3.7960364217408276,0.0,3.7960364217408276,0.0,0.0,,,,,,,,,,,,
166,val,4.110542297363281,4.110542297363281,0.0,4.110542024884905,0.0,0.0,0.08928571428571429,0.07738094670431954,0.2777777739933559,0.24007935183388845,0.4067460468837193,0.3472222260066441,0.08928571428571429,0.0773809552192688,0.2777777739933559,0.24007936886378697,0.4067460468837193,0.3472221919468471
167,train,3.790531536641296,3.790531536641296,0.0,3.7905319178132317,0.0,0.0,,,,,,,,,,,,
167,val,4.069859640938895,4.069859640938895,0.0,4.069859368460519,0.0,0.0,0.09722222600664411,0.09722221749169487,0.26984127930232454,0.22817460128239223,0.4007936545780727,0.35119049889700754,0.09722222600664411,0.09722222600664411,0.26984126227242605,0.22817461831229074,0.4007936886378697,0.3511904648372105
168,train,3.789887737241413,3.789887737241413,0.0,3.789887737241413,0.0,0.0,,,,,,,,,,,,
168,val,4.067904608590262,4.067904608590262,0.0,4.067904608590262,0.0,0.0,0.10515872921262469,0.09920635393687657,0.2797619104385376,0.23214285714285715,0.39285714285714285,0.36111109597342356,0.10515872921262469,0.09920635393687657,0.2797618934086391,0.23214285714285715,0.39285714285714285,0.36111109597342356
169,train,3.7824819476971117,3.7824819476971117,0.0,3.7824819476971117,0.0,0.0,,,,,,,,,,,,
169,val,4.100139072963169,4.100139072963169,0.0,4.100139072963169,0.0,0.0,0.09920634542192731,0.08730158635548182,0.25992063113621305,0.226190447807312,0.4067460128239223,0.33134920256478445,0.09920635393687657,0.08730158635548182,0.25992063113621305,0.22619048186710902,0.4067460468837193,0.33134920256478445
170,train,3.778045868706089,3.778045868706089,0.0,3.778045868706089,0.0,0.0,,,,,,,,,,,,
170,val,4.096952983311245,4.096952983311245,0.0,4.096953255789621,0.0,0.0,0.10119047335215978,0.09722222600664411,0.26587300641196115,0.23214285714285715,0.4146825245448521,0.3492063454219273,0.10119048186710902,0.09722222600664411,0.26587300641196115,0.23214285714285715,0.4146825245448521,0.3492063113621303
171,train,3.7776932846653004,3.7776932846653004,0.0,3.7776936658372366,0.0,0.0,,,,,,,,,,,,
171,val,4.0726318359375,4.0726318359375,0.0,4.0726318359375,0.0,0.0,0.11309523241860527,0.10317460128239223,0.2777777910232544,0.23809524944850377,0.4067460468837193,0.3432539531162807,0.11309523241860527,0.10317460979734148,0.2777777739933559,0.23809523241860525,0.4067460128239223,0.3432539531162807
172,train,3.772334388417252,3.772334388417252,0.0,3.772334388417252,0.0,0.0,,,,,,,,,,,,
172,val,4.094323294503348,4.094323294503348,0.0,4.094322749546596,0.0,0.0,0.11309523241860527,0.09523809807641166,0.26984126227242605,0.22817460128239223,0.4126984051295689,0.3412698677607945,0.11309524093355451,0.09523809807641166,0.26984126227242605,0.22817458425249373,0.41269843918936594,0.3412698337009975
173,train,3.7723439177156517,3.7723439177156517,0.0,3.7723439177156517,0.0,0.0,,,,,,,,,,,,
173,val,4.108054024832589,4.108054024832589,0.0,4.1080537523542136,0.0,0.0,0.10119047335215978,0.0952380895614624,0.27182539871760775,0.23412699358803885,0.4067460468837193,0.3373015948704311,0.10119047335215978,0.09523809807641166,0.27182538168770926,0.23412697655814035,0.4067460128239223,0.3373015948704311
174,train,3.7697031585431304,3.7697031585431304,0.0,3.769703539715066,0.0,0.0,,,,,,,,,,,,
174,val,4.0798492431640625,4.0798492431640625,0.0,4.0798492431640625,0.0,0.0,0.09523809807641166,0.09523809807641166,0.2857142857142857,0.23809524944850377,0.4027777739933559,0.3551587036677769,0.09523809807641166,0.09523809807641166,0.28571431977408274,0.23809524944850377,0.4027777739933559,0.35515873772757395
175,train,3.762731523833919,3.762731523833919,0.0,3.762731523833919,0.0,0.0,,,,,,,,,,,,
175,val,4.077838897705078,4.077838897705078,0.0,4.077839170183454,0.0,0.0,0.10714285714285714,0.08928571428571429,0.2876984051295689,0.23611113003322057,0.38690475055149626,0.3690476417541504,0.10714285714285714,0.08928571428571429,0.2876984051295689,0.23611113003322057,0.3869047164916992,0.36904760769435335
176,train,3.7602436146077283,3.7602436146077283,0.0,3.7602432334357925,0.0,0.0,,,,,,,,,,,,
176,val,4.0894590105329245,4.0894590105329245,0.0,4.0894590105329245,0.0,0.0,0.09920635393687657,0.09523809807641166,0.2837301662990025,0.24007936886378697,0.38888886996677946,0.35714285714285715,0.09920634542192731,0.09523809807641166,0.283730149269104,0.24007936886378697,0.3888888359069824,0.35714285714285715
177,train,3.754568726824746,3.754568726824746,0.0,3.754568726824746,0.0,0.0,,,,,,,,,,,,
177,val,4.084212166922433,4.084212166922433,0.0,4.084212166922433,0.0,0.0,0.10119047335215978,0.09920635393687657,0.2876984051295689,0.23611111300332205,0.39682538168770926,0.3511904648372105,0.10119047335215978,0.09920635393687657,0.2876984051295689,0.23611113003322057,0.3968254157475063,0.3511904648372105
178,train,3.753319245218579,3.753319245218579,0.0,3.753319245218579,0.0,0.0,,,,,,,,,,,,
178,val,4.072278159005301,4.072278159005301,0.0,4.072278159005301,0.0,0.0,0.10714284862790789,0.09920634542192731,0.2837301662990025,0.23214284011295863,0.4007936545780727,0.3492063113621303,0.10714285714285714,0.09920635393687657,0.2837301662990025,0.23214287417275564,0.4007936545780727,0.3492063454219273
179,train,3.750701356362217,3.750701356362217,0.0,3.750701356362217,0.0,0.0,,,,,,,,,,,,
179,val,4.078179223196847,4.078179223196847,0.0,4.078179223196847,0.0,0.0,0.11111111300332206,0.09523809807641166,0.2876984051295689,0.22222222600664412,0.4107142857142857,0.35515873772757395,0.11111111300332206,0.09523809807641166,0.2876984051295689,0.22222222600664412,0.4107142857142857,0.35515873772757395
180,train,3.7477979697258004,3.7477979697258004,0.0,3.7477979697258004,0.0,0.0,,,,,,,,,,,,
180,val,4.067593710763114,4.067593710763114,0.0,4.067593710763114,0.0,0.0,0.12103175265448433,0.10317459276744298,0.2837301662990025,0.23412699358803885,0.4007936545780727,0.3492063454219273,0.12103174413953509,0.10317460128239223,0.2837301662990025,0.23412697655814035,0.4007936545780727,0.3492063454219273
181,train,3.742583156469555,3.742583156469555,0.0,3.742583156469555,0.0,0.0,,,,,,,,,,,,
181,val,4.091264997209821,4.091264997209821,0.0,4.091264997209821,0.0,0.0,0.11309523241860527,0.09722222600664411,0.2757936545780727,0.22817460128239223,0.4067460128239223,0.3492063113621303,0.11309524093355451,0.09722221749169487,0.27579363754817415,0.22817461831229074,0.4067460468837193,0.34920637948172434
182,train,3.740265631098751,3.740265631098751,0.0,3.740265631098751,0.0,0.0,,,,,,,,,,,,
182,val,4.104580198015485,4.104580198015485,0.0,4.104580470493862,0.0,0.0,0.11309523241860527,0.09920635393687657,0.2757936545780727,0.22222222600664412,0.4047619274684361,0.35119049889700754,0.11309524093355451,0.09920634542192731,0.27579363754817415,0.22222222600664412,0.4047618934086391,0.3511904648372105
183,train,3.738284299375488,3.738284299375488,0.0,3.738284299375488,0.0,0.0,,,,,,,,,,,,
183,val,4.1331073216029575,4.1331073216029575,0.0,4.133107594081333,0.0,0.0,0.10119047335215978,0.09126984221594674,0.2738095351627895,0.22222222600664412,0.4027777739933559,0.3412698337009975,0.10119047335215978,0.09126984221594674,0.27380951813289095,0.22222222600664412,0.4027778080531529,0.3412698337009975
184,train,3.7338691848409447,3.7338691848409447,0.0,3.7338691848409447,0.0,0.0,,,,,,,,,,,,
184,val,4.134565080915179,4.134565080915179,0.0,4.134565080915179,0.0,0.0,0.1111111044883728,0.09126983370099749,0.2797619274684361,0.22420634542192733,0.4067460468837193,0.3432539531162807,0.11111111300332206,0.09126984221594674,0.2797619104385376,0.22420634542192733,0.4067460468837193,0.3432539531162807
185,train,3.7286501786934036,3.7286501786934036,0.0,3.7286501786934036,0.0,0.0,,,,,,,,,,,,
185,val,4.1229128156389505,4.1229128156389505,0.0,4.122912543160575,0.0,0.0,0.10515872921262469,0.09920634542192731,0.2757936545780727,0.23412697655814035,0.4027777739933559,0.3392857142857143,0.10515873772757393,0.09920634542192731,0.2757936545780727,0.23412699358803885,0.4027777739933559,0.3392857142857143
186,train,3.7285907158713893,3.7285907158713893,0.0,3.7285910970433256,0.0,0.0,,,,,,,,,,,,
186,val,4.141557693481445,4.141557693481445,0.0,4.141557965959821,0.0,0.0,0.10515872921262469,0.08730158635548182,0.26785714285714285,0.22420634542192733,0.4027777739933559,0.35714285714285715,0.10515873772757393,0.08730158635548182,0.26785714285714285,0.22420634542192733,0.40277773993355886,0.35714285714285715
187,train,3.725839416837432,3.725839416837432,0.0,3.725839416837432,0.0,0.0,,,,,,,,,,,,
187,val,4.114761080060687,4.114761080060687,0.0,4.114761080060687,0.0,0.0,0.10714285714285714,0.08928571428571429,0.26190478461129324,0.23015872069767543,0.4007936545780727,0.35714285714285715,0.10714285714285714,0.08928571428571429,0.26190476758139475,0.23015872069767543,0.4007936545780727,0.35714285714285715
188,train,3.719422387295082,3.719422387295082,0.0,3.719422387295082,0.0,0.0,,,,,,,,,,,,
188,val,4.130178724016462,4.130178724016462,0.0,4.130178724016462,0.0,0.0,0.1091269850730896,0.09722221749169487,0.26785714285714285,0.23214285714285715,0.39682538168770926,0.3492063454219273,0.1091269850730896,0.09722222600664411,0.26785714285714285,0.23214287417275564,0.39682538168770926,0.34920637948172434
189,train,3.7154059786055815,3.7154059786055815,0.0,3.7154055974336457,0.0,0.0,,,,,,,,,,,,
189,val,4.136346272059849,4.136346272059849,0.0,4.136346272059849,0.0,0.0,0.10912697655814034,0.10515872921262469,0.2757936545780727,0.2500000170298985,0.39682538168770926,0.35515873772757395,0.1091269850730896,0.10515873772757393,0.2757936545780727,0.25,0.3968254157475063,0.35515873772757395
190,train,3.7114734277419985,3.7114734277419985,0.0,3.7114734277419985,0.0,0.0,,,,,,,,,,,,
190,val,4.135514395577567,4.135514395577567,0.0,4.135514395577567,0.0,0.0,0.11904761620930263,0.0932539701461792,0.2500000170298985,0.22817458425249373,0.39682538168770926,0.3452381065913609,0.11904762472425189,0.0932539701461792,0.25,0.22817460128239223,0.3968254157475063,0.3452380725315639
191,train,3.709386511392467,3.709386511392467,0.0,3.7093868925644027,0.0,0.0,,,,,,,,,,,,
191,val,4.113489423479352,4.113489423479352,0.0,4.113489423479352,0.0,0.0,0.11507936034883771,0.08531745842524938,0.26388890402657644,0.22619046483721053,0.39682538168770926,0.3452380725315639,0.11507936886378697,0.08531746694019862,0.26388888699667795,0.22619046483721053,0.39682538168770926,0.3452380725315639
192,train,3.7069454863144027,3.7069454863144027,0.0,3.7069454863144027,0.0,0.0,,,,,,,,,,,,
192,val,4.133237566266741,4.133237566266741,0.0,4.133237293788365,0.0,0.0,0.09920634542192731,0.0952380895614624,0.26785714285714285,0.23412697655814035,0.4107142516544887,0.3511904648372105,0.09920635393687657,0.09523809807641166,0.26785715988704134,0.23412697655814035,0.4107142857142857,0.3511904648372105
193,train,3.7025338023272836,3.7025338023272836,0.0,3.7025338023272836,0.0,0.0,,,,,,,,,,,,
193,val,4.1553955078125,4.1553955078125,0.0,4.1553955078125,0.0,0.0,0.1111111044883728,0.0932539701461792,0.26984126227242605,0.24007936886378697,0.4087301322392055,0.35714285714285715,0.11111111300332206,0.0932539701461792,0.26984126227242605,0.24007936886378697,0.4087301662990025,0.35714285714285715
194,train,3.702472814817525,3.702472814817525,0.0,3.702472814817525,0.0,0.0,,,,,,,,,,,,
194,val,4.115136555262974,4.115136555262974,0.0,4.115136555262974,0.0,0.0,0.11904761620930263,0.10119047335215978,0.2738095351627895,0.22619046483721053,0.39880950110299246,0.36111109597342356,0.11904762472425189,0.10119047335215978,0.27380951813289095,0.22619046483721053,0.3988095351627895,0.36111109597342356
195,train,3.6941423021565183,3.6941423021565183,0.0,3.6941423021565183,0.0,0.0,,,,,,,,,,,,
195,val,4.114354269845145,4.114354269845145,0.0,4.114353997366769,0.0,0.0,0.11309523241860527,0.09722221749169487,0.2777777910232544,0.24206348827907018,0.3988095351627895,0.36706348827907015,0.11309523241860527,0.09722221749169487,0.2777777739933559,0.24206348827907018,0.39880950110299246,0.36706348827907015
196,train,3.6926667855923108,3.6926667855923108,0.0,3.6926667855923108,0.0,0.0,,,,,,,,,,,,
196,val,4.103151048932757,4.103151048932757,0.0,4.103151048932757,0.0,0.0,0.11309523241860527,0.10515872921262469,0.27777775696345736,0.24404760769435338,0.3988095351627895,0.35912697655814035,0.11309524093355451,0.10515873772757393,0.27777775696345736,0.24404760769435338,0.39880950110299246,0.35912697655814035
197,train,3.690361457723458,3.690361457723458,0.0,3.690361457723458,0.0,0.0,,,,,,,,,,,,
197,val,4.106746128627232,4.106746128627232,0.0,4.106746128627232,0.0,0.0,0.1091269850730896,0.10515872921262469,0.2837301662990025,0.24206348827907018,0.39484122821262907,0.36111109597342356,0.1091269850730896,0.10515872921262469,0.2837301322392055,0.24206348827907018,0.39484126227242605,0.36111109597342356
198,train,3.686663708772443,3.686663708772443,0.0,3.686663708772443,0.0,0.0,,,,,,,,,,,,
198,val,4.104608263288226,4.104608263288226,0.0,4.104608263288226,0.0,0.0,0.11507936034883771,0.10119047335215978,0.2777777739933559,0.25,0.41865079743521555,0.3551587036677769,0.11507936886378697,0.10119048186710902,0.27777775696345736,0.25,0.4186507633754185,0.35515873772757395
199,train,3.6801601532006245,3.6801601532006245,0.0,3.6801597720286887,0.0,0.0,,,,,,,,,,,,
199,val,4.114508492606027,4.114508492606027,0.0,4.114508492606027,0.0,0.0,0.11507936034883771,0.08730158635548182,0.27182538168770926,0.23611113003322057,0.4107142857142857,0.3452381065913609,0.11507936886378697,0.08730159487043108,0.27182536465781076,0.23611109597342356,0.4107142857142857,0.3452380725315639
200,train,3.6794191549570647,3.6794191549570647,0.0,3.6794191549570647,0.0,0.0,,,,,,,,,,,,
200,val,4.104437964303153,4.104437964303153,0.0,4.104438236781529,0.0,0.0,0.11507936034883771,0.09920635393687657,0.2876984051295689,0.23412697655814035,0.4047619274684361,0.36904760769435335,0.11507936886378697,0.09920635393687657,0.2876984051295689,0.23412697655814035,0.40476185934884207,0.36904760769435335
201,train,3.678098394198868,3.678098394198868,0.0,3.678098394198868,0.0,0.0,,,,,,,,,,,,
201,val,4.1238444192068915,4.1238444192068915,0.0,4.123844691685268,0.0,0.0,0.09920635393687657,0.09126984221594674,0.2876984051295689,0.23214284011295863,0.4067460128239223,0.35912697655814035,0.09920635393687657,0.09126984221594674,0.28769843918936594,0.23214287417275564,0.4067460128239223,0.35912697655814035
202,train,3.669405387026737,3.669405387026737,0.0,3.669405768198673,0.0,0.0,,,,,,,,,,,,
202,val,4.1157746996198386,4.1157746996198386,0.0,4.1157746996198386,0.0,0.0,0.11111111300332206,0.09523809807641166,0.2757936545780727,0.23611109597342356,0.4047618934086391,0.36904760769435335,0.11111111300332206,0.09523809807641166,0.27579363754817415,0.23611111300332205,0.4047618934086391,0.36904760769435335
203,train,3.6685065836016784,3.6685065836016784,0.0,3.6685065836016784,0.0,0.0,,,,,,,,,,,,
203,val,4.111482620239258,4.111482620239258,0.0,4.111482347760882,0.0,0.0,0.1091269850730896,0.08730158635548182,0.2797619104385376,0.23214285714285715,0.4107142857142857,0.36706348827907015,0.1091269850730896,0.08730158635548182,0.2797618934086391,0.23214284011295863,0.4107142516544887,0.36706348827907015
204,train,3.6642290721360267,3.6642290721360267,0.0,3.6642286909640904,0.0,0.0,,,,,,,,,,,,
204,val,4.1197468893868585,4.1197468893868585,0.0,4.119747161865234,0.0,0.0,0.1091269850730896,0.08928571428571429,0.27380951813289095,0.23809523241860525,0.39484126227242605,0.35912697655814035,0.1091269850730896,0.08928571428571429,0.27380950110299246,0.23809524944850377,0.3948412963322231,0.35912697655814035
205,train,3.6628560908225993,3.6628560908225993,0.0,3.6628560908225993,0.0,0.0,,,,,,,,,,,,
205,val,4.124878474644253,4.124878474644253,0.0,4.124878202165876,0.0,0.0,0.10317460128239223,0.09126984221594674,0.26388890402657644,0.2460317611694336,0.41666667801993235,0.35714285714285715,0.10317460128239223,0.09126984221594674,0.26388890402657644,0.2460317611694336,0.4166666439601353,0.35714285714285715
206,train,3.659698843676815,3.659698843676815,0.0,3.659698462504879,0.0,0.0,,,,,,,,,,,,
206,val,4.139741352626255,4.139741352626255,0.0,4.139741080147879,0.0,0.0,0.10317460128239223,0.0952380895614624,0.2857142857142857,0.24603174413953507,0.41269843918936594,0.3531745842524937,0.10317460128239223,0.09523809807641166,0.2857142857142857,0.24603174413953507,0.4126983710697719,0.3531745842524937
207,train,3.654499658469945,3.654499658469945,0.0,3.6545000396418814,0.0,0.0,,,,,,,,,,,,
207,val,4.108396802629743,4.108396802629743,0.0,4.108396802629743,0.0,0.0,0.09920634542192731,0.10119047335215978,0.2738095351627895,0.23809523241860525,0.41865079743521555,0.3690476417541504,0.09920635393687657,0.10119048186710902,0.27380950110299246,0.23809523241860525,0.41865083149501253,0.36904760769435335
208,train,3.6476820172228726,3.6476820172228726,0.0,3.6476820172228726,0.0,0.0,,,,,,,,,,,,
208,val,4.122710909162249,4.122710909162249,0.0,4.122711181640625,0.0,0.0,0.11309524093355451,0.0932539701461792,0.283730149269104,0.23809523241860525,0.4126983710697719,0.37103172710963656,0.11309524093355451,0.0932539701461792,0.283730149269104,0.23809524944850377,0.4126984051295689,0.3710317611694336
209,train,3.6473549717017955,3.6473549717017955,0.0,3.6473549717017955,0.0,0.0,,,,,,,,,,,,
209,val,4.120606013706753,4.120606013706753,0.0,4.120605741228376,0.0,0.0,0.11904761620930263,0.10119048186710902,0.27182538168770926,0.2519841194152832,0.4206348827907017,0.36309521538870676,0.11904761620930263,0.10119047335215978,0.27182539871760775,0.2519841023853847,0.42063495091029574,0.36309524944850374
210,train,3.642189329625293,3.642189329625293,0.0,3.642189329625293,0.0,0.0,,,,,,,,,,,,
210,val,4.142192023141043,4.142192023141043,0.0,4.142192023141043,0.0,0.0,0.11507936886378697,0.09523809807641166,0.2817460128239223,0.25992063113621305,0.40873020035879953,0.35515873772757395,0.11507936034883771,0.09523809807641166,0.2817460128239223,0.25992063113621305,0.4087301662990025,0.35515873772757395
211,train,3.6398085297131146,3.6398085297131146,0.0,3.6398085297131146,0.0,0.0,,,,,,,,,,,,
211,val,4.138583864484515,4.138583864484515,0.0,4.138583864484515,0.0,0.0,0.10714285714285714,0.0932539701461792,0.29166667801993235,0.25992063113621305,0.3888889380863735,0.3710317611694336,0.10714285714285714,0.0932539701461792,0.29166667801993235,0.25992063113621305,0.38888886996677946,0.3710317611694336
212,train,3.6348182267271665,3.6348182267271665,0.0,3.6348182267271665,0.0,0.0,,,,,,,,,,,,
212,val,4.150890622820173,4.150890622820173,0.0,4.150890350341797,0.0,0.0,0.11507936886378697,0.09722221749169487,0.28373018332890104,0.24206348827907018,0.4107142857142857,0.3531745842524937,0.11507936886378697,0.09722222600664411,0.2837301662990025,0.24206348827907018,0.4107142857142857,0.35317461831229074
213,train,3.6333282256293913,3.6333282256293913,0.0,3.6333282256293913,0.0,0.0,,,,,,,,,,,,
213,val,4.161881038120815,4.161881038120815,0.0,4.161881038120815,0.0,0.0,0.10714285714285714,0.0932539701461792,0.2916666439601353,0.24603174413953507,0.41865079743521555,0.36309524944850374,0.10714285714285714,0.0932539701461792,0.29166667801993235,0.24603174413953507,0.41865079743521555,0.36309521538870676
214,train,3.6288917654664323,3.6288917654664323,0.0,3.6288917654664323,0.0,0.0,,,,,,,,,,,,
214,val,4.155338832310268,4.155338832310268,0.0,4.155339104788644,0.0,0.0,0.1111111044883728,0.09722222600664411,0.29960318974086214,0.24404762472425187,0.4166666439601353,0.35515873772757395,0.11111111300332206,0.09722222600664411,0.29960318974086214,0.24404760769435338,0.41666667801993235,0.35515873772757395
215,train,3.6264305382757613,3.6264305382757613,0.0,3.6264305382757613,0.0,0.0,,,,,,,,,,,,
215,val,4.134829384940011,4.134829384940011,0.0,4.134829384940011,0.0,0.0,0.10912697655814034,0.09920635393687657,0.30158730915614534,0.24404762472425187,0.4107142857142857,0.3531745842524937,0.1091269850730896,0.09920635393687657,0.30158730915614534,0.24404760769435338,0.4107142516544887,0.35317461831229074
216,train,3.6212042898614363,3.6212042898614363,0.0,3.6212042898614363,0.0,0.0,,,,,,,,,,,,
216,val,4.157387052263532,4.157387052263532,0.0,4.157387052263532,0.0,0.0,0.11706348827907018,0.10515872921262469,0.2896825245448521,0.23809524944850377,0.41666667801993235,0.35515873772757395,0.11706349679401942,0.10515872921262469,0.2896825245448521,0.23809523241860525,0.4166666439601353,0.35515873772757395
217,train,3.6226626536885247,3.6226626536885247,0.0,3.6226630348604605,0.0,0.0,,,,,,,,,,,,
217,val,4.163526262555804,4.163526262555804,0.0,4.16352653503418,0.0,0.0,0.11706348827907018,0.09126984221594674,0.2797619104385376,0.24206348827907018,0.4067460468837193,0.36507936886378695,0.11706349679401942,0.09126984221594674,0.2797619274684361,0.24206350530896867,0.4067460468837193,0.365079402923584
218,train,3.61566852983509,3.61566852983509,0.0,3.61566852983509,0.0,0.0,,,,,,,,,,,,
218,val,4.156021390642438,4.156021390642438,0.0,4.156021663120815,0.0,0.0,0.11111111300332206,0.0932539701461792,0.29166667801993235,0.24404760769435338,0.4027777739933559,0.35912701061793734,0.11111111300332206,0.0932539701461792,0.2916666439601353,0.24404762472425187,0.4027777739933559,0.35912697655814035
219,train,3.610422460480094,3.610422460480094,0.0,3.610422460480094,0.0,0.0,,,,,,,,,,,,
219,val,4.158818108694894,4.158818108694894,0.0,4.158818108694894,0.0,0.0,0.11706348827907018,0.0932539701461792,0.28968255860464914,0.24206348827907018,0.40476185934884207,0.36111113003322054,0.11706348827907018,0.0932539701461792,0.2896825245448521,0.24206350530896867,0.4047619274684361,0.36111109597342356
220,train,3.604453307962529,3.604453307962529,0.0,3.6044536891344654,0.0,0.0,,,,,,,,,,,,
220,val,4.167500904628208,4.167500904628208,0.0,4.167501449584961,0.0,0.0,0.11904761620930263,0.0932539701461792,0.2876984051295689,0.25,0.39682538168770926,0.3511904648372105,0.11904762472425189,0.0932539701461792,0.28769843918936594,0.25,0.39682538168770926,0.35119049889700754
221,train,3.6049842804693597,3.6049842804693597,0.0,3.6049842804693597,0.0,0.0,,,,,,,,,,,,
221,val,4.177440098353794,4.177440098353794,0.0,4.177440098353794,0.0,0.0,0.11309524093355451,0.09722222600664411,0.283730149269104,0.24404760769435338,0.4126984051295689,0.3511904648372105,0.11309524093355451,0.09722222600664411,0.283730149269104,0.24404762472425187,0.41269843918936594,0.3511904307774135
222,train,3.6003126372218968,3.6003126372218968,0.0,3.6003126372218968,0.0,0.0,,,,,,,,,,,,
222,val,4.171582085745675,4.171582085745675,0.0,4.171582358224051,0.0,0.0,0.09523809807641166,0.08730158635548182,0.29563491685049875,0.23809524944850377,0.4107142857142857,0.36309524944850374,0.0952380895614624,0.08730158635548182,0.29563491685049875,0.23809523241860525,0.4107142857142857,0.36309524944850374
223,train,3.5966347092115534,3.5966347092115534,0.0,3.5966347092115534,0.0,0.0,,,,,,,,,,,,
223,val,4.165057863507952,4.165057863507952,0.0,4.1650575910295755,0.0,0.0,0.10714285714285714,0.0932539701461792,0.30158730915614534,0.23809523241860525,0.4007936886378697,0.3531745842524937,0.10714285714285714,0.0932539701461792,0.30158730915614534,0.23809523241860525,0.4007936545780727,0.3531745842524937
224,train,3.5912365522540983,3.5912365522540983,0.0,3.5912369334260346,0.0,0.0,,,,,,,,,,,,
224,val,4.160316467285156,4.160316467285156,0.0,4.160316467285156,0.0,0.0,0.11507936034883771,0.0932539701461792,0.29960318974086214,0.24007935183388845,0.42063491685049875,0.3531745842524937,0.11507936886378697,0.0932539701461792,0.29960318974086214,0.24007935183388845,0.42063491685049875,0.35317461831229074
225,train,3.5887250103678765,3.5887250103678765,0.0,3.5887253915398127,0.0,0.0,,,,,,,,,,,,
225,val,4.180755615234375,4.180755615234375,0.0,4.180755615234375,0.0,0.0,0.11309524093355451,0.09722221749169487,0.29365079743521555,0.24007936886378697,0.4047619274684361,0.3511904307774135,0.11309523241860527,0.09722221749169487,0.2936507633754185,0.24007938589368547,0.4047618934086391,0.3511904648372105
226,train,3.5880915026102653,3.5880915026102653,0.0,3.5880918837822016,0.0,0.0,,,,,,,,,,,,
226,val,4.16028812953404,4.16028812953404,0.0,4.160288402012417,0.0,0.0,0.11309523241860527,0.09126984221594674,0.2857142857142857,0.2500000170298985,0.42460318974086214,0.35714285714285715,0.11309524093355451,0.09126984221594674,0.2857142857142857,0.24999998297010148,0.42460315568106516,0.35714285714285715
227,train,3.5823136984045667,3.5823136984045667,0.0,3.5823136984045667,0.0,0.0,,,,,,,,,,,,
227,val,4.16095324925014,4.16095324925014,0.0,4.160953521728516,0.0,0.0,0.1091269850730896,0.08928571428571429,0.27182539871760775,0.24206348827907018,0.4186507633754185,0.3531745842524937,0.1091269850730896,0.08928571428571429,0.27182538168770926,0.24206348827907018,0.4186507633754185,0.35317461831229074
228,train,3.58019400126854,3.58019400126854,0.0,3.5801936200966042,0.0,0.0,,,,,,,,,,,,
228,val,4.164121082850865,4.164121082850865,0.0,4.164121082850865,0.0,0.0,0.1071428656578064,0.09126984221594674,0.2916666439601353,0.23214287417275564,0.42460315568106516,0.35912697655814035,0.1071428656578064,0.09126984221594674,0.29166667801993235,0.23214285714285715,0.42460315568106516,0.35912697655814035
229,train,3.573117163104996,3.573117163104996,0.0,3.573117163104996,0.0,0.0,,,,,,,,,,,,
229,val,4.143005916050503,4.143005916050503,0.0,4.1430061885288785,0.0,0.0,0.11111112151827131,0.0932539701461792,0.2916666439601353,0.24801586355481828,0.41865083149501253,0.3531745842524937,0.11111112151827131,0.0932539701461792,0.29166667801993235,0.24801586355481828,0.41865083149501253,0.35317461831229074
230,train,3.5726201149004684,3.5726201149004684,0.0,3.5726201149004684,0.0,0.0,,,,,,,,,,,,
230,val,4.141753060477121,4.141753060477121,0.0,4.141753060477121,0.0,0.0,0.11309524093355451,0.09126984221594674,0.27579363754817415,0.25,0.42261907032557894,0.35912697655814035,0.11309524093355451,0.09126984221594674,0.2757936545780727,0.25,0.42261903626578196,0.35912697655814035
231,train,3.567578734875098,3.567578734875098,0.0,3.567578734875098,0.0,0.0,,,,,,,,,,,,
231,val,4.1587677001953125,4.1587677001953125,0.0,4.158767972673688,0.0,0.0,0.12103175265448433,0.08928571428571429,0.28769843918936594,0.24801586355481828,0.4107142857142857,0.3710317611694336,0.12103175265448433,0.08928571428571429,0.2876984051295689,0.24801586355481828,0.4107142857142857,0.37103172710963656
232,train,3.564188591676425,3.564188591676425,0.0,3.564188591676425,0.0,0.0,,,,,,,,,,,,
232,val,4.145974840436663,4.145974840436663,0.0,4.145974840436663,0.0,0.0,0.10515872921262469,0.08531745842524938,0.27182538168770926,0.25,0.41666667801993235,0.3710317611694336,0.10515873772757393,0.08531745842524938,0.27182539871760775,0.2500000170298985,0.41666667801993235,0.3710316930498396
233,train,3.558344463553864,3.558344463553864,0.0,3.558344463553864,0.0,0.0,,,,,,,,,,,,
233,val,4.145568302699497,4.145568302699497,0.0,4.145567757742746,0.0,0.0,0.10912697655814034,0.09126984221594674,0.2876984051295689,0.25,0.41269843918936594,0.36706348827907015,0.1091269850730896,0.09126984221594674,0.2876984051295689,0.2500000170298985,0.4126984051295689,0.36706348827907015
234,train,3.555335492291179,3.555335492291179,0.0,3.5553351111192426,0.0,0.0,,,,,,,,,,,,
234,val,4.143660954066685,4.143660954066685,0.0,4.1436614990234375,0.0,0.0,0.09920635393687657,0.08730158635548182,0.29365079743521555,0.25,0.42063491685049875,0.38690475055149626,0.09920635393687657,0.08730159487043108,0.2936507633754185,0.25,0.42063495091029574,0.38690475055149626
235,train,3.5519144741656907,3.5519144741656907,0.0,3.551914855337627,0.0,0.0,,,,,,,,,,,,
235,val,4.147147042410714,4.147147042410714,0.0,4.147147042410714,0.0,0.0,0.10515872921262469,0.09722222600664411,0.29960318974086214,0.2519841194152832,0.42857142857142855,0.37103172710963656,0.10515872921262469,0.09722222600664411,0.29960318974086214,0.2519841364451817,0.42857142857142855,0.3710317611694336
236,train,3.5474894491608118,3.5474894491608118,0.0,3.5474894491608118,0.0,0.0,,,,,,,,,,,,
236,val,4.160551343645368,4.160551343645368,0.0,4.160551343645368,0.0,0.0,0.11309523241860527,0.09722222600664411,0.2817460298538208,0.2480158805847168,0.4186507633754185,0.36904760769435335,0.11309524093355451,0.09722222600664411,0.2817460468837193,0.2480158805847168,0.41865079743521555,0.36904760769435335
237,train,3.5454501793032787,3.5454501793032787,0.0,3.545450560475215,0.0,0.0,,,,,,,,,,,,
237,val,4.155133383614676,4.155133383614676,0.0,4.155133383614676,0.0,0.0,0.10515872921262469,0.0952380895614624,0.2817460468837193,0.2519841194152832,0.42460315568106516,0.3730158805847168,0.10515872921262469,0.09523809807641166,0.2817460128239223,0.2519841194152832,0.42460315568106516,0.37301584652491976
238,train,3.541725367144809,3.541725367144809,0.0,3.541725367144809,0.0,0.0,,,,,,,,,,,,
238,val,4.162220818655832,4.162220818655832,0.0,4.162220546177456,0.0,0.0,0.10515872921262469,0.0952380895614624,0.2837301662990025,0.25595239230564665,0.41865079743521555,0.35912697655814035,0.10515872921262469,0.09523809807641166,0.2837301662990025,0.25595240933554514,0.41865079743521555,0.35912697655814035
239,train,3.535341118388954,3.535341118388954,0.0,3.535340737217018,0.0,0.0,,,,,,,,,,,,
239,val,4.169719696044922,4.169719696044922,0.0,4.169719696044922,0.0,0.0,0.10714285714285714,0.0932539701461792,0.2757936545780727,0.25,0.4087301662990025,0.35317461831229074,0.10714285714285714,0.0932539701461792,0.2757936716079712,0.25,0.4087301662990025,0.35317461831229074
240,train,3.5302913525809916,3.5302913525809916,0.0,3.5302913525809916,0.0,0.0,,,,,,,,,,,,
240,val,4.177371978759766,4.177371978759766,0.0,4.177371978759766,0.0,0.0,0.11904761620930263,0.09126984221594674,0.27579363754817415,0.24206348827907018,0.41468255860464914,0.3690476417541504,0.11904761620930263,0.09126984221594674,0.27579363754817415,0.24206348827907018,0.4146825245448521,0.36904760769435335
241,train,3.526580643784153,3.526580643784153,0.0,3.526580643784153,0.0,0.0,,,,,,,,,,,,
241,val,4.190179007393973,4.190179007393973,0.0,4.190179007393973,0.0,0.0,0.11309524093355451,0.09126984221594674,0.2817460298538208,0.24206348827907018,0.4146825245448521,0.36507933480398996,0.11309524093355451,0.09126984221594674,0.2817460128239223,0.24206348827907018,0.4146825245448521,0.365079402923584
242,train,3.5256178034738483,3.5256178034738483,0.0,3.5256178034738483,0.0,0.0,,,,,,,,,,,,
242,val,4.151686532156808,4.151686532156808,0.0,4.151686532156808,0.0,0.0,0.10714285714285714,0.09920635393687657,0.2817460298538208,0.24404760769435338,0.42261903626578196,0.3730158805847168,0.10714285714285714,0.09920635393687657,0.2817460298538208,0.24404762472425187,0.42261903626578196,0.37301584652491976
243,train,3.519108911494926,3.519108911494926,0.0,3.519108911494926,0.0,0.0,,,,,,,,,,,,
243,val,4.128544671194894,4.128544671194894,0.0,4.12854494367327,0.0,0.0,0.11507936886378697,0.11309524093355451,0.3055555820465088,0.26190476758139475,0.43253966740199495,0.36111109597342356,0.11507936886378697,0.11309524093355451,0.30555554798671175,0.26190476758139475,0.432539701461792,0.36111113003322054
244,train,3.516848943086456,3.516848943086456,0.0,3.5168485619145198,0.0,0.0,,,,,,,,,,,,
244,val,4.157015664236886,4.157015664236886,0.0,4.157015936715262,0.0,0.0,0.11706348827907018,0.1111111044883728,0.2956348827907017,0.2519841194152832,0.42460315568106516,0.36507933480398996,0.11706348827907018,0.11111111300332206,0.29563491685049875,0.2519841364451817,0.42460318974086214,0.36507936886378695
245,train,3.517328838553864,3.517328838553864,0.0,3.5173292197258004,0.0,0.0,,,,,,,,,,,,
245,val,4.168055398123605,4.168055398123605,0.0,4.168055670601981,0.0,0.0,0.11904761620930263,0.10119048186710902,0.27380950110299246,0.24206350530896867,0.42658730915614534,0.35317461831229074,0.11904762472425189,0.10119047335215978,0.27380950110299246,0.24206348827907018,0.42658727509634836,0.3531745842524937
246,train,3.5099329594798987,3.5099329594798987,0.0,3.5099329594798987,0.0,0.0,,,,,,,,,,,,
246,val,4.186511993408203,4.186511993408203,0.0,4.186511993408203,0.0,0.0,0.1091269850730896,0.09523809807641166,0.2718254157475063,0.25,0.42261907032557894,0.35119049889700754,0.10912697655814034,0.09523809807641166,0.27182539871760775,0.25,0.42261903626578196,0.35119049889700754
247,train,3.509127924351093,3.509127924351093,0.0,3.509127924351093,0.0,0.0,,,,,,,,,,,,
247,val,4.184982572283063,4.184982572283063,0.0,4.1849822998046875,0.0,0.0,0.12103174413953509,0.08730158635548182,0.2757936545780727,0.24801586355481828,0.42063491685049875,0.35714285714285715,0.12103174413953509,0.08730158635548182,0.2757936545780727,0.2480158805847168,0.42063491685049875,0.3571428230830601
248,train,3.5007833083284545,3.5007833083284545,0.0,3.5007833083284545,0.0,0.0,,,,,,,,,,,,
248,val,4.160486493791852,4.160486493791852,0.0,4.160486493791852,0.0,0.0,0.12103174413953509,0.08928571428571429,0.30158730915614534,0.26388886996677946,0.42460315568106516,0.3730158805847168,0.12103173562458583,0.08928571428571429,0.30158727509634836,0.26388888699667795,0.42460315568106516,0.3730158805847168
249,train,3.501141228776347,3.501141228776347,0.0,3.501141228776347,0.0,0.0,,,,,,,,,,,,
249,val,4.149300166538784,4.149300166538784,0.0,4.149300166538784,0.0,0.0,0.1111111044883728,0.08928571428571429,0.29563491685049875,0.2559523752757481,0.43452378681727816,0.3730158805847168,0.11111111300332206,0.08928571428571429,0.29563491685049875,0.2559523752757481,0.43452385493687223,0.37301584652491976
250,train,3.495486924277908,3.495486924277908,0.0,3.495487305449844,0.0,0.0,,,,,,,,,,,,
250,val,4.129248210362026,4.129248210362026,0.0,4.129248482840402,0.0,0.0,0.11904761620930263,0.09523809807641166,0.2817460298538208,0.25595239230564665,0.42460315568106516,0.37103172710963656,0.11904761620930263,0.09523809807641166,0.2817460128239223,0.2559523582458496,0.42460318974086214,0.3710317611694336
251,train,3.4907451453942233,3.4907451453942233,0.0,3.490745526566159,0.0,0.0,,,,,,,,,,,,
251,val,4.123649597167969,4.123649597167969,0.0,4.123649597167969,0.0,0.0,0.12301587206976754,0.10119047335215978,0.2896825245448521,0.25595239230564665,0.41865083149501253,0.3730158805847168,0.12301587206976754,0.10119047335215978,0.28968255860464914,0.2559523752757481,0.41865079743521555,0.3730158805847168
252,train,3.483791806937939,3.483791806937939,0.0,3.483791425766003,0.0,0.0,,,,,,,,,,,,
252,val,4.131804330008371,4.131804330008371,0.0,4.131804057529995,0.0,0.0,0.12698412793023245,0.09523809807641166,0.2857142686843872,0.2519841194152832,0.42261907032557894,0.3789682388305664,0.12698412793023245,0.09523809807641166,0.2857142857142857,0.2519841364451817,0.42261903626578196,0.3789682388305664
253,train,3.47985696904274,3.47985696904274,0.0,3.47985696904274,0.0,0.0,,,,,,,,,,,,
253,val,4.145848410470145,4.145848410470145,0.0,4.145848410470145,0.0,0.0,0.1091269850730896,0.09126984221594674,0.2896825245448521,0.2480158805847168,0.42460318974086214,0.36507933480398996,0.1091269850730896,0.09126984221594674,0.2896825245448521,0.24801586355481828,0.42460315568106516,0.36507936886378695
254,train,3.4789215731118266,3.4789215731118266,0.0,3.478921954283763,0.0,0.0,,,,,,,,,,,,
254,val,4.164460863385882,4.164460863385882,0.0,4.164460863385882,0.0,0.0,0.10714284862790789,0.08928571428571429,0.2817460468837193,0.2519841364451817,0.4305555820465088,0.38492063113621305,0.10714285714285714,0.08928571428571429,0.2817460468837193,0.25198415347508024,0.43055554798671175,0.38492066519601004
255,train,3.4751193830503513,3.4751193830503513,0.0,3.4751193830503513,0.0,0.0,,,,,,,,,,,,
255,val,4.144151142665318,4.144151142665318,0.0,4.144151142665318,0.0,0.0,0.11507936034883771,0.09920634542192731,0.2777777739933559,0.25992063113621305,0.45039684431893484,0.37301584652491976,0.11507936034883771,0.09920635393687657,0.2777777739933559,0.25992063113621305,0.45039684431893484,0.37301584652491976
256,train,3.4704199142515613,3.4704199142515613,0.0,3.470420295423497,0.0,0.0,,,,,,,,,,,,
256,val,4.143043518066406,4.143043518066406,0.0,4.143043518066406,0.0,0.0,0.11309523241860527,0.09920634542192731,0.29761903626578196,0.26388890402657644,0.41666667801993235,0.36706345421927317,0.11309524093355451,0.09920635393687657,0.29761907032557894,0.26388886996677946,0.41666667801993235,0.3670635223388672
257,train,3.4615915910421546,3.4615915910421546,0.0,3.4615912098702184,0.0,0.0,,,,,,,,,,,,
257,val,4.16156005859375,4.16156005859375,0.0,4.161560603550503,0.0,0.0,0.11309523241860527,0.09920634542192731,0.2896825245448521,0.2579364946910313,0.4146825245448521,0.36904760769435335,0.11309524093355451,0.09920635393687657,0.28968255860464914,0.25793651172092985,0.4146825245448521,0.36904760769435335
258,train,3.4641599275468384,3.4641599275468384,0.0,3.464159546374902,0.0,0.0,,,,,,,,,,,,
258,val,4.176117488316128,4.176117488316128,0.0,4.1761177607945035,0.0,0.0,0.11904761620930263,0.09920635393687657,0.2817460128239223,0.24801586355481828,0.41666667801993235,0.38492063113621305,0.11904761620930263,0.09920635393687657,0.2817460298538208,0.2480158805847168,0.41666667801993235,0.38492063113621305
259,train,3.4565932834455504,3.4565932834455504,0.0,3.456593664617486,0.0,0.0,,,,,,,,,,,,
259,val,4.189589364188058,4.189589364188058,0.0,4.189589364188058,0.0,0.0,0.11507936034883771,0.09920635393687657,0.30158730915614534,0.2539682558604649,0.42261907032557894,0.3769841194152832,0.11507936886378697,0.09920635393687657,0.30158730915614534,0.2539682558604649,0.42261903626578196,0.37698415347508024
260,train,3.4563939305230287,3.4563939305230287,0.0,3.4563939305230287,0.0,0.0,,,,,,,,,,,,
260,val,4.153177261352539,4.153177261352539,0.0,4.153176988874163,0.0,0.0,0.12301587206976754,0.10119048186710902,0.2876984051295689,0.25595239230564665,0.43849209376743864,0.36904760769435335,0.12301586355481829,0.10119047335215978,0.2876984051295689,0.2559523752757481,0.4384920597076416,0.3690476417541504
261,train,3.4495099653590944,3.4495099653590944,0.0,3.4495099653590944,0.0,0.0,,,,,,,,,,,,
261,val,4.1628731318882535,4.1628731318882535,0.0,4.1628731318882535,0.0,0.0,0.12896825586046493,0.10119048186710902,0.2817460468837193,0.26984126227242605,0.43253966740199495,0.375,0.12896825586046493,0.10119048186710902,0.2817460468837193,0.26984126227242605,0.432539701461792,0.375
262,train,3.447644891076308,3.447644891076308,0.0,3.447644891076308,0.0,0.0,,,,,,,,,,,,
262,val,4.163427897862026,4.163427897862026,0.0,4.163427625383649,0.0,0.0,0.13293651172092982,0.0932539701461792,0.29761903626578196,0.26785715988704134,0.42063491685049875,0.3908729553222656,0.13293650320598058,0.0932539701461792,0.29761907032557894,0.26785714285714285,0.42063491685049875,0.39087302344185965
263,train,3.441894912421936,3.441894912421936,0.0,3.441894912421936,0.0,0.0,,,,,,,,,,,,
263,val,4.182170322963169,4.182170322963169,0.0,4.182170322963169,0.0,0.0,0.13095238379069737,0.09920633690697807,0.2777777739933559,0.2539682558604649,0.44642857142857145,0.36309521538870676,0.13095237527574813,0.09920635393687657,0.2777777739933559,0.2539682558604649,0.44642860548836844,0.36309524944850374
264,train,3.4395602343140124,3.4395602343140124,0.0,3.4395602343140124,0.0,0.0,,,,,,,,,,,,
264,val,4.170865195138114,4.170865195138114,0.0,4.17086546761649,0.0,0.0,0.13095238379069737,0.10714285714285714,0.29960318974086214,0.26785714285714285,0.4384920597076416,0.3710317611694336,0.13095237527574813,0.10714285714285714,0.29960318974086214,0.26785714285714285,0.43849209376743864,0.37103172710963656
265,train,3.43793224897541,3.43793224897541,0.0,3.43793224897541,0.0,0.0,,,,,,,,,,,,
265,val,4.158760070800781,4.158760070800781,0.0,4.158760070800781,0.0,0.0,0.13095238379069737,0.10714285714285714,0.3134920597076416,0.2738095351627895,0.44047621318272184,0.375,0.13095237527574813,0.10714285714285714,0.3134920597076416,0.27380951813289095,0.4404761791229248,0.375
266,train,3.427126786934036,3.427126786934036,0.0,3.427126786934036,0.0,0.0,,,,,,,,,,,,
266,val,4.142673492431641,4.142673492431641,0.0,4.142673492431641,0.0,0.0,0.13095238379069737,0.10317460128239223,0.31349202564784456,0.26984126227242605,0.45436504908970426,0.39087302344185965,0.13095237527574813,0.10317460128239223,0.3134920597076416,0.26984126227242605,0.45436504908970426,0.39087298938206266
267,train,3.4271020107581966,3.4271020107581966,0.0,3.4271020107581966,0.0,0.0,,,,,,,,,,,,
267,val,4.164715903145926,4.164715903145926,0.0,4.164715903145926,0.0,0.0,0.12896824734551565,0.10714284862790789,0.3134920597076416,0.26190475055149626,0.45634916850498747,0.3789682388305664,0.12896825586046493,0.10714285714285714,0.3134920597076416,0.26190476758139475,0.45634920256478445,0.37896827289036344
268,train,3.421746545057572,3.421746545057572,0.0,3.4217461638856363,0.0,0.0,,,,,,,,,,,,
268,val,4.150368826729911,4.150368826729911,0.0,4.150368826729911,0.0,0.0,0.12301587206976754,0.09920635393687657,0.3134920597076416,0.26587302344185965,0.44841269084385466,0.38690478461129324,0.12301587206976754,0.09920634542192731,0.31349202564784456,0.26587300641196115,0.44841269084385466,0.3869047164916992
269,train,3.4198433535811867,3.4198433535811867,0.0,3.4198433535811867,0.0,0.0,,,,,,,,,,,,
269,val,4.149591718401227,4.149591718401227,0.0,4.149591718401227,0.0,0.0,0.11904761620930263,0.11507936034883771,0.30158730915614534,0.2718254157475063,0.45039681025913786,0.37301584652491976,0.11904762472425189,0.11507936886378697,0.30158730915614534,0.27182539871760775,0.45039681025913786,0.3730158805847168
270,train,3.414055638905152,3.414055638905152,0.0,3.414055638905152,0.0,0.0,,,,,,,,,,,,
270,val,4.172139031546457,4.172139031546457,0.0,4.1721393040248325,0.0,0.0,0.11904761620930263,0.11507936886378697,0.28769843918936594,0.2539682388305664,0.44841269084385466,0.3769841194152832,0.11904762472425189,0.11507936886378697,0.2876984051295689,0.25396827289036344,0.44841269084385466,0.3769841194152832
271,train,3.410594597726386,3.410594597726386,0.0,3.4105949788983216,0.0,0.0,,,,,,,,,,,,
271,val,4.149594443184989,4.149594443184989,0.0,4.149594443184989,0.0,0.0,0.13492063965116227,0.11507936034883771,0.30158727509634836,0.26190475055149626,0.45436504908970426,0.3789682388305664,0.13492063965116227,0.11507936886378697,0.30158730915614534,0.26190475055149626,0.45436508314950125,0.3789682388305664
272,train,3.404243510928962,3.404243510928962,0.0,3.404243510928962,0.0,0.0,,,,,,,,,,,,
272,val,4.144434792654855,4.144434792654855,0.0,4.144434792654855,0.0,0.0,0.12301587206976754,0.10317460128239223,0.30357142857142855,0.2579364946910313,0.44841269084385466,0.375,0.12301587206976754,0.10317460979734148,0.30357142857142855,0.25793651172092985,0.44841272490365164,0.375
273,train,3.4010847390954333,3.4010847390954333,0.0,3.4010847390954333,0.0,0.0,,,,,,,,,,,,
273,val,4.178928920200893,4.178928920200893,0.0,4.178928920200893,0.0,0.0,0.125,0.10515872921262469,0.29761903626578196,0.26190476758139475,0.43452385493687223,0.38888890402657644,0.12499999148505074,0.10515873772757393,0.29761907032557894,0.26190476758139475,0.4345238208770752,0.38888890402657644
274,train,3.4006894637978142,3.4006894637978142,0.0,3.4006894637978142,0.0,0.0,,,,,,,,,,,,
274,val,4.148752212524414,4.148752212524414,0.0,4.148751940046038,0.0,0.0,0.13293651172092982,0.10119046483721052,0.2896825245448521,0.27182539871760775,0.432539701461792,0.4007936545780727,0.13293651172092982,0.10119047335215978,0.2896825245448521,0.27182539871760775,0.432539701461792,0.4007936545780727
275,train,3.391662931181694,3.391662931181694,0.0,3.391662931181694,0.0,0.0,,,,,,,,,,,,
275,val,4.175294058663504,4.175294058663504,0.0,4.175294058663504,0.0,0.0,0.13690476758139475,0.09920635393687657,0.30158727509634836,0.27380951813289095,0.44642857142857145,0.39484126227242605,0.13690476758139475,0.09920635393687657,0.30158730915614534,0.2738095351627895,0.44642860548836844,0.39484126227242605
276,train,3.3906962791520296,3.3906962791520296,0.0,3.3906962791520296,0.0,0.0,,,,,,,,,,,,
276,val,4.192576817103794,4.192576817103794,0.0,4.192576817103794,0.0,0.0,0.11904761620930263,0.10317460128239223,0.30555554798671175,0.26587300641196115,0.4345238208770752,0.375,0.11904762472425189,0.10317460128239223,0.30555554798671175,0.26587300641196115,0.43452385493687223,0.375
277,train,3.388094780688915,3.388094780688915,0.0,3.388094780688915,0.0,0.0,,,,,,,,,,,,
277,val,4.194770268031529,4.194770268031529,0.0,4.194770812988281,0.0,0.0,0.125,0.10119048186710902,0.30357142857142855,0.273809552192688,0.44642857142857145,0.3730158805847168,0.125,0.10119047335215978,0.30357142857142855,0.2738095351627895,0.44642857142857145,0.3730158805847168
278,train,3.3794177827380953,3.3794177827380953,0.0,3.379418163910031,0.0,0.0,,,,,,,,,,,,
278,val,4.182848521641323,4.182848521641323,0.0,4.182848521641323,0.0,0.0,0.12698412793023245,0.10714285714285714,0.30555554798671175,0.2777777910232544,0.43849202564784456,0.39484122821262907,0.1269841194152832,0.10714285714285714,0.30555554798671175,0.27777775696345736,0.4384920597076416,0.39484126227242605
279,train,3.380278468969555,3.380278468969555,0.0,3.380278468969555,0.0,0.0,,,,,,,,,,,,
279,val,4.204468045915876,4.204468045915876,0.0,4.204468318394253,0.0,0.0,0.12103174413953509,0.11309524093355451,0.29761907032557894,0.2738095351627895,0.44642857142857145,0.38492066519601004,0.12103175265448433,0.11309524093355451,0.29761907032557894,0.2738095351627895,0.44642857142857145,0.38492063113621305
280,train,3.369175311646175,3.369175311646175,0.0,3.369175311646175,0.0,0.0,,,,,,,,,,,,
280,val,4.172174453735352,4.172174453735352,0.0,4.172174453735352,0.0,0.0,0.12103175265448433,0.10317459276744298,0.30357142857142855,0.26388888699667795,0.44246033259800505,0.38492063113621305,0.12103175265448433,0.10317460128239223,0.30357142857142855,0.26388888699667795,0.44246033259800505,0.38492063113621305
281,train,3.3703390295667446,3.3703390295667446,0.0,3.3703390295667446,0.0,0.0,,,,,,,,,,,,
281,val,4.158038003104074,4.158038003104074,0.0,4.158038003104074,0.0,0.0,0.12103174413953509,0.10912697655814034,0.29365079743521555,0.2817460128239223,0.44246033259800505,0.38690478461129324,0.12103175265448433,0.10912699358803886,0.29365079743521555,0.2817460468837193,0.44246033259800505,0.38690475055149626
282,train,3.367154719213505,3.367154719213505,0.0,3.367154719213505,0.0,0.0,,,,,,,,,,,,
282,val,4.170394080025809,4.170394080025809,0.0,4.170394080025809,0.0,0.0,0.12896825586046493,0.11706348827907018,0.29563491685049875,0.27182539871760775,0.4384920597076416,0.38888890402657644,0.12896825586046493,0.11706349679401942,0.29563491685049875,0.2718254157475063,0.43849209376743864,0.38888886996677946
283,train,3.3599082595384466,3.3599082595384466,0.0,3.3599082595384466,0.0,0.0,,,,,,,,,,,,
283,val,4.182000023978097,4.182000023978097,0.0,4.182000023978097,0.0,0.0,0.13690476758139475,0.10317460128239223,0.30158730915614534,0.25992063113621305,0.44841269084385466,0.38293651172092985,0.13690475906644547,0.10317460128239223,0.30158730915614534,0.25992063113621305,0.44841269084385466,0.3829364776611328
284,train,3.3559406408567525,3.3559406408567525,0.0,3.3559406408567525,0.0,0.0,,,,,,,,,,,,
284,val,4.157785960606167,4.157785960606167,0.0,4.1577862330845425,0.0,0.0,0.13095238379069737,0.10714284862790789,0.29960318974086214,0.26984127930232454,0.44642857142857145,0.3908729553222656,0.13095238379069737,0.10714285714285714,0.29960318974086214,0.26984126227242605,0.4464285373687744,0.39087302344185965
285,train,3.350440710992389,3.350440710992389,0.0,3.350440710992389,0.0,0.0,,,,,,,,,,,,
285,val,4.19658442905971,4.19658442905971,0.0,4.19658442905971,0.0,0.0,0.11904762472425189,0.10317460128239223,0.29761907032557894,0.27182538168770926,0.44642857142857145,0.38888886996677946,0.11904761620930263,0.10317460128239223,0.29761907032557894,0.2718254157475063,0.44642857142857145,0.38888890402657644
286,train,3.3457096049229116,3.3457096049229116,0.0,3.3457096049229116,0.0,0.0,,,,,,,,,,,,
286,val,4.199141366141183,4.199141366141183,0.0,4.199141638619559,0.0,0.0,0.12301587206976754,0.10515872921262469,0.30158730915614534,0.26587302344185965,0.44841269084385466,0.38888886996677946,0.12301587206976754,0.10515873772757393,0.30158730915614534,0.26587300641196115,0.44841269084385466,0.38888890402657644
287,train,3.3473002354117876,3.3473002354117876,0.0,3.3473002354117876,0.0,0.0,,,,,,,,,,,,
287,val,4.171873910086496,4.171873910086496,0.0,4.17187363760812,0.0,0.0,0.125,0.10317460979734148,0.29365079743521555,0.26785714285714285,0.42857142857142855,0.39484126227242605,0.125,0.10317460979734148,0.29365079743521555,0.26785714285714285,0.4285714626312256,0.39484126227242605
288,train,3.3394012093823187,3.3394012093823187,0.0,3.3394015905542545,0.0,0.0,,,,,,,,,,,,
288,val,4.174493789672852,4.174493789672852,0.0,4.174493517194476,0.0,0.0,0.12896825586046493,0.09920635393687657,0.29761907032557894,0.26984127930232454,0.4345238208770752,0.39682538168770926,0.12896825586046493,0.09920635393687657,0.29761907032557894,0.26984126227242605,0.4345238208770752,0.3968254157475063
289,train,3.336115888466042,3.336115888466042,0.0,3.3361162696379782,0.0,0.0,,,,,,,,,,,,
289,val,4.181630543300083,4.181630543300083,0.0,4.18163081577846,0.0,0.0,0.12103174413953509,0.10317460979734148,0.29365079743521555,0.26190476758139475,0.4444444179534912,0.38690478461129324,0.12103174413953509,0.10317460979734148,0.29365079743521555,0.26190476758139475,0.44444445201328825,0.38690475055149626
290,train,3.3275642960821625,3.3275642960821625,0.0,3.3275642960821625,0.0,0.0,,,,,,,,,,,,
290,val,4.189031873430524,4.189031873430524,0.0,4.189031873430524,0.0,0.0,0.125,0.08928571428571429,0.29365079743521555,0.26984126227242605,0.4464285373687744,0.375,0.125,0.08928571428571429,0.2936507633754185,0.26984126227242605,0.44642857142857145,0.375
291,train,3.323390082211163,3.323390082211163,0.0,3.3233904633830993,0.0,0.0,,,,,,,,,,,,
291,val,4.202307564871652,4.202307564871652,0.0,4.202307837350028,0.0,0.0,0.12301587206976754,0.0932539701461792,0.2956348827907017,0.26388890402657644,0.4404761791229248,0.36507936886378695,0.12301587206976754,0.0932539701461792,0.29563491685049875,0.26388890402657644,0.4404761791229248,0.36507933480398996
292,train,3.3271979898516784,3.3271979898516784,0.0,3.3271979898516784,0.0,0.0,,,,,,,,,,,,
292,val,4.1677428654262,4.1677428654262,0.0,4.167742320469448,0.0,0.0,0.13690476758139475,0.0932539701461792,0.29761907032557894,0.26190475055149626,0.45238092967442106,0.3809523582458496,0.13690475906644547,0.0932539701461792,0.29761907032557894,0.26190475055149626,0.45238092967442106,0.3809523582458496
293,train,3.3188724324258394,3.3188724324258394,0.0,3.318872813597775,0.0,0.0,,,,,,,,,,,,
293,val,4.200061798095703,4.200061798095703,0.0,4.200061798095703,0.0,0.0,0.12103174413953509,0.0932539701461792,0.30753966740199495,0.26388890402657644,0.4444444179534912,0.39285710879734587,0.12103175265448433,0.0932539701461792,0.30753966740199495,0.26388888699667795,0.4444444179534912,0.39285714285714285
294,train,3.3160357508782203,3.3160357508782203,0.0,3.316036132050156,0.0,0.0,,,,,,,,,,,,
294,val,4.194127764020648,4.194127764020648,0.0,4.194128036499023,0.0,0.0,0.11706348827907018,0.09126984221594674,0.3055555820465088,0.27380951813289095,0.4365079402923584,0.38293651172092985,0.11706348827907018,0.09126984221594674,0.30555554798671175,0.2738095351627895,0.4365079402923584,0.3829364776611328
295,train,3.312078423838798,3.312078423838798,0.0,3.3120788050107337,0.0,0.0,,,,,,,,,,,,
295,val,4.176913670131138,4.176913670131138,0.0,4.176913397652762,0.0,0.0,0.12698412793023245,0.08928571428571429,0.3134920597076416,0.26984126227242605,0.44047621318272184,0.38888890402657644,0.12698412793023245,0.08928571428571429,0.3134920597076416,0.2698412963322231,0.44047621318272184,0.38888886996677946
296,train,3.304472900200039,3.304472900200039,0.0,3.3044725190281032,0.0,0.0,,,,,,,,,,,,
296,val,4.1675229753766745,4.1675229753766745,0.0,4.1675229753766745,0.0,0.0,0.13095238379069737,0.09920635393687657,0.32142857142857145,0.2876984051295689,0.4365079402923584,0.39880950110299246,0.13095238379069737,0.09920635393687657,0.32142857142857145,0.2876984051295689,0.43650797435215544,0.39880950110299246
297,train,3.302275825161007,3.302275825161007,0.0,3.302276206332943,0.0,0.0,,,,,,,,,,,,
297,val,4.1972470964704245,4.1972470964704245,0.0,4.1972470964704245,0.0,0.0,0.11706348827907018,0.08531745842524938,0.3134920597076416,0.2797619104385376,0.4444444179534912,0.39682538168770926,0.11706348827907018,0.08531745842524938,0.31349202564784456,0.2797619104385376,0.44444445201328825,0.3968254157475063
298,train,3.2944743791471507,3.2944743791471507,0.0,3.2944743791471507,0.0,0.0,,,,,,,,,,,,
298,val,4.191493443080357,4.191493443080357,0.0,4.191493443080357,0.0,0.0,0.12301587206976754,0.10317460128239223,0.31944445201328825,0.2837301662990025,0.4484126567840576,0.38888886996677946,0.12301587206976754,0.10317460979734148,0.31944445201328825,0.2837301662990025,0.44841269084385466,0.38888890402657644
299,train,3.2908177967652223,3.2908177967652223,0.0,3.2908177967652223,0.0,0.0,,,,,,,,,,,,
299,val,4.151120594569615,4.151120594569615,0.0,4.151120867047991,0.0,0.0,0.13492063965116227,0.10119047335215978,0.32738096373421804,0.2896825245448521,0.45436504908970426,0.38492063113621305,0.13492063113621303,0.10119047335215978,0.32738096373421804,0.28968255860464914,0.4543651172092983,0.38492063113621305
300,train,3.291628168301132,3.291628168301132,0.0,3.291628168301132,0.0,0.0,,,,,,,,,,,,
300,val,4.130287170410156,4.130287170410156,0.0,4.130287170410156,0.0,0.0,0.13492063965116227,0.10317460128239223,0.33134920256478445,0.27579363754817415,0.45436508314950125,0.4007936886378697,0.13492063113621303,0.10317460128239223,0.3313492366245815,0.27579363754817415,0.4543651172092983,0.4007936545780727
301,train,3.283360930181499,3.283360930181499,0.0,3.283360930181499,0.0,0.0,,,,,,,,,,,,
301,val,4.1164591653006415,4.1164591653006415,0.0,4.116459437779018,0.0,0.0,0.14880953516278947,0.10119048186710902,0.32936508314950125,0.2916666439601353,0.4722222260066441,0.4047618934086391,0.14880951813289098,0.10119047335215978,0.32936508314950125,0.29166667801993235,0.4722222260066441,0.4047619274684361
302,train,3.2876773211846215,3.2876773211846215,0.0,3.2876769400126853,0.0,0.0,,,,,,,,,,,,
302,val,4.138355527605329,4.138355527605329,0.0,4.138355800083706,0.0,0.0,0.14682539871760777,0.09325397866112846,0.33333332198006765,0.2797619104385376,0.4682539531162807,0.39880950110299246,0.14682539871760777,0.0932539701461792,0.33333332198006765,0.2797619104385376,0.4682539871760777,0.39880950110299246
303,train,3.2786347793471897,3.2786347793471897,0.0,3.2786351605191255,0.0,0.0,,,,,,,,,,,,
303,val,4.159590857369559,4.159590857369559,0.0,4.159590857369559,0.0,0.0,0.1408730149269104,0.09920635393687657,0.32341269084385466,0.29365079743521555,0.4623015948704311,0.4027777739933559,0.14087300641196115,0.09920635393687657,0.32341269084385466,0.29365079743521555,0.4623015948704311,0.4027777739933559
304,train,3.273713849653591,3.273713849653591,0.0,3.273713849653591,0.0,0.0,,,,,,,,,,,,
304,val,4.176989146641323,4.176989146641323,0.0,4.176988874162946,0.0,0.0,0.14285715988704137,0.09523809807641166,0.32142857142857145,0.2896825245448521,0.45436508314950125,0.4146825926644461,0.14285714285714285,0.09523809807641166,0.32142857142857145,0.2896825245448521,0.45436508314950125,0.41468255860464914
305,train,3.270384693964676,3.270384693964676,0.0,3.270384693964676,0.0,0.0,,,,,,,,,,,,
305,val,4.18688120160784,4.18688120160784,0.0,4.186881474086216,0.0,0.0,0.15277777399335588,0.10515872069767543,0.31547621318272184,0.2797619274684361,0.4662698677607945,0.4007936886378697,0.15277777399335588,0.10515872921262469,0.31547621318272184,0.2797619104385376,0.4662698677607945,0.4007936545780727
306,train,3.2607883093042545,3.2607883093042545,0.0,3.2607886904761907,0.0,0.0,,,,,,,,,,,,
306,val,4.193906784057617,4.193906784057617,0.0,4.193906784057617,0.0,0.0,0.14285714285714285,0.09722222600664411,0.32341269084385466,0.2757936545780727,0.45039681025913786,0.4047619274684361,0.14285714285714285,0.09722222600664411,0.32341269084385466,0.27579363754817415,0.4503968783787319,0.4047618934086391
307,train,3.258752088822209,3.258752088822209,0.0,3.258752088822209,0.0,0.0,,,,,,,,,,,,
307,val,4.184647151402065,4.184647151402065,0.0,4.184647151402065,0.0,0.0,0.13492063965116227,0.10119047335215978,0.3154761791229248,0.2757936545780727,0.45634920256478445,0.4047619274684361,0.13492063965116227,0.10119047335215978,0.3154761791229248,0.2757936545780727,0.45634920256478445,0.4047619274684361
308,train,3.2581288727068696,3.2581288727068696,0.0,3.2581288727068696,0.0,0.0,,,,,,,,,,,,
308,val,4.170782361711774,4.170782361711774,0.0,4.170782361711774,0.0,0.0,0.13293651172092982,0.0932539701461792,0.32341269084385466,0.2876984051295689,0.4603174754551479,0.4087301662990025,0.13293651172092982,0.0932539701461792,0.32341269084385466,0.2876984051295689,0.4603174754551479,0.4087301662990025
309,train,3.2466315836016784,3.2466315836016784,0.0,3.2466315836016784,0.0,0.0,,,,,,,,,,,,
309,val,4.160503387451172,4.160503387451172,0.0,4.160503659929548,0.0,0.0,0.13888888699667795,0.09523809807641166,0.32341269084385466,0.29365079743521555,0.45634920256478445,0.4146825245448521,0.13888888699667795,0.09523809807641166,0.32341272490365164,0.29365079743521555,0.45634920256478445,0.4146825245448521
310,train,3.244264887051132,3.244264887051132,0.0,3.244264887051132,0.0,0.0,,,,,,,,,,,,
310,val,4.159579958234515,4.159579958234515,0.0,4.159579958234515,0.0,0.0,0.13690475906644547,0.10714284862790789,0.3154761791229248,0.2936507633754185,0.45634920256478445,0.4206348827907017,0.13690475906644547,0.10714285714285714,0.31547621318272184,0.29365079743521555,0.45634916850498747,0.42063495091029574
311,train,3.2423239595530835,3.2423239595530835,0.0,3.2423243407250197,0.0,0.0,,,,,,,,,,,,
311,val,4.147240774972098,4.147240774972098,0.0,4.147240502493722,0.0,0.0,0.15277777399335588,0.11904761620930263,0.32341269084385466,0.2876984051295689,0.47222226006644114,0.43452385493687223,0.15277777399335588,0.11904762472425189,0.32341272490365164,0.2876984051295689,0.4722222260066441,0.4345238208770752
312,train,3.2381009556742777,3.2381009556742777,0.0,3.238101336846214,0.0,0.0,,,,,,,,,,,,
312,val,4.157560620989118,4.157560620989118,0.0,4.157560620989118,0.0,0.0,0.15079365457807267,0.10317460979734148,0.32539681025913786,0.2837301322392055,0.4603174754551479,0.42261907032557894,0.15079365457807267,0.10317460128239223,0.32539681025913786,0.28373018332890104,0.4603174754551479,0.42261903626578196
313,train,3.233376329527713,3.233376329527713,0.0,3.233376329527713,0.0,0.0,,,,,,,,,,,,
313,val,4.144672666277204,4.144672666277204,0.0,4.144672938755581,0.0,0.0,0.14484126227242605,0.11309523241860527,0.32341269084385466,0.29960318974086214,0.4603174754551479,0.4087301662990025,0.14484127930232457,0.11309524093355451,0.32341269084385466,0.29960318974086214,0.46031744139535086,0.4087301662990025
314,train,3.225586318671936,3.225586318671936,0.0,3.225586699843872,0.0,0.0,,,,,,,,,,,,
314,val,4.16319329398019,4.16319329398019,0.0,4.16319329398019,0.0,0.0,0.14880953516278947,0.10714285714285714,0.32936508314950125,0.2857142857142857,0.4662698337009975,0.4107142857142857,0.14880953516278947,0.10714285714285714,0.32936508314950125,0.2857142857142857,0.4662698337009975,0.4107142857142857
315,train,3.226657792983997,3.226657792983997,0.0,3.226657792983997,0.0,0.0,,,,,,,,,,,,
315,val,4.182576043265207,4.182576043265207,0.0,4.182575770786831,0.0,0.0,0.1408730149269104,0.1091269850730896,0.31746033259800505,0.2817460298538208,0.4662698337009975,0.4087301662990025,0.1408730149269104,0.1091269850730896,0.31746033259800505,0.2817460468837193,0.4662698337009975,0.4087301322392055
316,train,3.222722955088798,3.222722955088798,0.0,3.2227233362607337,0.0,0.0,,,,,,,,,,,,
316,val,4.181509290422712,4.181509290422712,0.0,4.181509017944336,0.0,0.0,0.13492063965116227,0.11309523241860527,0.32738096373421804,0.2916666439601353,0.4662698337009975,0.432539701461792,0.13492063965116227,0.11309523241860527,0.32738096373421804,0.29166667801993235,0.4662698337009975,0.43253966740199495
317,train,3.2104225367144807,3.2104225367144807,0.0,3.210422155542545,0.0,0.0,,,,,,,,,,,,
317,val,4.155278887067523,4.155278887067523,0.0,4.155278887067523,0.0,0.0,0.14880953516278947,0.10317460979734148,0.3432539531162807,0.29365079743521555,0.4623015948704311,0.4166666439601353,0.14880953516278947,0.10317460979734148,0.3432539531162807,0.29365079743521555,0.4623015948704311,0.4166666439601353
318,train,3.2148982575868463,3.2148982575868463,0.0,3.2148982575868463,0.0,0.0,,,,,,,,,,,,
318,val,4.161736079624721,4.161736079624721,0.0,4.161736079624721,0.0,0.0,0.14484126227242605,0.1091269850730896,0.3452381065913609,0.30357142857142855,0.4722222260066441,0.42460318974086214,0.14484126227242605,0.10912697655814034,0.3452380725315639,0.30357142857142855,0.4722222260066441,0.42460315568106516
319,train,3.2108909970238093,3.2108909970238093,0.0,3.2108909970238093,0.0,0.0,,,,,,,,,,,,
319,val,4.166534151349749,4.166534151349749,0.0,4.166534423828125,0.0,0.0,0.14682539871760777,0.10317460979734148,0.3531745842524937,0.29166667801993235,0.4722221919468471,0.4186507633754185,0.14682539871760777,0.10317460979734148,0.35317461831229074,0.29166667801993235,0.47222226006644114,0.41865079743521555
320,train,3.207859155444965,3.207859155444965,0.0,3.207859155444965,0.0,0.0,,,,,,,,,,,,
320,val,4.150629316057477,4.150629316057477,0.0,4.150629316057477,0.0,0.0,0.15277777399335588,0.10515873772757393,0.36507936886378695,0.29563491685049875,0.4742063454219273,0.42460318974086214,0.15277777399335588,0.10515872921262469,0.36507933480398996,0.29563491685049875,0.47420637948172434,0.42460318974086214
321,train,3.19884443915886,3.19884443915886,0.0,3.19884443915886,0.0,0.0,,,,,,,,,,,,
321,val,4.181432723999023,4.181432723999023,0.0,4.181432723999023,0.0,0.0,0.13293650320598058,0.10714285714285714,0.3492063454219273,0.29365079743521555,0.47619049889700754,0.42261907032557894,0.13293651172092982,0.10714284862790789,0.34920637948172434,0.29365079743521555,0.4761904648372105,0.42261903626578196
322,train,3.190759782396565,3.190759782396565,0.0,3.1907595918105973,0.0,0.0,,,,,,,,,,,,
322,val,4.174887520926339,4.174887520926339,0.0,4.174887520926339,0.0,0.0,0.13690475906644547,0.10317460979734148,0.33531744139535086,0.29761907032557894,0.48412697655814035,0.4126984051295689,0.13690476758139475,0.10317460979734148,0.33531744139535086,0.29761907032557894,0.48412697655814035,0.4126983710697719
323,train,3.189362787251171,3.189362787251171,0.0,3.189362787251171,0.0,0.0,,,,,,,,,,,,
323,val,4.125144958496094,4.125144958496094,0.0,4.125145503452846,0.0,0.0,0.13888888699667795,0.10515872921262469,0.3511904648372105,0.30555554798671175,0.4940476417541504,0.42460318974086214,0.13888888699667795,0.10515872921262469,0.3511904648372105,0.30555554798671175,0.4940476417541504,0.4246031216212681
324,train,3.179871987217018,3.179871987217018,0.0,3.179871987217018,0.0,0.0,,,,,,,,,,,,
324,val,4.158302852085659,4.158302852085659,0.0,4.158302307128906,0.0,0.0,0.14880951813289098,0.11706348827907018,0.3472222260066441,0.2837301662990025,0.47420637948172434,0.42857142857142855,0.14880951813289098,0.11706348827907018,0.3472221919468471,0.2837301662990025,0.4742063454219273,0.42857142857142855
325,train,3.1794006681181695,3.1794006681181695,0.0,3.1794004775322016,0.0,0.0,,,,,,,,,,,,
325,val,4.157687050955636,4.157687050955636,0.0,4.157687050955636,0.0,0.0,0.15476189340863908,0.12103174413953509,0.3472222260066441,0.2857142686843872,0.48214289120265413,0.4365079402923584,0.1547619104385376,0.12103174413953509,0.3472221919468471,0.2857142857142857,0.48214285714285715,0.4365079402923584
326,train,3.1761946309645785,3.1761946309645785,0.0,3.1761946309645785,0.0,0.0,,,,,,,,,,,,
326,val,4.140238353184292,4.140238353184292,0.0,4.140238353184292,0.0,0.0,0.16865078040531703,0.125,0.3392857483455113,0.2896825245448521,0.4940476417541504,0.42658730915614534,0.16865079743521555,0.125,0.3392857142857143,0.28968255860464914,0.4940476417541504,0.42658730915614534
327,train,3.1725336651053864,3.1725336651053864,0.0,3.1725336651053864,0.0,0.0,,,,,,,,,,,,
327,val,4.180138724190848,4.180138724190848,0.0,4.180138451712472,0.0,0.0,0.15079365457807267,0.12301586355481829,0.33928568022591726,0.26785715988704134,0.4761904307774135,0.42460318974086214,0.15079365457807267,0.1230158805847168,0.3392857142857143,0.26785714285714285,0.4761904307774135,0.42460318974086214
328,train,3.163423655835285,3.163423655835285,0.0,3.163423846421253,0.0,0.0,,,,,,,,,,,,
328,val,4.16399656023298,4.16399656023298,0.0,4.16399656023298,0.0,0.0,0.14285714285714285,0.12103174413953509,0.3392857142857143,0.29365083149501253,0.4841270446777344,0.4126983710697719,0.14285714285714285,0.12103175265448433,0.3392857142857143,0.29365079743521555,0.48412697655814035,0.4126984051295689
329,train,3.159270787592701,3.159270787592701,0.0,3.159270787592701,0.0,0.0,,,,,,,,,,,,
329,val,4.162440708705357,4.162440708705357,0.0,4.162440708705357,0.0,0.0,0.15277777399335588,0.12301587206976754,0.3412698337009975,0.2876984051295689,0.48809521538870676,0.42261907032557894,0.15277777399335588,0.1230158805847168,0.3412698677607945,0.2876984051295689,0.48809521538870676,0.42261903626578196
330,train,3.1593860921033374,3.1593860921033374,0.0,3.1593860921033374,0.0,0.0,,,,,,,,,,,,
330,val,4.158435004098075,4.158435004098075,0.0,4.158435004098075,0.0,0.0,0.16071428571428573,0.10515872921262469,0.3392857142857143,0.2896825245448521,0.4761904648372105,0.43253966740199495,0.16071428571428573,0.10515873772757393,0.3392857142857143,0.28968255860464914,0.47619049889700754,0.432539701461792
331,train,3.1561125875170766,3.1561125875170766,0.0,3.1561125875170766,0.0,0.0,,,,,,,,,,,,
331,val,4.147005898611886,4.147005898611886,0.0,4.147005353655134,0.0,0.0,0.1547619104385376,0.11507936886378697,0.3373015948704311,0.29166667801993235,0.47619049889700754,0.4226190022059849,0.15476189340863908,0.11507936886378697,0.3373015948704311,0.29166667801993235,0.47619049889700754,0.42261903626578196
332,train,3.1526913788056206,3.1526913788056206,0.0,3.1526913788056206,0.0,0.0,,,,,,,,,,,,
332,val,4.1367999485560825,4.1367999485560825,0.0,4.136799676077707,0.0,0.0,0.15873016629900252,0.11507936034883771,0.3412698677607945,0.2896825245448521,0.48214285714285715,0.4146825245448521,0.15873016629900252,0.11507936886378697,0.3412698337009975,0.28968255860464914,0.48214285714285715,0.41468255860464914
333,train,3.1487767430230287,3.1487767430230287,0.0,3.1487767430230287,0.0,0.0,,,,,,,,,,,,
333,val,4.127167020525251,4.127167020525251,0.0,4.127167020525251,0.0,0.0,0.16071428571428573,0.10714285714285714,0.3392857142857143,0.2857142857142857,0.48611109597342356,0.43055554798671175,0.16071428571428573,0.10714285714285714,0.3392857483455113,0.2857142857142857,0.48611109597342356,0.4305555820465088
334,train,3.1390484728727555,3.1390484728727555,0.0,3.139048663458724,0.0,0.0,,,,,,,,,,,,
334,val,4.113952909197126,4.113952909197126,0.0,4.113952909197126,0.0,0.0,0.1547619104385376,0.11309524944850377,0.3511904648372105,0.29563491685049875,0.4940476417541504,0.42658730915614534,0.15476189340863908,0.11309524093355451,0.35119049889700754,0.29563491685049875,0.49404760769435335,0.42658727509634836
335,train,3.1408045319818503,3.1408045319818503,0.0,3.1408045319818503,0.0,0.0,,,,,,,,,,,,
335,val,4.127679007393973,4.127679007393973,0.0,4.127679007393973,0.0,0.0,0.14880953516278947,0.11309523241860527,0.33531744139535086,0.2896825245448521,0.49603172710963656,0.43055554798671175,0.14880953516278947,0.11309523241860527,0.3353174754551479,0.2896825245448521,0.49603172710963656,0.43055554798671175
336,train,3.132355856020687,3.132355856020687,0.0,3.132355856020687,0.0,0.0,,,,,,,,,,,,
336,val,4.143979208809989,4.143979208809989,0.0,4.143979481288365,0.0,0.0,0.14880953516278947,0.11706348827907018,0.3492063454219273,0.2876984051295689,0.49206345421927317,0.42857142857142855,0.14880953516278947,0.11706348827907018,0.3492063454219273,0.2876984051295689,0.4920635223388672,0.42857142857142855
337,train,3.1277312875073187,3.1277312875073187,0.0,3.1277310969213503,0.0,0.0,,,,,,,,,,,,
337,val,4.1634319850376675,4.1634319850376675,0.0,4.163431712559292,0.0,0.0,0.1567460298538208,0.10515872921262469,0.3373015948704311,0.29365079743521555,0.48412697655814035,0.43849202564784456,0.15674604688371932,0.10515872921262469,0.3373015948704311,0.29365079743521555,0.48412697655814035,0.4384920597076416
338,train,3.1292007053205504,3.1292007053205504,0.0,3.1292007053205504,0.0,0.0,,,,,,,,,,,,
338,val,4.134974070957729,4.134974070957729,0.0,4.134974070957729,0.0,0.0,0.15079365457807267,0.11309524093355451,0.35912697655814035,0.30357142857142855,0.48412701061793734,0.4305555820465088,0.15079365457807267,0.11309523241860527,0.35912697655814035,0.30357142857142855,0.48412697655814035,0.4305555820465088
339,train,3.1189403191476384,3.1189403191476384,0.0,3.1189405097336067,0.0,0.0,,,,,,,,,,,,
339,val,4.135413306100028,4.135413306100028,0.0,4.135413578578404,0.0,0.0,0.15079365457807267,0.125,0.35119049889700754,0.29761907032557894,0.4940476417541504,0.4345238208770752,0.15079365457807267,0.125,0.35119049889700754,0.29761903626578196,0.4940476417541504,0.43452378681727816
340,train,3.1163138539227164,3.1163138539227164,0.0,3.1163140445086848,0.0,0.0,,,,,,,,,,,,
340,val,4.1637483324323386,4.1637483324323386,0.0,4.1637483324323386,0.0,0.0,0.15277777399335588,0.11507936034883771,0.3412698337009975,0.29761907032557894,0.4742063454219273,0.42857139451163156,0.1527777910232544,0.11507936034883771,0.3412698677607945,0.29761903626578196,0.47420637948172434,0.42857142857142855
341,train,3.111264850458626,3.111264850458626,0.0,3.111264850458626,0.0,0.0,,,,,,,,,,,,
341,val,4.1715788160051614,4.1715788160051614,0.0,4.171578543526786,0.0,0.0,0.14682539871760777,0.11309523241860527,0.33531744139535086,0.2956348827907017,0.5,0.42658730915614534,0.14682539871760777,0.11309523241860527,0.3353174754551479,0.29563491685049875,0.5,0.4265873432159424
342,train,3.1064881943427984,3.1064881943427984,0.0,3.1064883849287668,0.0,0.0,,,,,,,,,,,,
342,val,4.1485088893345425,4.1485088893345425,0.0,4.1485088893345425,0.0,0.0,0.15079365457807267,0.11507936034883771,0.3432539531162807,0.30158730915614534,0.49206345421927317,0.42658730915614534,0.15079365457807267,0.11507936886378697,0.3432539531162807,0.30158730915614534,0.4920635223388672,0.42658730915614534
343,train,3.1036107273980287,3.1036107273980287,0.0,3.103610536812061,0.0,0.0,,,,,,,,,,,,
343,val,4.138679504394531,4.138679504394531,0.0,4.138679504394531,0.0,0.0,0.14285714285714285,0.11507936886378697,0.35714285714285715,0.31150790623256136,0.4960317611694336,0.42857142857142855,0.14285714285714285,0.11507936034883771,0.35714285714285715,0.3115079402923584,0.4960317611694336,0.4285714626312256
344,train,3.101688096152908,3.101688096152908,0.0,3.101688096152908,0.0,0.0,,,,,,,,,,,,
344,val,4.125060762677874,4.125060762677874,0.0,4.12506103515625,0.0,0.0,0.14484127930232457,0.11507936886378697,0.3531745842524937,0.2916666439601353,0.5,0.43849209376743864,0.14484126227242605,0.11507936034883771,0.35317461831229074,0.2916666439601353,0.5,0.4384920597076416
345,train,3.091766381245121,3.091766381245121,0.0,3.091766571831089,0.0,0.0,,,,,,,,,,,,
345,val,4.14832878112793,4.14832878112793,0.0,4.148328508649554,0.0,0.0,0.14285714285714285,0.1230158805847168,0.3412698337009975,0.30158727509634836,0.48412697655814035,0.44047621318272184,0.14285714285714285,0.1230158805847168,0.3412698677607945,0.30158730915614534,0.48412697655814035,0.4404761791229248
346,train,3.091594091530055,3.091594091530055,0.0,3.091594091530055,0.0,0.0,,,,,,,,,,,,
346,val,4.168261664254325,4.168261664254325,0.0,4.1682619367327005,0.0,0.0,0.14484127930232457,0.11111111300332206,0.3531745842524937,0.30158730915614534,0.4781746523720877,0.42857142857142855,0.14484127930232457,0.1111111044883728,0.3531745842524937,0.30158730915614534,0.47817461831229074,0.42857139451163156
347,train,3.084592915995804,3.084592915995804,0.0,3.084592725409836,0.0,0.0,,,,,,,,,,,,
347,val,4.1707660130092075,4.1707660130092075,0.0,4.170766285487583,0.0,0.0,0.15079365457807267,0.11111111300332206,0.3412698337009975,0.29960318974086214,0.48611113003322054,0.42857142857142855,0.15079365457807267,0.11111111300332206,0.3412698337009975,0.29960318974086214,0.48611113003322054,0.42857142857142855
348,train,3.0791129976580796,3.0791129976580796,0.0,3.0791128070721117,0.0,0.0,,,,,,,,,,,,
348,val,4.176094600132534,4.176094600132534,0.0,4.17609487261091,0.0,0.0,0.14484127930232457,0.10714285714285714,0.3472221919468471,0.30753966740199495,0.48015873772757395,0.42658730915614534,0.14484126227242605,0.10714285714285714,0.3472222260066441,0.30753966740199495,0.48015873772757395,0.42658730915614534
349,train,3.0761897900809916,3.0761897900809916,0.0,3.0761897900809916,0.0,0.0,,,,,,,,,,,,
349,val,4.163697378976004,4.163697378976004,0.0,4.163697378976004,0.0,0.0,0.14682541574750627,0.11904761620930263,0.32936508314950125,0.2876984051295689,0.49007936886378695,0.41468255860464914,0.14682539871760777,0.11904762472425189,0.32936504908970426,0.2876984051295689,0.49007933480398996,0.41468255860464914
350,train,3.0758318696330993,3.0758318696330993,0.0,3.075832060219067,0.0,0.0,,,,,,,,,,,,
350,val,4.139684949602399,4.139684949602399,0.0,4.139684949602399,0.0,0.0,0.16071428571428573,0.1091269850730896,0.3531745842524937,0.30952378681727816,0.49007936886378695,0.4126984051295689,0.16071428571428573,0.1091269850730896,0.3531745842524937,0.3095238208770752,0.49007936886378695,0.4126984051295689
351,train,3.070405124780445,3.070405124780445,0.0,3.070405124780445,0.0,0.0,,,,,,,,,,,,
351,val,4.157356807163784,4.157356807163784,0.0,4.157356807163784,0.0,0.0,0.15277777399335588,0.10119047335215978,0.3353174754551479,0.29365079743521555,0.4960317611694336,0.4365079402923584,0.15277777399335588,0.10119047335215978,0.33531744139535086,0.29365079743521555,0.4960317611694336,0.43650797435215544
352,train,3.063561182669789,3.063561182669789,0.0,3.063561182669789,0.0,0.0,,,,,,,,,,,,
352,val,4.144855771745954,4.144855771745954,0.0,4.144855499267578,0.0,0.0,0.15277777399335588,0.1091269850730896,0.33531744139535086,0.29960315568106516,0.5039682388305664,0.42857142857142855,0.15277777399335588,0.1091269850730896,0.33531744139535086,0.29960315568106516,0.5039682388305664,0.42857142857142855
353,train,3.053677775541569,3.053677775541569,0.0,3.053677966127537,0.0,0.0,,,,,,,,,,,,
353,val,4.154520307268415,4.154520307268415,0.0,4.154520579746792,0.0,0.0,0.13690476758139475,0.11904762472425189,0.32936508314950125,0.29365079743521555,0.5059524263654437,0.4166666439601353,0.13690475906644547,0.11904761620930263,0.32936508314950125,0.29365079743521555,0.5059523582458496,0.4166666439601353
354,train,3.056366181206089,3.056366181206089,0.0,3.056366181206089,0.0,0.0,,,,,,,,,,,,
354,val,4.1529244014195035,4.1529244014195035,0.0,4.152924128941128,0.0,0.0,0.13888888699667795,0.11309523241860527,0.33333332198006765,0.29960318974086214,0.5119047846112933,0.42063495091029574,0.13888888699667795,0.11309524093355451,0.33333332198006765,0.29960318974086214,0.5119047846112933,0.42063491685049875
355,train,3.0539676567988874,3.0539676567988874,0.0,3.0539676567988874,0.0,0.0,,,,,,,,,,,,
355,val,4.165283203125,4.165283203125,0.0,4.165283203125,0.0,0.0,0.14682539871760777,0.1091269850730896,0.35317461831229074,0.3115079402923584,0.49206348827907015,0.42658727509634836,0.14682539871760777,0.1091269850730896,0.35317461831229074,0.31150790623256136,0.49206345421927317,0.42658730915614534
356,train,3.046877668203552,3.046877668203552,0.0,3.046877477617584,0.0,0.0,,,,,,,,,,,,
356,val,4.150317873273577,4.150317873273577,0.0,4.150318145751953,0.0,0.0,0.14682539871760777,0.11507936034883771,0.3531745501926967,0.30357142857142855,0.5019841194152832,0.42460318974086214,0.14682539871760777,0.11507936034883771,0.35317461831229074,0.30357142857142855,0.5019840853554862,0.42460315568106516
357,train,3.0466167560133686,3.0466167560133686,0.0,3.0466165654274007,0.0,0.0,,,,,,,,,,,,
357,val,4.127447945731027,4.127447945731027,0.0,4.127447945731027,0.0,0.0,0.1408730149269104,0.11309523241860527,0.36309524944850374,0.29960318974086214,0.49404760769435335,0.43452378681727816,0.1408730149269104,0.11309524093355451,0.36309524944850374,0.29960318974086214,0.49404760769435335,0.4345238208770752
358,train,3.0335873463114753,3.0335873463114753,0.0,3.0335873463114753,0.0,0.0,,,,,,,,,,,,
358,val,4.141144888741629,4.141144888741629,0.0,4.141144888741629,0.0,0.0,0.15079365457807267,0.10515872921262469,0.3511904648372105,0.29563491685049875,0.48809521538870676,0.44246033259800505,0.15079365457807267,0.10515872921262469,0.35119049889700754,0.29563491685049875,0.48809521538870676,0.442460298538208
359,train,3.037561254330113,3.037561254330113,0.0,3.037561444916081,0.0,0.0,,,,,,,,,,,,
359,val,4.173166002546038,4.173166002546038,0.0,4.173166002546038,0.0,0.0,0.13690476758139475,0.10515873772757393,0.35119049889700754,0.29365079743521555,0.49007933480398996,0.4384920597076416,0.13690475906644547,0.10515872921262469,0.3511904648372105,0.2936507633754185,0.49007936886378695,0.4384920597076416
360,train,3.0288326075819674,3.0288326075819674,0.0,3.0288326075819674,0.0,0.0,,,,,,,,,,,,
360,val,4.148898533412388,4.148898533412388,0.0,4.148898533412388,0.0,0.0,0.14682539871760777,0.10714285714285714,0.3511904648372105,0.31547621318272184,0.5079365117209298,0.44246033259800505,0.14682539871760777,0.10714284862790789,0.35119049889700754,0.3154761791229248,0.5079364776611328,0.44246033259800505
361,train,3.0223847031128024,3.0223847031128024,0.0,3.0223848936987703,0.0,0.0,,,,,,,,,,,,
361,val,4.1373699733189175,4.1373699733189175,0.0,4.137369700840542,0.0,0.0,0.1567460298538208,0.1091269850730896,0.35714285714285715,0.31944445201328825,0.5138889040265765,0.45238092967442106,0.1567460298538208,0.1091269850730896,0.35714285714285715,0.31944445201328825,0.5138889040265765,0.45238092967442106
362,train,3.019381449429157,3.019381449429157,0.0,3.019381449429157,0.0,0.0,,,,,,,,,,,,
362,val,4.132241930280413,4.132241930280413,0.0,4.132242475237165,0.0,0.0,0.1567460298538208,0.125,0.35515873772757395,0.3035714626312256,0.5119047505514962,0.4305555820465088,0.1567460298538208,0.125,0.35515873772757395,0.30357142857142855,0.5119047846112933,0.43055554798671175
363,train,3.015750024395004,3.015750024395004,0.0,3.015750024395004,0.0,0.0,,,,,,,,,,,,
363,val,4.145113263811384,4.145113263811384,0.0,4.145113263811384,0.0,0.0,0.15277777399335588,0.11111111300332206,0.3452381065913609,0.31746033259800505,0.5218253816877093,0.44642860548836844,0.15277777399335588,0.11111111300332206,0.3452381065913609,0.317460298538208,0.5218254157475063,0.44642857142857145
364,train,3.013640618901249,3.013640618901249,0.0,3.013640428315281,0.0,0.0,,,,,,,,,,,,
364,val,4.17338262285505,4.17338262285505,0.0,4.1733823503766745,0.0,0.0,0.16071428571428573,0.1091269850730896,0.3492063454219273,0.3134920597076416,0.5,0.4285714626312256,0.16071428571428573,0.1091269850730896,0.3492063454219273,0.3134920597076416,0.5,0.42857142857142855
365,train,3.006619431840359,3.006619431840359,0.0,3.0066192412543913,0.0,0.0,,,,,,,,,,,,
365,val,4.155567714146206,4.155567714146206,0.0,4.155567441667829,0.0,0.0,0.15476189340863908,0.11507936034883771,0.36309524944850374,0.29761903626578196,0.5059523582458496,0.42857142857142855,0.15476189340863908,0.11507936886378697,0.36309524944850374,0.29761903626578196,0.5059523582458496,0.4285714626312256
366,train,3.0044372225068305,3.0044372225068305,0.0,3.0044370319208626,0.0,0.0,,,,,,,,,,,,
366,val,4.143557957240513,4.143557957240513,0.0,4.143557957240513,0.0,0.0,0.14484127930232457,0.12103174413953509,0.35515873772757395,0.29960318974086214,0.5198412622724261,0.42658727509634836,0.14484127930232457,0.12103174413953509,0.35515873772757395,0.29960318974086214,0.5198412622724261,0.42658727509634836
367,train,2.997044011636417,2.997044011636417,0.0,2.997044011636417,0.0,0.0,,,,,,,,,,,,
367,val,4.162872859409878,4.162872859409878,0.0,4.162872859409878,0.0,0.0,0.14484126227242605,0.1111111044883728,0.3452381065913609,0.30158730915614534,0.5019841194152832,0.42658730915614534,0.14484126227242605,0.11111111300332206,0.3452380725315639,0.30158730915614534,0.5019841194152832,0.42658727509634836
368,train,2.994410875902615,2.994410875902615,0.0,2.994410875902615,0.0,0.0,,,,,,,,,,,,
368,val,4.1459535871233255,4.1459535871233255,0.0,4.145953859601702,0.0,0.0,0.15873016629900252,0.11904761620930263,0.3492063454219273,0.30952378681727816,0.5138889380863735,0.43452378681727816,0.15873016629900252,0.11904761620930263,0.3492063454219273,0.30952378681727816,0.5138889040265765,0.43452378681727816
369,train,2.9905202539519906,2.9905202539519906,0.0,2.9905202539519906,0.0,0.0,,,,,,,,,,,,
369,val,4.155679975237165,4.155679975237165,0.0,4.155680247715542,0.0,0.0,0.15476189340863908,0.11507936034883771,0.35912697655814035,0.31746033259800505,0.4980158805847168,0.43650790623256136,0.1547619104385376,0.11507936886378697,0.35912701061793734,0.31746033259800505,0.4980158805847168,0.43650790623256136
370,train,2.9828910976532006,2.9828910976532006,0.0,2.9828910976532006,0.0,0.0,,,,,,,,,,,,
370,val,4.167552675519671,4.167552675519671,0.0,4.167552403041294,0.0,0.0,0.16071428571428573,0.10714285714285714,0.35912697655814035,0.30555554798671175,0.5158730234418597,0.43849202564784456,0.16071430274418422,0.10714284862790789,0.35912697655814035,0.30555554798671175,0.5158730234418597,0.4384920597076416
371,train,2.9824578957479506,2.9824578957479506,0.0,2.9824578957479506,0.0,0.0,,,,,,,,,,,,
371,val,4.165103367396763,4.165103367396763,0.0,4.165103367396763,0.0,0.0,0.15873016629900252,0.11507936886378697,0.3690476417541504,0.30158730915614534,0.509920631136213,0.4305555820465088,0.15873016629900252,0.11507936886378697,0.3690476417541504,0.30158730915614534,0.5099206651960101,0.4305555820465088
372,train,2.971974523992486,2.971974523992486,0.0,2.9719743334065183,0.0,0.0,,,,,,,,,,,,
372,val,4.1740553719656805,4.1740553719656805,0.0,4.1740553719656805,0.0,0.0,0.1567460298538208,0.10317460979734148,0.35714285714285715,0.29960318974086214,0.5019840853554862,0.43452378681727816,0.1567460298538208,0.10317460979734148,0.35714285714285715,0.29960315568106516,0.5019841534750802,0.4345238208770752
373,train,2.97223162446331,2.97223162446331,0.0,2.97223162446331,0.0,0.0,,,,,,,,,,,,
373,val,4.162928989955357,4.162928989955357,0.0,4.1629292624337335,0.0,0.0,0.16269842215946742,0.0952380895614624,0.35912697655814035,0.29563491685049875,0.5019841194152832,0.42261903626578196,0.16269840512956893,0.09523809807641166,0.35912697655814035,0.29563491685049875,0.5019841194152832,0.4226190022059849
374,train,2.966558833125976,2.966558833125976,0.0,2.9665590237119437,0.0,0.0,,,,,,,,,,,,
374,val,4.120416913713727,4.120416913713727,0.0,4.120416913713727,0.0,0.0,0.16269840512956893,0.09722222600664411,0.36507936886378695,0.307539701461792,0.5019840853554862,0.42857142857142855,0.16269840512956893,0.09722221749169487,0.36507933480398996,0.30753966740199495,0.5019841194152832,0.4285714626312256
375,train,2.963160875902615,2.963160875902615,0.0,2.963160875902615,0.0,0.0,,,,,,,,,,,,
375,val,4.12224987574986,4.12224987574986,0.0,4.12224987574986,0.0,0.0,0.15277777399335588,0.11111111300332206,0.3670635223388672,0.30555554798671175,0.5119047505514962,0.4365079402923584,0.15277777399335588,0.11111111300332206,0.36706348827907015,0.30555554798671175,0.5119047505514962,0.4365079402923584
376,train,2.9625462361558355,2.9625462361558355,0.0,2.9625462361558355,0.0,0.0,,,,,,,,,,,,
376,val,4.108167375837054,4.108167375837054,0.0,4.1081679207938055,0.0,0.0,0.14880951813289098,0.11507936886378697,0.3710317611694336,0.3115079402923584,0.49999996594020296,0.43452378681727816,0.14880953516278947,0.11507936034883771,0.37103172710963656,0.3115079402923584,0.5,0.43452378681727816
377,train,2.953799293154762,2.953799293154762,0.0,2.953799293154762,0.0,0.0,,,,,,,,,,,,
377,val,4.125826154436384,4.125826154436384,0.0,4.125826154436384,0.0,0.0,0.15277777399335588,0.1111111044883728,0.36111109597342356,0.30158727509634836,0.509920631136213,0.43253966740199495,0.15277777399335588,0.11111111300332206,0.36111109597342356,0.30158730915614534,0.509920631136213,0.43253963334219797
378,train,2.948083238802693,2.948083238802693,0.0,2.9480828576307574,0.0,0.0,,,,,,,,,,,,
378,val,4.106408800397601,4.106408800397601,0.0,4.106408527919224,0.0,0.0,0.1547619104385376,0.10714285714285714,0.36507933480398996,0.3095238208770752,0.5218253816877093,0.43253966740199495,0.15476189340863908,0.10714285714285714,0.36507933480398996,0.3095238208770752,0.5218253476279122,0.43253966740199495
379,train,2.9454116047033567,2.9454116047033567,0.0,2.945411414117389,0.0,0.0,,,,,,,,,,,,
379,val,4.1160109383719305,4.1160109383719305,0.0,4.1160109383719305,0.0,0.0,0.16468254157475062,0.11111111300332206,0.36111113003322054,0.3055555820465088,0.5218253816877093,0.44047621318272184,0.16468254157475062,0.1111111044883728,0.36111113003322054,0.30555554798671175,0.5218253816877093,0.4404761791229248
380,train,2.9427965746365143,2.9427965746365143,0.0,2.9427965746365143,0.0,0.0,,,,,,,,,,,,
380,val,4.1201645987374445,4.1201645987374445,0.0,4.1201645987374445,0.0,0.0,0.14682539871760777,0.10515872921262469,0.35317461831229074,0.3115079402923584,0.49999996594020296,0.41865079743521555,0.14682539871760777,0.10515872921262469,0.35317461831229074,0.3115079402923584,0.5,0.41865079743521555
381,train,2.9409726669228142,2.9409726669228142,0.0,2.9409724763368463,0.0,0.0,,,,,,,,,,,,
381,val,4.12141227722168,4.12141227722168,0.0,4.1214125497000555,0.0,0.0,0.15476189340863908,0.11904762472425189,0.3472222260066441,0.3134920597076416,0.49801584652491976,0.43253966740199495,0.15476189340863908,0.11904761620930263,0.3472221919468471,0.3134920597076416,0.4980158805847168,0.43253966740199495
382,train,2.9324849208382124,2.9324849208382124,0.0,2.9324849208382124,0.0,0.0,,,,,,,,,,,,
382,val,4.167313167027065,4.167313167027065,0.0,4.167313439505441,0.0,0.0,0.14087302344185965,0.10912699358803886,0.35714285714285715,0.30555554798671175,0.5079364776611328,0.42658730915614534,0.14087302344185965,0.1091269850730896,0.35714285714285715,0.30555554798671175,0.5079365117209298,0.42658730915614534
383,train,2.9278393878683646,2.9278393878683646,0.0,2.9278393878683646,0.0,0.0,,,,,,,,,,,,
383,val,4.182862418038504,4.182862418038504,0.0,4.182862418038504,0.0,0.0,0.1388888955116272,0.11507936886378697,0.35714285714285715,0.3134920597076416,0.5158729893820626,0.43055554798671175,0.13888888699667795,0.11507936034883771,0.35714285714285715,0.3134920597076416,0.5158730234418597,0.43055554798671175
384,train,2.9209089197282396,2.9209089197282396,0.0,2.9209089197282396,0.0,0.0,,,,,,,,,,,,
384,val,4.182456425258091,4.182456425258091,0.0,4.182456425258091,0.0,0.0,0.15476192746843612,0.11904761620930263,0.36706348827907015,0.30753966740199495,0.4980158805847168,0.42857142857142855,0.15476189340863908,0.11904760769435338,0.36706348827907015,0.30753966740199495,0.49801584652491976,0.42857142857142855
