epoch,split,loss,contrast,tda,L_sb,L_st,L_bt,r1_seq2bio,r1_bio2seq,r5_seq2bio,r5_bio2seq,r10_seq2bio,r10_bio2seq,r1_seq2bio_multi,r1_bio2seq_multi,r5_seq2bio_multi,r5_bio2seq_multi,r10_seq2bio_multi,r10_bio2seq_multi
1,train,16.58900604248047,4.85797119140625,11.731033325195312,4.857970809936523,0.0,0.0,,,,,,,,,,,,
1,val,3.912937545776367,3.912937545776367,0.0,3.912937545776367,0.0,0.0,0.02199999839067459,0.02800000011920929,0.1040000081062317,0.10199999809265137,0.19400001764297486,0.20999999046325685,0.02800000011920929,0.02800000011920929,0.11800000667572022,0.11399999856948853,0.2119999885559082,0.22799999713897706
2,train,238.3053466796875,4.848480224609375,233.4568603515625,4.848479843139648,0.0,0.0,,,,,,,,,,,,
2,val,3.9114543914794924,3.9114543914794924,0.0,3.911454772949219,0.0,0.0,0.023999999463558196,0.0320000022649765,0.1040000081062317,0.1259999990463257,0.23199999332427979,0.2200000047683716,0.02399999797344208,0.0320000022649765,0.13199999332427978,0.13999999761581422,0.2619999885559082,0.24800000190734864
3,train,5.492470550537109,4.847798156738281,0.6446731567382813,4.847797775268555,0.0,0.0,,,,,,,,,,,,
3,val,3.9108646392822264,3.9108646392822264,0.0,3.9108642578125,0.0,0.0,0.017999997735023497,0.025999999046325682,0.12999999523162842,0.11400001049041748,0.23199999332427979,0.22200000286102295,0.02399999797344208,0.025999999046325682,0.1459999918937683,0.12400001287460327,0.25799999237060545,0.24200000762939453
4,train,74.7737060546875,4.847333526611328,69.92637329101562,4.847333908081055,0.0,0.0,,,,,,,,,,,,
4,val,3.9107757568359376,3.9107757568359376,0.0,3.9107757568359376,0.0,0.0,0.02399999797344208,0.025999999046325682,0.12400000095367432,0.12000000476837158,0.2380000114440918,0.22599999904632567,0.02800000011920929,0.025999996066093444,0.1459999918937683,0.13600001335144044,0.26399998664855956,0.24800002574920654
5,train,6.9218589782714846,4.847055816650391,2.0748023986816406,4.847055816650391,0.0,0.0,,,,,,,,,,,,
5,val,3.9106395721435545,3.9106395721435545,0.0,3.910639190673828,0.0,0.0,0.02399999797344208,0.025999999046325682,0.12400000095367432,0.1340000033378601,0.26399998664855956,0.24800000190734864,0.029999998211860657,0.02800000011920929,0.14600000381469727,0.14800000190734863,0.2879999876022339,0.27200000286102294
6,train,1629.7201171875,4.846801376342773,1624.8732421875,4.8468017578125,0.0,0.0,,,,,,,,,,,,
6,val,3.9104496002197267,3.9104496002197267,0.0,3.91044921875,0.0,0.0,0.02399999797344208,0.02799999713897705,0.13000000715255738,0.14399999380111694,0.2619999885559082,0.2740000009536743,0.03400000333786011,0.02800000011920929,0.15399999618530275,0.156000018119812,0.28400001525878904,0.29600000381469727
7,train,3110.3990234375,4.8464611053466795,3105.55234375,4.846461486816406,0.0,0.0,,,,,,,,,,,,
7,val,3.9103336334228516,3.9103336334228516,0.0,3.910334014892578,0.0,0.0,0.031999999284744264,0.03999999761581421,0.12999999523162842,0.14000000953674316,0.26000001430511477,0.26599998474121095,0.04799999892711639,0.03999999761581421,0.15399999618530275,0.15,0.2899999856948853,0.28399999141693116
8,train,6014.020703125,4.8462646484375,6009.173828125,4.846263885498047,0.0,0.0,,,,,,,,,,,,
8,val,3.9104442596435547,3.9104442596435547,0.0,3.910443878173828,0.0,0.0,0.025999999046325682,0.04199999868869782,0.12799999713897706,0.1440000057220459,0.24800000190734864,0.27200000286102294,0.04399999976158142,0.04200000166893005,0.15600000619888305,0.1559999942779541,0.2740000009536743,0.2879999876022339
9,train,941.77138671875,4.846139526367187,936.92529296875,4.846139144897461,0.0,0.0,,,,,,,,,,,,
9,val,3.9101932525634764,3.9101932525634764,0.0,3.9101932525634764,0.0,0.0,0.023999996483325958,0.04199999868869782,0.12200000286102294,0.1440000057220459,0.24800000190734864,0.2740000009536743,0.03800000250339508,0.04399999976158142,0.15399999618530275,0.15400000810623168,0.27200000286102294,0.2879999876022339
10,train,15.628396606445312,4.845532989501953,10.782864379882813,4.845532989501953,0.0,0.0,,,,,,,,,,,,
10,val,3.9096916198730467,3.9096916198730467,0.0,3.9096916198730467,0.0,0.0,0.02399999797344208,0.04000000059604645,0.11999999284744263,0.1459999918937683,0.24399998188018798,0.2879999876022339,0.031999999284744264,0.04199999868869782,0.15199999809265136,0.1559999942779541,0.27200000286102294,0.30799996852874756
11,train,8.379550170898437,4.845187759399414,3.5343624114990235,4.845187759399414,0.0,0.0,,,,,,,,,,,,
11,val,3.9092117309570313,3.9092117309570313,0.0,3.909212112426758,0.0,0.0,0.03799999952316284,0.047999992966651917,0.12799999713897706,0.15400000810623168,0.25,0.2859999895095825,0.05,0.04799999594688416,0.16200000047683716,0.16200001239776612,0.27599999904632566,0.3019999980926514
12,train,17.891055297851562,4.844657897949219,13.04639892578125,4.844657897949219,0.0,0.0,,,,,,,,,,,,
12,val,3.9086193084716796,3.9086193084716796,0.0,3.908618927001953,0.0,0.0,0.023999999463558196,0.03999999761581421,0.14399999380111694,0.1459999918937683,0.2559999942779541,0.2879999876022339,0.03800000250339508,0.04199999868869782,0.17400001287460326,0.15399999618530275,0.28399999141693116,0.3039999961853027
13,train,5654.140234375,4.844033813476562,5649.29609375,4.844034194946289,0.0,0.0,,,,,,,,,,,,
13,val,3.9080268859863283,3.9080268859863283,0.0,3.9080268859863283,0.0,0.0,0.031999999284744264,0.04999999403953552,0.1459999918937683,0.17000000476837157,0.24800000190734864,0.29200000762939454,0.051999998092651364,0.05199999213218689,0.17799999713897705,0.178000009059906,0.2819999933242798,0.3059999942779541
14,train,10016.98203125,4.843614196777343,10012.13828125,4.843614196777343,0.0,0.0,,,,,,,,,,,,
14,val,3.9075855255126952,3.9075855255126952,0.0,3.9075855255126952,0.0,0.0,0.03400000035762787,0.04399999678134918,0.13599998950958253,0.15399999618530275,0.2519999980926514,0.2999999761581421,0.05,0.04399999678134918,0.16399999856948852,0.16399999856948852,0.2859999895095825,0.31600003242492675
15,train,6427.744921875,4.842910385131836,6422.90234375,4.842910385131836,0.0,0.0,,,,,,,,,,,,
15,val,3.9071815490722654,3.9071815490722654,0.0,3.9071815490722654,0.0,0.0,0.035999998450279236,0.04999999701976776,0.13199999332427978,0.17599999904632568,0.2660000085830688,0.30799996852874756,0.051999998092651364,0.05199999213218689,0.16399999856948852,0.18400001525878906,0.29599997997283933,0.3179999828338623
16,train,1888.4896484375,4.842587280273437,1883.6470703125,4.842586898803711,0.0,0.0,,,,,,,,,,,,
16,val,3.907130813598633,3.907130813598633,0.0,3.907130813598633,0.0,0.0,0.02800000011920929,0.04399999678134918,0.13199999332427978,0.17000000476837157,0.25799999237060545,0.2919999837875366,0.03999999761581421,0.04399999976158142,0.15600000619888305,0.17599999904632568,0.2859999895095825,0.3079999923706055
17,train,17421.628125,4.842039489746094,17416.7859375,4.84203872680664,0.0,0.0,,,,,,,,,,,,
17,val,3.906948471069336,3.906948471069336,0.0,3.906948471069336,0.0,0.0,0.03799999952316284,0.04399999976158142,0.13000000715255738,0.1559999942779541,0.2559999942779541,0.27599999904632566,0.051999998092651364,0.04399999678134918,0.1600000023841858,0.16399998664855958,0.2859999895095825,0.293999981880188
18,train,135.07943115234374,4.8414966583251955,130.23792724609376,4.8414966583251955,0.0,0.0,,,,,,,,,,,,
18,val,3.906854248046875,3.906854248046875,0.0,3.906854248046875,0.0,0.0,0.03799999952316284,0.04199999868869782,0.13199999332427978,0.16599999666213988,0.2619999885559082,0.29200000762939454,0.051999998092651364,0.04199999868869782,0.16000001430511473,0.17199997901916503,0.2859999895095825,0.30199997425079345
19,train,35198.203125,4.841202163696289,35193.3625,4.841202163696289,0.0,0.0,,,,,,,,,,,,
19,val,3.9069862365722656,3.9069862365722656,0.0,3.9069862365722656,0.0,0.0,0.04399999976158142,0.046000003814697266,0.13799999952316283,0.15199999809265136,0.24200000762939453,0.2859999895095825,0.05400000214576721,0.046000000834465024,0.16799999475479127,0.15999999046325683,0.2700000047683716,0.30199997425079345
20,train,4441.302734375,4.840888977050781,4436.461328125,4.840889358520508,0.0,0.0,,,,,,,,,,,,
20,val,3.9065906524658205,3.9065906524658205,0.0,3.906591033935547,0.0,0.0,0.04000000059604645,0.031999999284744264,0.12999999523162842,0.16599999666213988,0.2519999980926514,0.2740000009536743,0.05,0.031999999284744264,0.15799999237060547,0.17599999904632568,0.2800000190734863,0.2880000114440918
21,train,9034.1734375,4.840104675292968,9029.334375,4.840104675292968,0.0,0.0,,,,,,,,,,,,
21,val,3.9065410614013674,3.9065410614013674,0.0,3.906541442871094,0.0,0.0,0.04200000166893005,0.04399999976158142,0.1459999918937683,0.16599999666213988,0.2559999942779541,0.2819999694824219,0.05600000023841858,0.04399999678134918,0.17400002479553223,0.17000000476837157,0.2879999876022339,0.2979999780654907
22,train,14729.5453125,4.840048599243164,14724.7078125,4.840048599243164,0.0,0.0,,,,,,,,,,,,
22,val,3.906251907348633,3.906251907348633,0.0,3.9062526702880858,0.0,0.0,0.04599999785423279,0.04000000059604645,0.1440000057220459,0.17600001096725465,0.25799999237060545,0.2880000114440918,0.06000000238418579,0.04000000059604645,0.17000000476837157,0.18800001144409179,0.2819999933242798,0.30799996852874756
23,train,32139.434375,4.83967399597168,32134.596875,4.83967399597168,0.0,0.0,,,,,,,,,,,,
23,val,3.9063793182373048,3.9063793182373048,0.0,3.9063793182373048,0.0,0.0,0.04399999976158142,0.04999999701976776,0.1380000114440918,0.16999999284744263,0.2640000104904175,0.2919999837875366,0.05600000023841858,0.05,0.15999999046325683,0.1799999952316284,0.2879999876022339,0.30999996662139895
24,train,4534.6328125,4.839118957519531,4529.79375,4.839118957519531,0.0,0.0,,,,,,,,,,,,
24,val,3.906410980224609,3.906410980224609,0.0,3.9064105987548827,0.0,0.0,0.035999998450279236,0.04000000059604645,0.14399999380111694,0.17200000286102296,0.28399999141693116,0.2919999837875366,0.046000000834465024,0.03999999761581421,0.17000000476837157,0.18600000143051149,0.31399998664855955,0.31000001430511476
25,train,13742.0984375,4.839040756225586,13737.2578125,4.839041137695313,0.0,0.0,,,,,,,,,,,,
25,val,3.906299591064453,3.906299591064453,0.0,3.906299591064453,0.0,0.0,0.03399999737739563,0.04999999701976776,0.15399999618530275,0.16400001049041749,0.28399999141693116,0.3,0.04400000274181366,0.04999999701976776,0.18200000524520873,0.171999990940094,0.3140000104904175,0.3200000047683716
26,train,3702.962109375,4.83829345703125,3698.12421875,4.838293075561523,0.0,0.0,,,,,,,,,,,,
26,val,3.906298065185547,3.906298065185547,0.0,3.9062984466552733,0.0,0.0,0.03400000035762787,0.046000000834465024,0.14800000190734863,0.17400002479553223,0.27200000286102294,0.29800000190734866,0.04200000166893005,0.04599999785423279,0.17600001096725465,0.18600000143051149,0.29800000190734866,0.3200000047683716
27,train,2052.5791015625,4.838132858276367,2047.741015625,4.83813247680664,0.0,0.0,,,,,,,,,,,,
27,val,3.9065948486328126,3.9065948486328126,0.0,3.9065948486328126,0.0,0.0,0.03799999952316284,0.04599999785423279,0.15399999618530275,0.19000000953674318,0.2879999876022339,0.3039999961853027,0.04399999976158142,0.04599999785423279,0.1820000171661377,0.20199999809265137,0.31399998664855955,0.3220000028610229
28,train,35371.125,4.837761306762696,35366.284375,4.837761306762696,0.0,0.0,,,,,,,,,,,,
28,val,3.9061511993408202,3.9061511993408202,0.0,3.9061511993408202,0.0,0.0,0.03400000035762787,0.04799999892711639,0.14999998807907106,0.19799998998641968,0.30199997425079345,0.30600001811981203,0.04000000059604645,0.04799999892711639,0.18000000715255737,0.20799999237060546,0.3259999990463257,0.32800002098083497
29,train,14296.1625,4.837354278564453,14291.3265625,4.837354278564453,0.0,0.0,,,,,,,,,,,,
29,val,3.905926513671875,3.905926513671875,0.0,3.9059261322021483,0.0,0.0,0.037999996542930604,0.05600000023841858,0.15399999618530275,0.19000000953674318,0.28399999141693116,0.30399997234344484,0.04599999785423279,0.05600000023841858,0.18600001335144042,0.2,0.3079999923706055,0.31999998092651366
30,train,10447.2265625,4.836883544921875,10442.38984375,4.836883926391602,0.0,0.0,,,,,,,,,,,,
30,val,3.905780029296875,3.905780029296875,0.0,3.905780029296875,0.0,0.0,0.04999999701976776,0.05600000023841858,0.15600000619888305,0.18799999952316285,0.28399996757507323,0.3059999942779541,0.0559999942779541,0.05600000023841858,0.18600001335144042,0.1940000057220459,0.31399998664855955,0.3239999771118164
31,train,15267.559375,4.837110900878907,15262.7234375,4.837110900878907,0.0,0.0,,,,,,,,,,,,
31,val,3.905464935302734,3.905464935302734,0.0,3.905464935302734,0.0,0.0,0.03799999952316284,0.0559999942779541,0.15,0.17599999904632568,0.2940000057220459,0.3,0.04399999678134918,0.05600000023841858,0.17799999713897705,0.18399999141693116,0.32200002670288086,0.31399998664855955
32,train,12662.29296875,4.836484909057617,12657.45546875,4.836484909057617,0.0,0.0,,,,,,,,,,,,
32,val,3.905596923828125,3.905596923828125,0.0,3.905596923828125,0.0,0.0,0.04399999678134918,0.046000000834465024,0.15400002002716065,0.1760000228881836,0.29000000953674315,0.2940000057220459,0.04999999701976776,0.04599999785423279,0.17599999904632568,0.18600000143051149,0.31399998664855955,0.3119999885559082
33,train,20582.371875,4.836221694946289,20577.534375,4.836221694946289,0.0,0.0,,,,,,,,,,,,
33,val,3.9055740356445314,3.9055740356445314,0.0,3.9055736541748045,0.0,0.0,0.04399999678134918,0.051999998092651364,0.15400002002716065,0.178000009059906,0.28600001335144043,0.29200000762939454,0.05399999618530273,0.051999998092651364,0.1720000147819519,0.18599998950958252,0.3119999885559082,0.3099999904632568
34,train,17714.875,4.8365325927734375,17710.0375,4.836532211303711,0.0,0.0,,,,,,,,,,,,
34,val,3.9055507659912108,3.9055507659912108,0.0,3.9055507659912108,0.0,0.0,0.04599999487400055,0.051999998092651364,0.1600000023841858,0.17000000476837157,0.2679999828338623,0.29000000953674315,0.057999998331069946,0.051999998092651364,0.18599998950958252,0.1819999933242798,0.2940000057220459,0.30799996852874756
35,train,8469.26171875,4.835855865478516,8464.4265625,4.835855865478516,0.0,0.0,,,,,,,,,,,,
35,val,3.9049659729003907,3.9049659729003907,0.0,3.9049655914306642,0.0,0.0,0.04799999594688416,0.046000000834465024,0.15800000429153443,0.1680000066757202,0.2899999856948853,0.28399999141693116,0.059999996423721315,0.04599999785423279,0.17799999713897705,0.17599998712539672,0.3179999828338623,0.3039999961853027
36,train,6850.28828125,4.8357196807861325,6845.45234375,4.8357196807861325,0.0,0.0,,,,,,,,,,,,
36,val,3.9050479888916017,3.9050479888916017,0.0,3.905047607421875,0.0,0.0,0.04599999785423279,0.04799999892711639,0.16600000858306885,0.16200000047683716,0.2759999752044678,0.2879999876022339,0.0559999942779541,0.04799999892711639,0.18399999141693116,0.17000001668930054,0.29800000190734866,0.30199997425079345
37,train,13154.640625,4.835075378417969,13149.8046875,4.835075378417969,0.0,0.0,,,,,,,,,,,,
37,val,3.904837417602539,3.904837417602539,0.0,3.904837799072266,0.0,0.0,0.03999999761581421,0.04599999487400055,0.17000000476837157,0.17400000095367432,0.2679999828338623,0.29599997997283933,0.04999999701976776,0.04799999594688416,0.18799999952316285,0.18200000524520873,0.29000000953674315,0.31399998664855955
38,train,21471.6953125,4.8349956512451175,21466.859375,4.834995269775391,0.0,0.0,,,,,,,,,,,,
38,val,3.9040721893310546,3.9040721893310546,0.0,3.904071807861328,0.0,0.0,0.035999998450279236,0.04799999892711639,0.16600000858306885,0.1799999952316284,0.2740000009536743,0.2999999761581421,0.04399999678134918,0.04999999701976776,0.1819999933242798,0.18799999952316285,0.3019999980926514,0.3179999828338623
39,train,12590.3171875,4.834784317016601,12585.48203125,4.834784698486328,0.0,0.0,,,,,,,,,,,,
39,val,3.9031158447265626,3.9031158447265626,0.0,3.9031158447265626,0.0,0.0,0.04399999976158142,0.047999992966651917,0.178000009059906,0.16399998664855958,0.2899999856948853,0.2919999837875366,0.05399999618530273,0.04799999594688416,0.19000000953674318,0.17400001287460326,0.31599998474121094,0.3120000123977661
40,train,12829.05859375,4.834535598754883,12824.22421875,4.834535217285156,0.0,0.0,,,,,,,,,,,,
40,val,3.90307731628418,3.90307731628418,0.0,3.90307731628418,0.0,0.0,0.04799999594688416,0.05,0.1680000066757202,0.17200000286102296,0.30399997234344484,0.293999981880188,0.05600000023841858,0.04999999701976776,0.18600000143051149,0.18400001525878906,0.32400002479553225,0.31599998474121094
41,train,12005.01328125,4.834177398681641,12000.17890625,4.834177780151367,0.0,0.0,,,,,,,,,,,,
41,val,3.90318603515625,3.90318603515625,0.0,3.90318603515625,0.0,0.0,0.04799999594688416,0.03999999761581421,0.18800001144409179,0.19800000190734862,0.2899999856948853,0.30799996852874756,0.0559999942779541,0.03999999463558197,0.2,0.2080000162124634,0.31000001430511476,0.3319999694824219
42,train,13339.246875,4.83398551940918,13334.4140625,4.83398551940918,0.0,0.0,,,,,,,,,,,,
42,val,3.9037281036376954,3.9037281036376954,0.0,3.9037281036376954,0.0,0.0,0.051999998092651364,0.05199999213218689,0.18200000524520873,0.17000001668930054,0.3,0.30599997043609617,0.06000000238418579,0.051999998092651364,0.20199999809265137,0.1819999933242798,0.3220000028610229,0.32799999713897704
43,train,16193.0390625,4.8337890625,16188.2046875,4.8337890625,0.0,0.0,,,,,,,,,,,,
43,val,3.9039363861083984,3.9039363861083984,0.0,3.903936004638672,0.0,0.0,0.04799999892711639,0.04599999487400055,0.16600000858306885,0.17599999904632568,0.29599997997283933,0.3099999904632568,0.057999998331069946,0.04799999892711639,0.18600001335144042,0.18600000143051149,0.3220000028610229,0.3299999713897705
44,train,5514.765234375,4.833506011962891,5509.93125,4.833506774902344,0.0,0.0,,,,,,,,,,,,
44,val,3.9034690856933594,3.9034690856933594,0.0,3.9034690856933594,0.0,0.0,0.04799999594688416,0.04799999594688416,0.15999999046325683,0.17000000476837157,0.2899999856948853,0.3059999942779541,0.059999996423721315,0.04999999701976776,0.17400002479553223,0.18399999141693116,0.31399998664855955,0.3259999990463257
45,train,11022.37890625,4.833021545410157,11017.54765625,4.833021545410157,0.0,0.0,,,,,,,,,,,,
45,val,3.903403472900391,3.903403472900391,0.0,3.903403472900391,0.0,0.0,0.04799999892711639,0.05399999618530273,0.17400000095367432,0.18000000715255737,0.2979999780654907,0.3,0.06399999856948853,0.05600000023841858,0.19000000953674318,0.19200000762939454,0.31999998092651366,0.3200000047683716
46,train,11541.54453125,4.833146667480468,11536.7109375,4.833146667480468,0.0,0.0,,,,,,,,,,,,
46,val,3.902511215209961,3.902511215209961,0.0,3.9025115966796875,0.0,0.0,0.05,0.05399999618530273,0.1819999933242798,0.17799999713897705,0.3039999961853027,0.2919999837875366,0.06200000047683716,0.05600000023841858,0.19399999380111693,0.19000000953674318,0.32799997329711916,0.31399998664855955
47,train,1046.058984375,4.832643508911133,1041.22626953125,4.832643508911133,0.0,0.0,,,,,,,,,,,,
47,val,3.902918243408203,3.902918243408203,0.0,3.902918243408203,0.0,0.0,0.04599999487400055,0.04399999976158142,0.18400001525878906,0.17599999904632568,0.3039999961853027,0.3059999942779541,0.057999998331069946,0.046000000834465024,0.20399999618530273,0.18600001335144042,0.3240000009536743,0.3259999752044678
48,train,3745.298828125,4.832501983642578,3740.466015625,4.832501983642578,0.0,0.0,,,,,,,,,,,,
48,val,3.902364730834961,3.902364730834961,0.0,3.902364730834961,0.0,0.0,0.04999999701976776,0.04399999678134918,0.17000000476837157,0.18800001144409179,0.28399996757507323,0.3,0.06399999856948853,0.04599999785423279,0.19199999570846557,0.19600000381469726,0.3059999942779541,0.31999998092651366
49,train,11089.5890625,4.832495498657226,11084.75703125,4.832495498657226,0.0,0.0,,,,,,,,,,,,
49,val,3.9018409729003904,3.9018409729003904,0.0,3.9018409729003904,0.0,0.0,0.051999998092651364,0.03999999761581421,0.17800002098083495,0.17400000095367432,0.28600001335144043,0.3059999942779541,0.06200000047683716,0.041999995708465576,0.18999998569488524,0.18600000143051149,0.3099999904632568,0.3240000009536743
50,train,8978.13671875,4.832224273681641,8973.303125,4.832224273681641,0.0,0.0,,,,,,,,,,,,
50,val,3.9009689331054687,3.9009689331054687,0.0,3.9009689331054687,0.0,0.0,0.04599999487400055,0.04400000274181366,0.17799999713897705,0.1819999933242798,0.2999999761581421,0.3179999828338623,0.057999998331069946,0.04799999594688416,0.19000000953674318,0.19000000953674318,0.3220000028610229,0.33599998950958254
51,train,5437.426171875,4.831842041015625,5432.59453125,4.831842041015625,0.0,0.0,,,,,,,,,,,,
51,val,3.900987243652344,3.900987243652344,0.0,3.900987243652344,0.0,0.0,0.051999998092651364,0.04999999701976776,0.17599999904632568,0.19000000953674318,0.3,0.3039999961853027,0.06399999856948853,0.05399999618530273,0.19200001955032348,0.2,0.3240000009536743,0.3179999828338623
52,train,7183.10234375,4.8316162109375,7178.27109375,4.8316162109375,0.0,0.0,,,,,,,,,,,,
52,val,3.901653289794922,3.901653289794922,0.0,3.901653289794922,0.0,0.0,0.04999999701976776,0.05600000023841858,0.17799999713897705,0.18799999952316285,0.2919999837875366,0.3259999752044678,0.059999996423721315,0.05800000429153442,0.19199999570846557,0.19599999189376832,0.31599998474121094,0.33999996185302733
53,train,8686.471875,4.831378555297851,8681.63984375,4.831378173828125,0.0,0.0,,,,,,,,,,,,
53,val,3.9023059844970702,3.9023059844970702,0.0,3.9023059844970702,0.0,0.0,0.04799999594688416,0.04800000488758087,0.17200000286102296,0.1940000057220459,0.2880000114440918,0.30599997043609617,0.05400000214576721,0.051999998092651364,0.18399999141693116,0.20199999809265137,0.31399998664855955,0.31999998092651366
54,train,2427.9033203125,4.831352233886719,2423.071875,4.831352233886719,0.0,0.0,,,,,,,,,,,,
54,val,3.902316665649414,3.902316665649414,0.0,3.9023170471191406,0.0,0.0,0.04799999892711639,0.04399999976158142,0.17600001096725465,0.1840000033378601,0.28399999141693116,0.3079999923706055,0.05399999618530273,0.046000000834465024,0.18999998569488524,0.19199999570846557,0.3079999923706055,0.32200002670288086
55,train,4936.441796875,4.8313041687011715,4931.6109375,4.8313041687011715,0.0,0.0,,,,,,,,,,,,
55,val,3.901814651489258,3.901814651489258,0.0,3.901814651489258,0.0,0.0,0.04999999701976776,0.05,0.16599999666213988,0.17200000286102296,0.29200000762939454,0.30199997425079345,0.057999998331069946,0.05400000214576721,0.1819999933242798,0.18399999141693116,0.31599998474121094,0.31999998092651366
56,train,7597.834375,4.83079719543457,7593.00390625,4.830797576904297,0.0,0.0,,,,,,,,,,,,
56,val,3.9023513793945312,3.9023513793945312,0.0,3.9023509979248048,0.0,0.0,0.05399999618530273,0.035999998450279236,0.17200000286102296,0.19399999380111693,0.2859999895095825,0.3,0.057999998331069946,0.03999999761581421,0.18200000524520873,0.20399999618530273,0.3099999904632568,0.3179999828338623
57,train,5329.303515625,4.830460739135742,5324.47265625,4.830460739135742,0.0,0.0,,,,,,,,,,,,
57,val,3.9014469146728517,3.9014469146728517,0.0,3.9014469146728517,0.0,0.0,0.05399999618530273,0.04599999785423279,0.19000000953674318,0.18600001335144042,0.3039999961853027,0.31399998664855955,0.062000006437301636,0.048000001907348634,0.20399999618530273,0.2,0.3259999990463257,0.33199999332427976
58,train,5181.707421875,4.830482864379883,5176.87734375,4.830483245849609,0.0,0.0,,,,,,,,,,,,
58,val,3.9008270263671876,3.9008270263671876,0.0,3.9008270263671876,0.0,0.0,0.05799999237060547,0.04399999976158142,0.18000000715255737,0.1940000057220459,0.2979999780654907,0.3260000228881836,0.06399999856948853,0.04799999594688416,0.1940000057220459,0.20399999618530273,0.3220000028610229,0.34600000381469725
59,train,9190.18671875,4.830133438110352,9185.35703125,4.8301338195800785,0.0,0.0,,,,,,,,,,,,
59,val,3.900130844116211,3.900130844116211,0.0,3.9001312255859375,0.0,0.0,0.06200000047683716,0.04599999785423279,0.19000000953674318,0.17600001096725465,0.31399998664855955,0.3239999771118164,0.07200000286102295,0.05,0.20199999809265137,0.18799999952316285,0.3380000114440918,0.3419999837875366
60,train,7257.8484375,4.829960632324219,7253.01875,4.829960632324219,0.0,0.0,,,,,,,,,,,,
60,val,3.9005172729492186,3.9005172729492186,0.0,3.9005172729492186,0.0,0.0,0.05600000023841858,0.057999998331069946,0.18600001335144042,0.17400000095367432,0.31399998664855955,0.32199997901916505,0.059999996423721315,0.06200000047683716,0.19800000190734862,0.18399999141693116,0.3360000133514404,0.3360000133514404
61,train,8550.30859375,4.829665756225586,8545.478125,4.8296661376953125,0.0,0.0,,,,,,,,,,,,
61,val,3.9000816345214844,3.9000816345214844,0.0,3.9000816345214844,0.0,0.0,0.059999996423721315,0.051999998092651364,0.1820000171661377,0.18200000524520873,0.3239999771118164,0.32799997329711916,0.06399999856948853,0.0559999942779541,0.20399999618530273,0.19200000762939454,0.35,0.3440000057220459
62,train,5761.780859375,4.829446411132812,5756.9515625,4.829446792602539,0.0,0.0,,,,,,,,,,,,
62,val,3.900384521484375,3.900384521484375,0.0,3.900384521484375,0.0,0.0,0.059999996423721315,0.04399999976158142,0.1940000057220459,0.19199999570846557,0.3099999904632568,0.3259999752044678,0.06599999666213989,0.046000000834465024,0.2119999885559082,0.2,0.3360000133514404,0.343999981880188
63,train,3253.0671875,4.829266357421875,3248.2376953125,4.829266357421875,0.0,0.0,,,,,,,,,,,,
63,val,3.9011455535888673,3.9011455535888673,0.0,3.9011459350585938,0.0,0.0,0.059999996423721315,0.04199999868869782,0.19600000381469726,0.1820000171661377,0.3,0.32199997901916505,0.07000000476837158,0.04399999976158142,0.2119999885559082,0.1899999976158142,0.3240000009536743,0.34000000953674314
64,train,4579.268359375,4.829115295410157,4574.439453125,4.829115295410157,0.0,0.0,,,,,,,,,,,,
64,val,3.9015079498291017,3.9015079498291017,0.0,3.9015079498291017,0.0,0.0,0.06200000047683716,0.037999996542930604,0.1899999976158142,0.18600001335144042,0.3099999904632568,0.32800002098083497,0.06999999880790711,0.03799999356269836,0.20199999809265137,0.19600000381469726,0.3320000171661377,0.34600000381469725
65,train,2501.4056640625,4.828830337524414,2496.5767578125,4.828830718994141,0.0,0.0,,,,,,,,,,,,
65,val,3.900556945800781,3.900556945800781,0.0,3.900556945800781,0.0,0.0,0.051999998092651364,0.04399999976158142,0.1899999976158142,0.18000000715255737,0.3,0.3299999713897705,0.06399999260902405,0.04399999976158142,0.20399999618530273,0.19200000762939454,0.32199997901916505,0.34600000381469725
66,train,7794.11484375,4.8287498474121096,7789.28671875,4.8287498474121096,0.0,0.0,,,,,,,,,,,,
66,val,3.9002750396728514,3.9002750396728514,0.0,3.900274658203125,0.0,0.0,0.057999998331069946,0.04399999678134918,0.18000000715255737,0.17800002098083495,0.30199997425079345,0.3240000009536743,0.06800000071525573,0.04399999976158142,0.19399999380111693,0.18600001335144042,0.3259999752044678,0.3400000333786011
67,train,7616.3734375,4.828379440307617,7611.5453125,4.828379440307617,0.0,0.0,,,,,,,,,,,,
67,val,3.9008258819580077,3.9008258819580077,0.0,3.9008258819580077,0.0,0.0,0.057999998331069946,0.03999999761581421,0.1940000057220459,0.17400000095367432,0.29800000190734866,0.3179999828338623,0.06799999475479127,0.040000003576278684,0.20999999046325685,0.1840000033378601,0.32000002861022947,0.33399999141693115
68,train,7645.36640625,4.828357315063476,7640.5375,4.828357696533203,0.0,0.0,,,,,,,,,,,,
68,val,3.900437927246094,3.900437927246094,0.0,3.900437927246094,0.0,0.0,0.06399999260902405,0.04799999594688416,0.19600000381469726,0.17400000095367432,0.31399998664855955,0.32199997901916505,0.07599999904632568,0.048000001907348634,0.2119999885559082,0.18200000524520873,0.3340000152587891,0.3359999656677246
69,train,5057.18828125,4.828318405151367,5052.36015625,4.828318786621094,0.0,0.0,,,,,,,,,,,,
69,val,3.9005687713623045,3.9005687713623045,0.0,3.900568389892578,0.0,0.0,0.06599999666213989,0.04999999701976776,0.20199999809265137,0.2,0.31399998664855955,0.31600000858306887,0.08200000524520874,0.05,0.21800000667572023,0.2080000162124634,0.3340000152587891,0.3340000152587891
70,train,3145.8283203125,4.828192901611328,3141.0,4.828192520141601,0.0,0.0,,,,,,,,,,,,
70,val,3.900072479248047,3.900072479248047,0.0,3.900072479248047,0.0,0.0,0.06599999666213989,0.04799999892711639,0.2,0.20199999809265137,0.3079999923706055,0.30799996852874756,0.07800000309944152,0.04799999892711639,0.21399998664855957,0.20799999237060546,0.32799999713897704,0.32199997901916505
71,train,10724.49375,4.827842712402344,10719.665625,4.827843475341797,0.0,0.0,,,,,,,,,,,,
71,val,3.8989391326904297,3.8989391326904297,0.0,3.8989391326904297,0.0,0.0,0.06199999451637268,0.057999998331069946,0.1940000057220459,0.20399999618530273,0.31399996280670167,0.3359999656677246,0.07400000095367432,0.057999998331069946,0.20799999237060546,0.20999999046325685,0.32999999523162843,0.35399999618530276
72,train,7548.5359375,4.827633285522461,7543.70859375,4.827633285522461,0.0,0.0,,,,,,,,,,,,
72,val,3.8988571166992188,3.8988571166992188,0.0,3.8988567352294923,0.0,0.0,0.06599999666213989,0.06200000047683716,0.1899999976158142,0.1940000057220459,0.30800001621246337,0.3380000114440918,0.07600000500679016,0.06399999856948853,0.20199999809265137,0.2059999942779541,0.3259999990463257,0.35199997425079343
73,train,6302.06171875,4.827462768554687,6297.234375,4.827463531494141,0.0,0.0,,,,,,,,,,,,
73,val,3.8984989166259765,3.8984989166259765,0.0,3.8984989166259765,0.0,0.0,0.06599999666213989,0.05800000429153442,0.19800000190734862,0.19800000190734862,0.3099999904632568,0.31399998664855955,0.07400000095367432,0.057999998331069946,0.20999999046325685,0.2059999942779541,0.3300000190734863,0.33199999332427976
74,train,5162.3890625,4.827259826660156,5157.561328125,4.827260208129883,0.0,0.0,,,,,,,,,,,,
74,val,3.898192596435547,3.898192596435547,0.0,3.89819221496582,0.0,0.0,0.06599999666213989,0.05600000023841858,0.2080000162124634,0.2,0.31600000858306887,0.31399998664855955,0.07599999904632568,0.05600000023841858,0.2200000047683716,0.20399999618530273,0.33399999141693115,0.32999999523162843
75,train,9447.80390625,4.827095413208008,9442.9765625,4.827095413208008,0.0,0.0,,,,,,,,,,,,
75,val,3.8988929748535157,3.8988929748535157,0.0,3.8988929748535157,0.0,0.0,0.06800000071525573,0.05,0.19600000381469726,0.1980000138282776,0.3119999885559082,0.3220000028610229,0.07799999713897705,0.04999999701976776,0.20999999046325685,0.2059999942779541,0.32799999713897704,0.34200000762939453
76,train,8565.75703125,4.827027130126953,8560.93046875,4.82702751159668,0.0,0.0,,,,,,,,,,,,
76,val,3.8983009338378904,3.8983009338378904,0.0,3.8983009338378904,0.0,0.0,0.06800000071525573,0.05399999618530273,0.19200000762939454,0.1820000171661377,0.3019999980926514,0.3180000066757202,0.07599999904632568,0.05399999618530273,0.20799999237060546,0.1899999976158142,0.3200000047683716,0.3380000114440918
77,train,9380.0578125,4.8268585205078125,9375.23203125,4.8268585205078125,0.0,0.0,,,,,,,,,,,,
77,val,3.898799514770508,3.898799514770508,0.0,3.898799514770508,0.0,0.0,0.06200000047683716,0.04999999701976776,0.1940000057220459,0.1819999933242798,0.3119999885559082,0.3119999885559082,0.07200000286102295,0.04999999403953552,0.20799999237060546,0.18799998760223388,0.32999999523162843,0.3239999771118164
78,train,7272.45234375,4.8267662048339846,7267.62578125,4.8267662048339846,0.0,0.0,,,,,,,,,,,,
78,val,3.8986392974853517,3.8986392974853517,0.0,3.8986392974853517,0.0,0.0,0.06800000071525573,0.051999998092651364,0.19600000381469726,0.178000009059906,0.31599998474121094,0.30399997234344484,0.07199999690055847,0.051999998092651364,0.2120000123977661,0.1840000033378601,0.3340000152587891,0.31399998664855955
79,train,4836.327734375,4.826662063598633,4831.501171875,4.826661682128906,0.0,0.0,,,,,,,,,,,,
79,val,3.8985897064208985,3.8985897064208985,0.0,3.8985897064208985,0.0,0.0,0.06000000238418579,0.051999998092651364,0.1820000171661377,0.17999998331069947,0.33400003910064696,0.3179999828338623,0.06599999666213989,0.051999998092651364,0.20199999809265137,0.19199998378753663,0.35199999809265137,0.3319999694824219
80,train,12919.0203125,4.82615852355957,12914.19296875,4.82615852355957,0.0,0.0,,,,,,,,,,,,
80,val,3.8985549926757814,3.8985549926757814,0.0,3.8985549926757814,0.0,0.0,0.06599999666213989,0.05,0.18399999141693116,0.18800001144409179,0.32199997901916505,0.3119999885559082,0.07199999690055847,0.051999998092651364,0.2,0.19599999189376832,0.3419999837875366,0.3259999752044678
81,train,7411.77109375,4.826333999633789,7406.9453125,4.826333999633789,0.0,0.0,,,,,,,,,,,,
81,val,3.898478317260742,3.898478317260742,0.0,3.898478698730469,0.0,0.0,0.06599999666213989,0.04999999701976776,0.19600000381469726,0.19200000762939454,0.31800003051757814,0.3299999713897705,0.07199999094009399,0.04999999403953552,0.21400001049041747,0.2,0.34000000953674314,0.34600000381469725
82,train,12077.465625,4.8258720397949215,12072.640625,4.8258720397949215,0.0,0.0,,,,,,,,,,,,
82,val,3.8981254577636717,3.8981254577636717,0.0,3.8981258392333986,0.0,0.0,0.06599999666213989,0.04599999785423279,0.1899999976158142,0.19600000381469726,0.3239999771118164,0.32400002479553225,0.07199999690055847,0.04599999785423279,0.2120000123977661,0.2059999704360962,0.34600000381469725,0.34200000762939453
83,train,3620.973046875,4.825890350341797,3616.147265625,4.825890350341797,0.0,0.0,,,,,,,,,,,,
83,val,3.8972698211669923,3.8972698211669923,0.0,3.897269439697266,0.0,0.0,0.06999999880790711,0.05600000023841858,0.20199999809265137,0.1940000057220459,0.32799999713897704,0.3180000066757202,0.07599999904632568,0.06200000047683716,0.2200000047683716,0.20399999618530273,0.35199999809265137,0.3340000152587891
84,train,8861.57109375,4.825645446777344,8856.7453125,4.825645446777344,0.0,0.0,,,,,,,,,,,,
84,val,3.897416687011719,3.897416687011719,0.0,3.8974163055419924,0.0,0.0,0.07399999499320983,0.04799999594688416,0.20399999618530273,0.18799998760223388,0.31999998092651366,0.3140000343322754,0.0800000011920929,0.051999998092651364,0.22599999904632567,0.19800000190734862,0.3440000057220459,0.32999999523162843
85,train,6519.3953125,4.825665283203125,6514.569140625,4.825665664672852,0.0,0.0,,,,,,,,,,,,
85,val,3.8966438293457033,3.8966438293457033,0.0,3.8966438293457033,0.0,0.0,0.07400000095367432,0.05399999618530273,0.19600000381469726,0.19800000190734862,0.33400003910064696,0.31399998664855955,0.08199999332427979,0.057999998331069946,0.21399998664855957,0.21000001430511475,0.35399999618530276,0.3319999694824219
86,train,22058.2578125,4.825293350219726,22053.43125,4.825293350219726,0.0,0.0,,,,,,,,,,,,
86,val,3.8966754913330077,3.8966754913330077,0.0,3.8966751098632812,0.0,0.0,0.07599999308586121,0.04999999701976776,0.19800000190734862,0.20999999046325685,0.3200000047683716,0.3099999904632568,0.08199999928474426,0.05399999618530273,0.2200000047683716,0.22200000286102295,0.34000000953674314,0.32799999713897704
87,train,11841.5359375,4.825327301025391,11836.709375,4.825327301025391,0.0,0.0,,,,,,,,,,,,
87,val,3.8973480224609376,3.8973480224609376,0.0,3.897347640991211,0.0,0.0,0.06999999880790711,0.05399999618530273,0.21000001430511475,0.19600000381469726,0.3,0.3079999923706055,0.07799999713897705,0.057999998331069946,0.2240000009536743,0.2080000162124634,0.3240000009536743,0.3259999752044678
88,train,7613.76484375,4.824998092651367,7608.93984375,4.824998092651367,0.0,0.0,,,,,,,,,,,,
88,val,3.897246170043945,3.897246170043945,0.0,3.897246551513672,0.0,0.0,0.06800000071525573,0.05600000023841858,0.2240000009536743,0.1899999976158142,0.3179999828338623,0.31000001430511476,0.07599999904632568,0.06200000047683716,0.2380000114440918,0.19599999189376832,0.34000000953674314,0.3300000190734863
89,train,5089.759375,4.824668884277344,5084.933984375,4.824668884277344,0.0,0.0,,,,,,,,,,,,
89,val,3.8965999603271486,3.8965999603271486,0.0,3.8965995788574217,0.0,0.0,0.06999999880790711,0.05399999618530273,0.22999999523162842,0.17799999713897705,0.31600000858306887,0.32799997329711916,0.07600000500679016,0.059999996423721315,0.2440000057220459,0.18799998760223388,0.34000000953674314,0.34399995803833006
90,train,5361.916015625,4.8246807098388675,5357.090625,4.8246807098388675,0.0,0.0,,,,,,,,,,,,
90,val,3.897330474853516,3.897330474853516,0.0,3.897330474853516,0.0,0.0,0.06800000071525573,0.04999999403953552,0.21000001430511475,0.19000000953674318,0.3239999771118164,0.3099999904632568,0.07399999499320983,0.0559999942779541,0.22999999523162842,0.2,0.34600000381469725,0.32799999713897704
91,train,14851.959375,4.824562454223633,14847.134375,4.824562454223633,0.0,0.0,,,,,,,,,,,,
91,val,3.8975502014160157,3.8975502014160157,0.0,3.8975502014160157,0.0,0.0,0.06999999880790711,0.05600000023841858,0.20999999046325685,0.18400001525878906,0.3259999752044678,0.3079999923706055,0.07599999904632568,0.062000006437301636,0.22999999523162842,0.19600000381469726,0.34600000381469725,0.3259999990463257
92,train,21037.5453125,4.82421646118164,21032.7203125,4.82421646118164,0.0,0.0,,,,,,,,,,,,
92,val,3.8970733642578126,3.8970733642578126,0.0,3.8970733642578126,0.0,0.0,0.07799999713897705,0.05400000214576721,0.2059999942779541,0.19000000953674318,0.31599998474121094,0.3119999885559082,0.08799999952316284,0.059999996423721315,0.2240000009536743,0.20399999618530273,0.34000000953674314,0.3299999713897705
93,train,14712.646875,4.824044036865234,14707.8203125,4.824044036865234,0.0,0.0,,,,,,,,,,,,
93,val,3.8981067657470705,3.8981067657470705,0.0,3.8981067657470705,0.0,0.0,0.07199999690055847,0.05400000214576721,0.20199999809265137,0.19600000381469726,0.3119999885559082,0.32999999523162843,0.07799999117851257,0.057999998331069946,0.21800000667572023,0.20399999618530273,0.3380000114440918,0.3440000057220459
94,train,12770.99140625,4.824007034301758,12766.1671875,4.824006652832031,0.0,0.0,,,,,,,,,,,,
94,val,3.898426818847656,3.898426818847656,0.0,3.898426818847656,0.0,0.0,0.06799999475479127,0.04999999701976776,0.206000018119812,0.2080000162124634,0.3240000009536743,0.31600003242492675,0.07600000500679016,0.05399999618530273,0.22599999904632567,0.2200000047683716,0.34600000381469725,0.33599998950958254
95,train,9068.365625,4.8237754821777346,9063.54140625,4.823775100708008,0.0,0.0,,,,,,,,,,,,
95,val,3.8991313934326173,3.8991313934326173,0.0,3.8991313934326173,0.0,0.0,0.06599999070167542,0.04399999976158142,0.19800002574920655,0.19800000190734862,0.3200000047683716,0.34000000953674314,0.07400000095367432,0.04799999594688416,0.21600000858306884,0.2080000162124634,0.34000000953674314,0.3579999923706055
96,train,8571.503125,4.823844146728516,8566.68046875,4.823844146728516,0.0,0.0,,,,,,,,,,,,
96,val,3.8988643646240235,3.8988643646240235,0.0,3.8988643646240235,0.0,0.0,0.06799999475479127,0.04999999701976776,0.2080000162124634,0.18800001144409179,0.3239999771118164,0.3319999694824219,0.07800000309944152,0.05600000023841858,0.22599999904632567,0.2080000162124634,0.343999981880188,0.35
97,train,7091.93125,4.823379898071289,7087.1078125,4.8233795166015625,0.0,0.0,,,,,,,,,,,,
97,val,3.898947906494141,3.898947906494141,0.0,3.898947525024414,0.0,0.0,0.06599999666213989,0.04599999785423279,0.19599999189376832,0.19200000762939454,0.32200002670288086,0.3179999828338623,0.07399999499320983,0.05400000214576721,0.21600000858306884,0.21400001049041747,0.34800000190734864,0.3380000114440918
98,train,5956.695703125,4.823381423950195,5951.871484375,4.823381805419922,0.0,0.0,,,,,,,,,,,,
98,val,3.8990753173828123,3.8990753173828123,0.0,3.899074935913086,0.0,0.0,0.06999999880790711,0.04799999892711639,0.20199999809265137,0.1799999952316284,0.3200000047683716,0.3320000171661377,0.08200000524520874,0.05600000023841858,0.22200000286102295,0.1940000057220459,0.34600000381469725,0.35399999618530276
99,train,5479.894921875,4.8230243682861325,5475.071875,4.823023986816406,0.0,0.0,,,,,,,,,,,,
99,val,3.898297882080078,3.898297882080078,0.0,3.898297882080078,0.0,0.0,0.07599999904632568,0.05400000214576721,0.1940000057220459,0.1840000033378601,0.3079999923706055,0.32199997901916505,0.08199999332427979,0.062000006437301636,0.2179999828338623,0.2,0.3320000171661377,0.3480000257492065
100,train,12312.315625,4.823020172119141,12307.4921875,4.823020172119141,0.0,0.0,,,,,,,,,,,,
100,val,3.898473358154297,3.898473358154297,0.0,3.898473358154297,0.0,0.0,0.07000000476837158,0.05,0.19800000190734862,0.18799999952316285,0.2940000057220459,0.3179999828338623,0.07599999904632568,0.05600000023841858,0.2240000009536743,0.2059999942779541,0.31599998474121094,0.33399999141693115
101,train,7350.42734375,4.822896194458008,7345.6046875,4.822895812988281,0.0,0.0,,,,,,,,,,,,
101,val,3.897792434692383,3.897792434692383,0.0,3.897792434692383,0.0,0.0,0.07000000476837158,0.05,0.19199999570846557,0.19200000762939454,0.3059999942779541,0.315999960899353,0.07799999713897705,0.05600000023841858,0.21400001049041747,0.20399999618530273,0.3320000171661377,0.33399999141693115
102,train,4521.330859375,4.822961044311524,4516.5078125,4.82296142578125,0.0,0.0,,,,,,,,,,,,
102,val,3.8979171752929687,3.8979171752929687,0.0,3.8979171752929687,0.0,0.0,0.07399999499320983,0.05,0.19800000190734862,0.19800002574920655,0.31399998664855955,0.3119999647140503,0.08199999928474426,0.05600000023841858,0.21800000667572023,0.2120000123977661,0.343999981880188,0.3319999694824219
103,train,8172.53203125,4.822846603393555,8167.71015625,4.822846984863281,0.0,0.0,,,,,,,,,,,,
103,val,3.897469711303711,3.897469711303711,0.0,3.897469329833984,0.0,0.0,0.08400000929832459,0.062000006437301636,0.21600000858306884,0.20200002193450928,0.31600003242492675,0.3179999828338623,0.09800000190734863,0.06800000071525573,0.24600000381469728,0.21800000667572023,0.35,0.3359999656677246
104,train,9316.3140625,4.822571182250977,9311.49296875,4.822571182250977,0.0,0.0,,,,,,,,,,,,
104,val,3.8978328704833984,3.8978328704833984,0.0,3.897832489013672,0.0,0.0,0.0899999976158142,0.057999998331069946,0.21400001049041747,0.2120000123977661,0.3300000190734863,0.3219999551773071,0.09799998998641968,0.064000004529953,0.24000000953674316,0.22599999904632567,0.3619999885559082,0.34200000762939453
105,train,6825.36328125,4.82240104675293,6820.54140625,4.82240104675293,0.0,0.0,,,,,,,,,,,,
105,val,3.897386932373047,3.897386932373047,0.0,3.897386932373047,0.0,0.0,0.08199999332427979,0.06200000047683716,0.21000001430511475,0.20000002384185792,0.3320000171661377,0.31999998092651366,0.08799999952316284,0.06599999070167542,0.23199999332427979,0.2120000123977661,0.3600000381469727,0.34000000953674314
106,train,10668.0546875,4.822145080566406,10663.2328125,4.822145080566406,0.0,0.0,,,,,,,,,,,,
106,val,3.8969688415527344,3.8969688415527344,0.0,3.8969688415527344,0.0,0.0,0.085999995470047,0.06200000047683716,0.2179999828338623,0.19800000190734862,0.3360000133514404,0.3099999904632568,0.09000000357627869,0.06999999880790711,0.2380000114440918,0.21600000858306884,0.3640000343322754,0.3299999713897705
107,train,10604.02734375,4.822114562988281,10599.20546875,4.822114944458008,0.0,0.0,,,,,,,,,,,,
107,val,3.89742431640625,3.89742431640625,0.0,3.8974239349365236,0.0,0.0,0.07799999713897705,0.06199999451637268,0.21000001430511475,0.20999999046325685,0.3200000047683716,0.3239999771118164,0.08799999952316284,0.07200000286102295,0.23199999332427979,0.22799999713897706,0.35199999809265137,0.34800000190734864
108,train,10340.921875,4.821821594238282,10336.09921875,4.821821594238282,0.0,0.0,,,,,,,,,,,,
108,val,3.897643280029297,3.897643280029297,0.0,3.897643280029297,0.0,0.0,0.07999999523162842,0.06000000834465027,0.20999999046325685,0.21800000667572023,0.32799999713897704,0.31599998474121094,0.08600000143051148,0.06999999880790711,0.23600001335144044,0.2380000114440918,0.3520000457763672,0.34000000953674314
109,train,11560.50390625,4.8215476989746096,11555.68125,4.821548080444336,0.0,0.0,,,,,,,,,,,,
109,val,3.898316192626953,3.898316192626953,0.0,3.8983158111572265,0.0,0.0,0.08200000524520874,0.062000006437301636,0.21600000858306884,0.2080000162124634,0.3240000009536743,0.3260000228881836,0.0899999976158142,0.06999999880790711,0.2379999876022339,0.22799999713897706,0.34600000381469725,0.34800000190734864
110,train,23009.7515625,4.8216907501220705,23004.928125,4.821690368652344,0.0,0.0,,,,,,,,,,,,
110,val,3.8973697662353515,3.8973697662353515,0.0,3.8973697662353515,0.0,0.0,0.085999995470047,0.06000000238418579,0.21800000667572023,0.206000018119812,0.3099999904632568,0.31599998474121094,0.09400000572204589,0.06599999666213989,0.2379999876022339,0.22799999713897706,0.3379999876022339,0.33999996185302733
111,train,5097.356640625,4.821429824829101,5092.534765625,4.821429824829101,0.0,0.0,,,,,,,,,,,,
111,val,3.8970821380615233,3.8970821380615233,0.0,3.897081756591797,0.0,0.0,0.08600000143051148,0.06000000238418579,0.21000001430511475,0.2120000123977661,0.3059999942779541,0.3239999532699585,0.08800000548362732,0.06800000071525573,0.22799999713897706,0.23400001525878905,0.3299999713897705,0.34799995422363283
112,train,17685.671875,4.821682739257812,17680.85,4.821683120727539,0.0,0.0,,,,,,,,,,,,
112,val,3.8975372314453125,3.8975372314453125,0.0,3.8975372314453125,0.0,0.0,0.0840000033378601,0.06200000047683716,0.20199999809265137,0.206000018119812,0.31600000858306887,0.3259999752044678,0.08600000143051148,0.06999999880790711,0.2239999771118164,0.22599999904632567,0.34000000953674314,0.3479999780654907
113,train,23063.6171875,4.821184539794922,23058.7953125,4.821184539794922,0.0,0.0,,,,,,,,,,,,
113,val,3.8975799560546873,3.8975799560546873,0.0,3.8975803375244142,0.0,0.0,0.08200000524520874,0.06000000238418579,0.18999998569488524,0.20400002002716064,0.31600003242492675,0.337999963760376,0.08200000524520874,0.06799999475479127,0.21400001049041747,0.22599999904632567,0.34200000762939453,0.3659999847412109
114,train,9346.93515625,4.821043014526367,9342.1140625,4.821043395996094,0.0,0.0,,,,,,,,,,,,
114,val,3.8978561401367187,3.8978561401367187,0.0,3.8978561401367187,0.0,0.0,0.08600000143051148,0.06000000238418579,0.20399999618530273,0.21000001430511475,0.30600001811981203,0.3179999828338623,0.08799999952316284,0.06799999475479127,0.22200000286102295,0.23199999332427979,0.33399999141693115,0.3419999599456787
115,train,5809.194921875,4.821062469482422,5804.3734375,4.821062469482422,0.0,0.0,,,,,,,,,,,,
115,val,3.897806167602539,3.897806167602539,0.0,3.897806167602539,0.0,0.0,0.08000000715255737,0.06600000262260437,0.21400001049041747,0.20200002193450928,0.3240000009536743,0.337999963760376,0.08399999737739564,0.07599999904632568,0.2380000114440918,0.21999998092651368,0.35199999809265137,0.3579999923706055
116,train,17439.5078125,4.820562362670898,17434.6859375,4.820562362670898,0.0,0.0,,,,,,,,,,,,
116,val,3.8975563049316406,3.8975563049316406,0.0,3.8975563049316406,0.0,0.0,0.0800000011920929,0.062000006437301636,0.2120000123977661,0.2,0.3140000104904175,0.3259999752044678,0.08399999737739564,0.06999999880790711,0.2380000114440918,0.21800000667572023,0.3440000057220459,0.3479999780654907
117,train,9641.1890625,4.820711135864258,9636.36875,4.820711135864258,0.0,0.0,,,,,,,,,,,,
117,val,3.898380661010742,3.898380661010742,0.0,3.898380661010742,0.0,0.0,0.07799999713897705,0.062000006437301636,0.2059999942779541,0.2,0.3079999923706055,0.33199999332427976,0.08199999928474426,0.07200000286102295,0.22400002479553222,0.21800000667572023,0.33399999141693115,0.3559999704360962
118,train,14983.1890625,4.820522308349609,14978.36875,4.820522308349609,0.0,0.0,,,,,,,,,,,,
118,val,3.8974403381347655,3.8974403381347655,0.0,3.8974403381347655,0.0,0.0,0.0800000011920929,0.05800000429153442,0.20399999618530273,0.21000001430511475,0.31000001430511476,0.34200000762939453,0.08199999332427979,0.06799999475479127,0.22799999713897706,0.22800002098083497,0.32999999523162843,0.3639999866485596
119,train,11604.2578125,4.820258712768554,11599.4375,4.820259094238281,0.0,0.0,,,,,,,,,,,,
119,val,3.8958587646484375,3.8958587646484375,0.0,3.895859146118164,0.0,0.0,0.06800000071525573,0.06399999856948853,0.20999999046325685,0.19999998807907104,0.31999998092651366,0.3400000333786011,0.06800000667572022,0.07400000095367432,0.22800002098083497,0.21600000858306884,0.3379999876022339,0.3640000343322754
120,train,17970.2125,4.82025032043457,17965.39375,4.820249557495117,0.0,0.0,,,,,,,,,,,,
120,val,3.896250915527344,3.896250915527344,0.0,3.896250534057617,0.0,0.0,0.07800000309944152,0.06399999856948853,0.20399999618530273,0.2059999942779541,0.3340000152587891,0.3380000591278076,0.07799999713897705,0.07199999690055847,0.22200000286102295,0.22799999713897706,0.35399999618530276,0.36200001239776614
121,train,11936.5421875,4.820076751708984,11931.721875,4.820076751708984,0.0,0.0,,,,,,,,,,,,
121,val,3.8955104827880858,3.8955104827880858,0.0,3.8955108642578127,0.0,0.0,0.07200000286102295,0.05600000023841858,0.19999997615814208,0.2,0.3259999752044678,0.31599998474121094,0.07599999308586121,0.06599999666213989,0.22200000286102295,0.2200000047683716,0.35,0.33599998950958254
122,train,18971.825,4.819897842407227,18967.0046875,4.819898223876953,0.0,0.0,,,,,,,,,,,,
122,val,3.8964664459228517,3.8964664459228517,0.0,3.8964664459228517,0.0,0.0,0.07400000095367432,0.06200000047683716,0.22200000286102295,0.19600000381469726,0.3239999771118164,0.3239999771118164,0.07399999499320983,0.07199999690055847,0.24199998378753662,0.2179999828338623,0.34800000190734864,0.3479999780654907
123,train,17211.8234375,4.819559478759766,17207.0046875,4.819559860229492,0.0,0.0,,,,,,,,,,,,
123,val,3.8967708587646483,3.8967708587646483,0.0,3.8967708587646483,0.0,0.0,0.07399999499320983,0.057999998331069946,0.20799999237060546,0.18799999952316285,0.3380000114440918,0.3220000028610229,0.07599999904632568,0.06399999856948853,0.22799999713897706,0.2120000123977661,0.3599999904632568,0.3459999799728394
124,train,23788.1203125,4.819550323486328,23783.303125,4.819550704956055,0.0,0.0,,,,,,,,,,,,
124,val,3.896167755126953,3.896167755126953,0.0,3.8961673736572267,0.0,0.0,0.07799999713897705,0.06399999856948853,0.21600000858306884,0.19200000762939454,0.34000000953674314,0.3319999694824219,0.07800000309944152,0.06999999880790711,0.23399999141693115,0.21600000858306884,0.3599999904632568,0.3579999923706055
125,train,9375.86640625,4.8194232940673825,9371.04765625,4.819422912597656,0.0,0.0,,,,,,,,,,,,
125,val,3.8955028533935545,3.8955028533935545,0.0,3.895502471923828,0.0,0.0,0.07199999690055847,0.06200000047683716,0.21399998664855957,0.21000001430511475,0.3179999828338623,0.3259999990463257,0.07599999904632568,0.06800000667572022,0.2359999895095825,0.23000001907348633,0.34000000953674314,0.35199999809265137
126,train,13093.80546875,4.819173431396484,13088.9859375,4.819173431396484,0.0,0.0,,,,,,,,,,,,
126,val,3.8952884674072266,3.8952884674072266,0.0,3.8952884674072266,0.0,0.0,0.07400000095367432,0.06399999856948853,0.19800002574920655,0.20199999809265137,0.32799997329711916,0.3380000114440918,0.07799999713897705,0.07000000476837158,0.21600000858306884,0.22400002479553222,0.35399999618530276,0.3619999885559082
127,train,9469.35390625,4.81927490234375,9464.53515625,4.81927490234375,0.0,0.0,,,,,,,,,,,,
127,val,3.8949535369873045,3.8949535369873045,0.0,3.8949539184570314,0.0,0.0,0.07800000309944152,0.06199999451637268,0.20399999618530273,0.22200002670288085,0.3380000114440918,0.34000000953674314,0.0800000011920929,0.06800000071525573,0.22200000286102295,0.2440000057220459,0.3599999904632568,0.3639999866485596
128,train,13579.940625,4.8188621520996096,13575.121875,4.8188621520996096,0.0,0.0,,,,,,,,,,,,
128,val,3.8951568603515625,3.8951568603515625,0.0,3.8951568603515625,0.0,0.0,0.06800000071525573,0.06599999666213989,0.2059999942779541,0.21800003051757813,0.3440000057220459,0.34200000762939453,0.07399999499320983,0.07199999690055847,0.22799999713897706,0.24000000953674316,0.3659999847412109,0.3679999828338623
129,train,8616.903125,4.8188926696777346,8612.08515625,4.8188934326171875,0.0,0.0,,,,,,,,,,,,
129,val,3.8957767486572266,3.8957767486572266,0.0,3.8957767486572266,0.0,0.0,0.07199999690055847,0.05400000214576721,0.20999999046325685,0.20999999046325685,0.34800000190734864,0.35,0.07399999499320983,0.0559999942779541,0.22999999523162842,0.22999999523162842,0.36999998092651365,0.3759999513626099
130,train,10993.64765625,4.818762969970703,10988.83046875,4.818762969970703,0.0,0.0,,,,,,,,,,,,
130,val,3.896441650390625,3.896441650390625,0.0,3.896441650390625,0.0,0.0,0.07999999523162842,0.059999996423721315,0.2,0.2080000162124634,0.3460000276565552,0.36200001239776614,0.08799999952316284,0.06800000071525573,0.21800000667572023,0.23199999332427979,0.3659999847412109,0.3900000095367432
131,train,11162.0390625,4.818697738647461,11157.2203125,4.818698120117188,0.0,0.0,,,,,,,,,,,,
131,val,3.8973930358886717,3.8973930358886717,0.0,3.8973930358886717,0.0,0.0,0.06999999880790711,0.07199999094009399,0.2120000123977661,0.2120000123977661,0.3520000219345093,0.36400001049041747,0.07199999690055847,0.08199999928474426,0.22799999713897706,0.23399999141693115,0.3700000047683716,0.38799998760223386
132,train,16178.275,4.818734741210937,16173.45625,4.818734741210937,0.0,0.0,,,,,,,,,,,,
132,val,3.896124267578125,3.896124267578125,0.0,3.896124267578125,0.0,0.0,0.07999998927116395,0.07199999690055847,0.20399999618530273,0.2120000123977661,0.3380000352859497,0.36000001430511475,0.08399999737739564,0.0800000011920929,0.2200000047683716,0.23400001525878905,0.3579999923706055,0.38399996757507326
133,train,10208.65234375,4.818375778198242,10203.8328125,4.8183753967285154,0.0,0.0,,,,,,,,,,,,
133,val,3.8966217041015625,3.8966217041015625,0.0,3.896622085571289,0.0,0.0,0.085999995470047,0.05799999237060547,0.20999999046325685,0.2200000047683716,0.3239999771118164,0.34600000381469725,0.08799999356269836,0.059999996423721315,0.22599999904632567,0.23600001335144044,0.34600000381469725,0.36399996280670166
134,train,8310.23515625,4.817842102050781,8305.4171875,4.817841720581055,0.0,0.0,,,,,,,,,,,,
134,val,3.8961143493652344,3.8961143493652344,0.0,3.896114730834961,0.0,0.0,0.08199999928474426,0.06799999475479127,0.2200000047683716,0.2179999828338623,0.32199997901916505,0.35399999618530276,0.08600000143051148,0.07200000286102295,0.23000001907348633,0.23400001525878905,0.3459999799728394,0.37399997711181643
135,train,13934.30625,4.81812629699707,13929.4859375,4.818125915527344,0.0,0.0,,,,,,,,,,,,
135,val,3.8954742431640623,3.8954742431640623,0.0,3.8954746246337892,0.0,0.0,0.07999999523162842,0.059999996423721315,0.20400002002716064,0.20199999809265137,0.31999998092651366,0.34600000381469725,0.08199999928474426,0.06999999880790711,0.21800000667572023,0.22599999904632567,0.3380000114440918,0.37199997901916504
136,train,8977.0875,4.817903137207031,8972.2703125,4.817903137207031,0.0,0.0,,,,,,,,,,,,
136,val,3.894974136352539,3.894974136352539,0.0,3.8949745178222654,0.0,0.0,0.06999999880790711,0.06399999856948853,0.21399998664855957,0.21800000667572023,0.3339999675750732,0.33399999141693115,0.07199999690055847,0.07400000095367432,0.22200000286102295,0.2380000114440918,0.34800000190734864,0.3599999904632568
137,train,8727.0828125,4.8179443359375,8722.26328125,4.8179443359375,0.0,0.0,,,,,,,,,,,,
137,val,3.8946811676025392,3.8946811676025392,0.0,3.8946811676025392,0.0,0.0,0.07399999499320983,0.05800000429153442,0.19200000762939454,0.20399999618530273,0.34600005149841306,0.35199999809265137,0.07400000095367432,0.06999999880790711,0.20199997425079347,0.23000001907348633,0.3639999866485596,0.37399997711181643
138,train,16610.075,4.817465972900391,16605.25625,4.817465972900391,0.0,0.0,,,,,,,,,,,,
138,val,3.8952430725097655,3.8952430725097655,0.0,3.895243453979492,0.0,0.0,0.06999999880790711,0.06999999880790711,0.2120000123977661,0.206000018119812,0.34200000762939453,0.3380000114440918,0.07200000286102295,0.07799999713897705,0.22199997901916504,0.2240000009536743,0.3599999904632568,0.3639999866485596
139,train,9007.4,4.8172962188720705,9002.5828125,4.817295837402344,0.0,0.0,,,,,,,,,,,,
139,val,3.894830322265625,3.894830322265625,0.0,3.894830322265625,0.0,0.0,0.0840000033378601,0.06600000262260437,0.206000018119812,0.20199999809265137,0.35199999809265137,0.34600000381469725,0.08600001335144043,0.07599999308586121,0.2200000047683716,0.2240000009536743,0.36999998092651365,0.3700000286102295
140,train,24161.0328125,4.817193603515625,24156.2140625,4.817193603515625,0.0,0.0,,,,,,,,,,,,
140,val,3.8942520141601564,3.8942520141601564,0.0,3.894252395629883,0.0,0.0,0.08799999356269836,0.06000000238418579,0.2200000047683716,0.2200000047683716,0.34000000953674314,0.34800000190734864,0.09200000762939453,0.07199999094009399,0.23199999332427979,0.24200000762939453,0.3599999904632568,0.3680000066757202
141,train,12453.48046875,4.817190170288086,12448.6625,4.817189788818359,0.0,0.0,,,,,,,,,,,,
141,val,3.893640899658203,3.893640899658203,0.0,3.8936405181884766,0.0,0.0,0.08200000524520874,0.06399999856948853,0.2200000047683716,0.21600000858306884,0.35399999618530276,0.3559999942779541,0.08399999737739564,0.07400000095367432,0.22799999713897706,0.2380000114440918,0.37599997520446776,0.37800002098083496
142,train,7965.17734375,4.817332077026367,7960.3609375,4.817332077026367,0.0,0.0,,,,,,,,,,,,
142,val,3.8944118499755858,3.8944118499755858,0.0,3.8944122314453127,0.0,0.0,0.07599999904632568,0.06600000262260437,0.2200000047683716,0.21600000858306884,0.3579999923706055,0.35199999809265137,0.07799999713897705,0.07599999904632568,0.23199999332427979,0.24000000953674316,0.37800002098083496,0.37200002670288085
143,train,7118.83203125,4.816764831542969,7114.015625,4.816764450073242,0.0,0.0,,,,,,,,,,,,
143,val,3.8951190948486327,3.8951190948486327,0.0,3.8951190948486327,0.0,0.0,0.07799999713897705,0.06999999880790711,0.21800000667572023,0.21399998664855957,0.35399999618530276,0.35,0.07999999523162842,0.08200001120567321,0.24000000953674316,0.2380000114440918,0.3700000047683716,0.36999998092651365
144,train,9176.7765625,4.816603469848633,9171.96015625,4.816603469848633,0.0,0.0,,,,,,,,,,,,
144,val,3.8958248138427733,3.8958248138427733,0.0,3.8958248138427733,0.0,0.0,0.07799999713897705,0.06599999666213989,0.2120000123977661,0.21800000667572023,0.34800000190734864,0.35399999618530276,0.0800000011920929,0.07200000286102295,0.2239999771118164,0.24000000953674316,0.3619999885559082,0.37199997901916504
145,train,13851.3984375,4.816770935058594,13846.5796875,4.816770935058594,0.0,0.0,,,,,,,,,,,,
145,val,3.8955032348632814,3.8955032348632814,0.0,3.8955032348632814,0.0,0.0,0.07599999308586121,0.06000000238418579,0.19400001764297486,0.21399998664855957,0.33600003719329835,0.34600000381469725,0.07599999904632568,0.06799999475479127,0.20399999618530273,0.2320000171661377,0.356000018119812,0.3659999847412109
146,train,16861.071875,4.816413497924804,16856.2578125,4.816413497924804,0.0,0.0,,,,,,,,,,,,
146,val,3.8957473754882814,3.8957473754882814,0.0,3.8957473754882814,0.0,0.0,0.0800000011920929,0.06599999666213989,0.21400001049041747,0.2179999828338623,0.34800000190734864,0.35399999618530276,0.0800000011920929,0.07400000095367432,0.22599999904632567,0.23600001335144044,0.36999998092651365,0.3759999990463257
147,train,11844.8828125,4.816382598876953,11840.065625,4.816382217407226,0.0,0.0,,,,,,,,,,,,
147,val,3.8975425720214845,3.8975425720214845,0.0,3.8975425720214845,0.0,0.0,0.07999999523162842,0.05799999237060547,0.2120000123977661,0.21599998474121093,0.33399999141693115,0.3640000343322754,0.08199999928474426,0.06599999666213989,0.22200000286102295,0.2359999895095825,0.3579999923706055,0.3940000057220459
148,train,14240.0875,4.8163818359375,14235.271875,4.8163818359375,0.0,0.0,,,,,,,,,,,,
148,val,3.8951587677001953,3.8951587677001953,0.0,3.8951587677001953,0.0,0.0,0.07799999117851257,0.06999999880790711,0.2119999885559082,0.20399999618530273,0.34800000190734864,0.3559999942779541,0.07999999523162842,0.08199999928474426,0.21999998092651368,0.22200000286102295,0.3700000286102295,0.3820000171661377
149,train,19999.553125,4.816143035888672,19994.7359375,4.816143035888672,0.0,0.0,,,,,,,,,,,,
149,val,3.893246078491211,3.893246078491211,0.0,3.893246078491211,0.0,0.0,0.07799999713897705,0.06399999856948853,0.21600000858306884,0.2080000162124634,0.34800000190734864,0.3639999866485596,0.07999999523162842,0.07599999308586121,0.22599999904632567,0.22999999523162842,0.3700000286102295,0.3880000114440918
150,train,21381.028125,4.816209030151367,21376.2109375,4.8162086486816404,0.0,0.0,,,,,,,,,,,,
150,val,3.8937446594238283,3.8937446594238283,0.0,3.8937450408935548,0.0,0.0,0.0840000033378601,0.06799999475479127,0.21600000858306884,0.23399999141693115,0.34600005149841306,0.35,0.0840000033378601,0.07799999713897705,0.2240000009536743,0.2559999942779541,0.36600003242492674,0.37600002288818357
151,train,10533.92265625,4.815948104858398,10529.10703125,4.815947723388672,0.0,0.0,,,,,,,,,,,,
151,val,3.8931640625,3.8931640625,0.0,3.8931640625,0.0,0.0,0.08199999928474426,0.06999999880790711,0.22200000286102295,0.21400001049041747,0.3380000591278076,0.35,0.08399999141693115,0.07400000095367432,0.23399999141693115,0.23600001335144044,0.3579999923706055,0.37800002098083496
152,train,21162.38125,4.815427780151367,21157.565625,4.815427780151367,0.0,0.0,,,,,,,,,,,,
152,val,3.8931671142578126,3.8931671142578126,0.0,3.8931671142578126,0.0,0.0,0.06799999475479127,0.06800000071525573,0.2200000047683716,0.20799999237060546,0.3440000057220459,0.3440000057220459,0.07200000286102295,0.07799999713897705,0.23199999332427979,0.2320000171661377,0.3639999866485596,0.3700000047683716
153,train,27410.55,4.815330123901367,27405.7375,4.815330505371094,0.0,0.0,,,,,,,,,,,,
153,val,3.893677520751953,3.893677520751953,0.0,3.8936771392822265,0.0,0.0,0.07600000500679016,0.0740000069141388,0.2240000009536743,0.2240000009536743,0.3379999876022339,0.35,0.07800000309944152,0.08399999737739564,0.2359999895095825,0.2440000057220459,0.3599999904632568,0.3740000009536743
154,train,27037.196875,4.815311431884766,27032.3875,4.815311431884766,0.0,0.0,,,,,,,,,,,,
154,val,3.893595504760742,3.893595504760742,0.0,3.893595504760742,0.0,0.0,0.08600000143051148,0.07399999499320983,0.22599999904632567,0.22599999904632567,0.3299999713897705,0.34800000190734864,0.09000000357627869,0.0840000033378601,0.2359999895095825,0.24800000190734864,0.34800000190734864,0.37200002670288085
155,train,14560.41875,4.815225219726562,14555.603125,4.815224838256836,0.0,0.0,,,,,,,,,,,,
155,val,3.892137145996094,3.892137145996094,0.0,3.892137145996094,0.0,0.0,0.07599999308586121,0.07199999690055847,0.2120000123977661,0.2240000009536743,0.34000000953674314,0.3559999942779541,0.0800000011920929,0.085999995470047,0.22999999523162842,0.24600000381469728,0.3599999904632568,0.3800000429153442
156,train,17063.3921875,4.814994430541992,17058.5796875,4.814994430541992,0.0,0.0,,,,,,,,,,,,
156,val,3.891926956176758,3.891926956176758,0.0,3.891926956176758,0.0,0.0,0.08000000715255737,0.07199999690055847,0.20799999237060546,0.22200000286102295,0.3300000190734863,0.356000018119812,0.0840000033378601,0.08399999737739564,0.2240000009536743,0.2440000057220459,0.35199999809265137,0.3840000152587891
157,train,12952.88046875,4.815105056762695,12948.06640625,4.815105056762695,0.0,0.0,,,,,,,,,,,,
157,val,3.8918052673339845,3.8918052673339845,0.0,3.8918052673339845,0.0,0.0,0.07999999523162842,0.07799999713897705,0.2,0.23000001907348633,0.3440000295639038,0.3359999656677246,0.08200000524520874,0.085999995470047,0.2080000162124634,0.2539999961853027,0.3680000305175781,0.362000036239624
158,train,16070.15,4.814856719970703,16065.334375,4.814856719970703,0.0,0.0,,,,,,,,,,,,
158,val,3.8927932739257813,3.8927932739257813,0.0,3.892793655395508,0.0,0.0,0.0800000011920929,0.064000004529953,0.20799999237060546,0.2240000009536743,0.36200001239776614,0.3299999713897705,0.08200000524520874,0.07599999904632568,0.21600000858306884,0.24200000762939453,0.3820000171661377,0.3559999942779541
159,train,13193.6109375,4.814575958251953,13188.796875,4.814575576782227,0.0,0.0,,,,,,,,,,,,
159,val,3.892919921875,3.892919921875,0.0,3.8929206848144533,0.0,0.0,0.0800000011920929,0.06800000071525573,0.21800000667572023,0.24200000762939453,0.35,0.3360000133514404,0.07999999523162842,0.07599999904632568,0.22999999523162842,0.2620000123977661,0.37200000286102297,0.3599999904632568
160,train,11837.53828125,4.814518737792969,11832.7234375,4.814518737792969,0.0,0.0,,,,,,,,,,,,
160,val,3.892649841308594,3.892649841308594,0.0,3.892649841308594,0.0,0.0,0.08199999928474426,0.06399999856948853,0.21800000667572023,0.23000001907348633,0.34200000762939453,0.3619999885559082,0.0840000033378601,0.07599999308586121,0.23199999332427979,0.25,0.362000036239624,0.3860000133514404
161,train,38686.06875,4.814372253417969,38681.25625,4.814372253417969,0.0,0.0,,,,,,,,,,,,
161,val,3.892098617553711,3.892098617553711,0.0,3.892098617553711,0.0,0.0,0.08400000929832459,0.06200000047683716,0.21000001430511475,0.22800002098083497,0.3340000152587891,0.3500000238418579,0.08600000739097595,0.06800000071525573,0.22200000286102295,0.2519999980926514,0.36000001430511475,0.37399997711181643
162,train,30139.03125,4.8142578125,30134.21875,4.8142578125,0.0,0.0,,,,,,,,,,,,
162,val,3.893476867675781,3.893476867675781,0.0,3.8934764862060547,0.0,0.0,0.08600000143051148,0.06799999475479127,0.2080000162124634,0.2200000047683716,0.3440000057220459,0.3400000333786011,0.085999995470047,0.07400000095367432,0.22200000286102295,0.24200000762939453,0.3639999866485596,0.36999998092651365
163,train,23937.284375,4.814241790771485,23932.46875,4.814242172241211,0.0,0.0,,,,,,,,,,,,
163,val,3.8941677093505858,3.8941677093505858,0.0,3.8941677093505858,0.0,0.0,0.07599999904632568,0.07400000095367432,0.2179999828338623,0.21800000667572023,0.34600000381469725,0.35400002002716063,0.07800000309944152,0.07999999523162842,0.23399999141693115,0.2380000114440918,0.3680000066757202,0.3799999713897705
164,train,29086.76875,4.813750839233398,29081.95625,4.813751220703125,0.0,0.0,,,,,,,,,,,,
164,val,3.8926414489746093,3.8926414489746093,0.0,3.892641067504883,0.0,0.0,0.07200000286102295,0.06999999880790711,0.2200000047683716,0.206000018119812,0.343999981880188,0.35,0.07400000095367432,0.07799999713897705,0.22999999523162842,0.22400002479553222,0.3619999885559082,0.38000001907348635
165,train,11039.03203125,4.813991546630859,11034.21953125,4.813991546630859,0.0,0.0,,,,,,,,,,,,
165,val,3.892686462402344,3.892686462402344,0.0,3.892686462402344,0.0,0.0,0.07199999094009399,0.06799999475479127,0.18800001144409179,0.2120000123977661,0.34200000762939453,0.3419999599456787,0.07200000286102295,0.07599999904632568,0.19800000190734862,0.22800002098083497,0.362000036239624,0.3680000305175781
166,train,18633.7515625,4.8136955261230465,18628.9375,4.8136955261230465,0.0,0.0,,,,,,,,,,,,
166,val,3.8914546966552734,3.8914546966552734,0.0,3.891455078125,0.0,0.0,0.07399999499320983,0.057999998331069946,0.20799999237060546,0.21400001049041747,0.3380000114440918,0.34200003147125246,0.07800000309944152,0.06200000047683716,0.2200000047683716,0.23000001907348633,0.3579999923706055,0.3679999828338623
167,train,20253.74375,4.813558959960938,20248.93125,4.813558578491211,0.0,0.0,,,,,,,,,,,,
167,val,3.892782211303711,3.892782211303711,0.0,3.892782211303711,0.0,0.0,0.08399999141693115,0.05800000429153442,0.2,0.20199999809265137,0.3340000152587891,0.3319999694824219,0.08799999952316284,0.06600000262260437,0.21600000858306884,0.2179999828338623,0.356000018119812,0.3559999942779541
168,train,20649.390625,4.8135536193847654,20644.578125,4.8135536193847654,0.0,0.0,,,,,,,,,,,,
168,val,3.8937911987304688,3.8937911987304688,0.0,3.8937911987304688,0.0,0.0,0.07800000309944152,0.06200000047683716,0.19800000190734862,0.2059999942779541,0.337999963760376,0.34600000381469725,0.08199999928474426,0.06800000071525573,0.20999999046325685,0.22200000286102295,0.3599999904632568,0.37399997711181643
169,train,27932.253125,4.812974166870117,27927.440625,4.812974166870117,0.0,0.0,,,,,,,,,,,,
169,val,3.8930286407470702,3.8930286407470702,0.0,3.8930286407470702,0.0,0.0,0.07200000286102295,0.057999998331069946,0.19600000381469726,0.21400001049041747,0.3299999713897705,0.3500000238418579,0.07400000095367432,0.06200000047683716,0.2120000123977661,0.2320000171661377,0.3520000457763672,0.37599997520446776
170,train,25024.3890625,4.813092803955078,25019.5734375,4.813092422485352,0.0,0.0,,,,,,,,,,,,
170,val,3.892354202270508,3.892354202270508,0.0,3.8923545837402345,0.0,0.0,0.07799999713897705,0.06199999451637268,0.1940000057220459,0.22999999523162842,0.32800002098083497,0.33599998950958254,0.0840000033378601,0.06599999666213989,0.2080000162124634,0.2519999980926514,0.3520000219345093,0.3619999885559082
171,train,23812.3875,4.812976455688476,23807.5734375,4.812976455688476,0.0,0.0,,,,,,,,,,,,
171,val,3.891086959838867,3.891086959838867,0.0,3.8910873413085936,0.0,0.0,0.07600000500679016,0.06800000071525573,0.20799999237060546,0.2200000047683716,0.3360000133514404,0.3440000057220459,0.07999999523162842,0.07400000095367432,0.2240000009536743,0.2440000057220459,0.35399999618530276,0.37199997901916504
172,train,21847.409375,4.812570571899414,21842.596875,4.812570571899414,0.0,0.0,,,,,,,,,,,,
172,val,3.8906791687011717,3.8906791687011717,0.0,3.8906791687011717,0.0,0.0,0.07400000095367432,0.06999999880790711,0.20199999809265137,0.2120000123977661,0.3380000114440918,0.34800000190734864,0.07399999499320983,0.07400000095367432,0.21400001049041747,0.22999999523162842,0.3599999904632568,0.3680000305175781
173,train,24023.646875,4.812613677978516,24018.8359375,4.812612915039063,0.0,0.0,,,,,,,,,,,,
173,val,3.89110107421875,3.89110107421875,0.0,3.89110107421875,0.0,0.0,0.07600000500679016,0.07399999499320983,0.2059999942779541,0.2200000047683716,0.31599998474121094,0.3340000152587891,0.07599999904632568,0.07999999523162842,0.2200000047683716,0.2380000114440918,0.3440000057220459,0.3619999885559082
174,train,36019.740625,4.812506866455078,36014.93125,4.812506866455078,0.0,0.0,,,,,,,,,,,,
174,val,3.891175079345703,3.891175079345703,0.0,3.891175079345703,0.0,0.0,0.0740000069141388,0.06799999475479127,0.2,0.21600000858306884,0.3319999694824219,0.3440000057220459,0.07400000095367432,0.07599999308586121,0.21400001049041747,0.23400001525878905,0.3599999904632568,0.37399997711181643
175,train,24915.2421875,4.812014389038086,24910.428125,4.812014770507813,0.0,0.0,,,,,,,,,,,,
175,val,3.8912075042724608,3.8912075042724608,0.0,3.8912075042724608,0.0,0.0,0.0740000069141388,0.06800000071525573,0.21000001430511475,0.2120000123977661,0.32800002098083497,0.35199999809265137,0.07599999904632568,0.0800000011920929,0.2240000009536743,0.22999999523162842,0.35199999809265137,0.3820000171661377
176,train,23403.94375,4.812065505981446,23399.13125,4.812065505981446,0.0,0.0,,,,,,,,,,,,
176,val,3.889602279663086,3.889602279663086,0.0,3.889602279663086,0.0,0.0,0.06799999475479127,0.06999999880790711,0.1940000057220459,0.2200000047683716,0.3300000190734863,0.34000000953674314,0.06999999284744263,0.07799999117851257,0.206000018119812,0.2379999876022339,0.35,0.3679999828338623
177,train,31671.803125,4.812089157104492,31666.996875,4.812089157104492,0.0,0.0,,,,,,,,,,,,
177,val,3.8887596130371094,3.8887596130371094,0.0,3.888759231567383,0.0,0.0,0.07399999499320983,0.057999998331069946,0.1940000057220459,0.21999998092651368,0.35,0.3379999876022339,0.07599999308586121,0.06799999475479127,0.2080000162124634,0.2380000114440918,0.3679999828338623,0.3679999828338623
178,train,41531.746875,4.811486434936524,41526.934375,4.811486434936524,0.0,0.0,,,,,,,,,,,,
178,val,3.889064407348633,3.889064407348633,0.0,3.889064407348633,0.0,0.0,0.07799999713897705,0.06799999475479127,0.2120000123977661,0.21800000667572023,0.34600000381469725,0.33399999141693115,0.0800000011920929,0.07799999713897705,0.22599999904632567,0.23600001335144044,0.3559999942779541,0.3599999904632568
179,train,31538.75625,4.811757278442383,31533.940625,4.811757278442383,0.0,0.0,,,,,,,,,,,,
179,val,3.890226364135742,3.890226364135742,0.0,3.890226364135742,0.0,0.0,0.07799999713897705,0.06799999475479127,0.19200000762939454,0.22799999713897706,0.32800002098083497,0.3379999876022339,0.0800000011920929,0.07799999713897705,0.20400002002716064,0.24800002574920654,0.3440000057220459,0.36199996471405027
180,train,19446.7625,4.811813735961914,19441.95,4.811813735961914,0.0,0.0,,,,,,,,,,,,
180,val,3.8906982421875,3.8906982421875,0.0,3.8906982421875,0.0,0.0,0.07199999690055847,0.06399999856948853,0.18600000143051149,0.23199999332427979,0.3380000114440918,0.3520000219345093,0.07400000095367432,0.07200000286102295,0.1980000138282776,0.25,0.35199999809265137,0.37400002479553224
181,train,29948.396875,4.811524200439453,29943.5875,4.811524200439453,0.0,0.0,,,,,,,,,,,,
181,val,3.8909393310546876,3.8909393310546876,0.0,3.8909393310546876,0.0,0.0,0.06999999880790711,0.07399999499320983,0.19199999570846557,0.20999999046325685,0.3340000152587891,0.3419999837875366,0.07399999499320983,0.0800000011920929,0.2059999942779541,0.22799999713897706,0.3559999942779541,0.36399996280670166
182,train,45852.475,4.811298751831055,45847.665625,4.811298751831055,0.0,0.0,,,,,,,,,,,,
182,val,3.8909042358398436,3.8909042358398436,0.0,3.8909042358398436,0.0,0.0,0.07800000309944152,0.059999996423721315,0.20999999046325685,0.2,0.3380000591278076,0.3319999694824219,0.08199999928474426,0.06399999856948853,0.22799999713897706,0.2179999828338623,0.3599999904632568,0.3539999723434448
183,train,26117.353125,4.81096076965332,26112.5453125,4.81096076965332,0.0,0.0,,,,,,,,,,,,
183,val,3.891022872924805,3.891022872924805,0.0,3.891022872924805,0.0,0.0,0.0800000011920929,0.06999999880790711,0.206000018119812,0.20399999618530273,0.3360000133514404,0.3239999771118164,0.08600000143051148,0.07799999713897705,0.22200000286102295,0.21999998092651368,0.3559999942779541,0.3479999780654907
184,train,45843.8125,4.810815811157227,45839.003125,4.8108154296875,0.0,0.0,,,,,,,,,,,,
184,val,3.8887889862060545,3.8887889862060545,0.0,3.8887893676757814,0.0,0.0,0.08200000524520874,0.07599999904632568,0.20199999809265137,0.2240000009536743,0.34200000762939453,0.34000000953674314,0.08799999952316284,0.08199999928474426,0.21600000858306884,0.24200000762939453,0.36400001049041747,0.3659999847412109
185,train,30201.340625,4.810711288452149,30196.528125,4.810711669921875,0.0,0.0,,,,,,,,,,,,
185,val,3.8904403686523437,3.8904403686523437,0.0,3.89044075012207,0.0,0.0,0.08199999928474426,0.07800000309944152,0.21000001430511475,0.2240000009536743,0.3380000114440918,0.3360000133514404,0.08199999928474426,0.08400000929832459,0.22200000286102295,0.24200000762939453,0.3579999923706055,0.3599999904632568
186,train,42874.184375,4.810915756225586,42869.375,4.810915756225586,0.0,0.0,,,,,,,,,,,,
186,val,3.891714096069336,3.891714096069336,0.0,3.8917137145996095,0.0,0.0,0.0840000033378601,0.07799999713897705,0.19800002574920655,0.21800003051757813,0.3360000133514404,0.34200000762939453,0.08799999356269836,0.085999995470047,0.21000001430511475,0.2320000171661377,0.3599999904632568,0.3700000047683716
187,train,26937.65,4.810610961914063,26932.8375,4.810611343383789,0.0,0.0,,,,,,,,,,,,
187,val,3.890879821777344,3.890879821777344,0.0,3.8908802032470704,0.0,0.0,0.07599999904632568,0.06600000262260437,0.19800000190734862,0.2120000123977661,0.3259999752044678,0.33199999332427976,0.08200000524520874,0.07199999690055847,0.21599998474121093,0.2320000171661377,0.35199999809265137,0.35999996662139894
188,train,46178.88125,4.810219955444336,46174.06875,4.810219573974609,0.0,0.0,,,,,,,,,,,,
188,val,3.8895050048828126,3.8895050048828126,0.0,3.8895050048828126,0.0,0.0,0.07200000286102295,0.06399999856948853,0.18800001144409179,0.22200000286102295,0.32199997901916505,0.3239999771118164,0.07600000500679016,0.06999999880790711,0.20199999809265137,0.24000000953674316,0.34600000381469725,0.35199995040893556
189,train,31453.115625,4.810127639770508,31448.309375,4.810127639770508,0.0,0.0,,,,,,,,,,,,
189,val,3.8882514953613283,3.8882514953613283,0.0,3.8882514953613283,0.0,0.0,0.07599999904632568,0.06999999880790711,0.20199999809265137,0.21800000667572023,0.3259999990463257,0.33599998950958254,0.0800000011920929,0.07599999308586121,0.21600000858306884,0.2380000114440918,0.35399999618530276,0.3579999923706055
190,train,22114.4515625,4.809970474243164,22109.6453125,4.809970855712891,0.0,0.0,,,,,,,,,,,,
190,val,3.88873291015625,3.88873291015625,0.0,3.88873291015625,0.0,0.0,0.06999999880790711,0.06800000071525573,0.20400002002716064,0.21000001430511475,0.32999999523162843,0.35199997425079343,0.07600000500679016,0.07599999904632568,0.21800000667572023,0.22999999523162842,0.35800001621246336,0.37599997520446776
191,train,19835.753125,4.809854888916016,19830.94375,4.809854888916016,0.0,0.0,,,,,,,,,,,,
191,val,3.889719772338867,3.889719772338867,0.0,3.8897193908691405,0.0,0.0,0.07200000286102295,0.06599999666213989,0.21600000858306884,0.2059999942779541,0.34800000190734864,0.3319999694824219,0.07600000500679016,0.07400000095367432,0.23399999141693115,0.22799999713897706,0.3759999990463257,0.35799996852874755
192,train,22390.50625,4.809902954101562,22385.696875,4.809902954101562,0.0,0.0,,,,,,,,,,,,
192,val,3.8894775390625,3.8894775390625,0.0,3.8894775390625,0.0,0.0,0.07200000286102295,0.06800000071525573,0.21600000858306884,0.21400001049041747,0.35400004386901857,0.33599998950958254,0.07599999904632568,0.07200000286102295,0.23399999141693115,0.2320000171661377,0.3820000171661377,0.3619999885559082
193,train,70348.78125,4.809391021728516,70343.98125,4.809391021728516,0.0,0.0,,,,,,,,,,,,
193,val,3.8904754638671877,3.8904754638671877,0.0,3.8904747009277343,0.0,0.0,0.06800000071525573,0.07199999690055847,0.1940000057220459,0.21400001049041747,0.34400005340576173,0.31999998092651366,0.07200000286102295,0.07599999904632568,0.21400001049041747,0.2320000171661377,0.3700000047683716,0.3479999780654907
194,train,26750.559375,4.809708023071289,26745.753125,4.8097084045410154,0.0,0.0,,,,,,,,,,,,
194,val,3.8911651611328124,3.8911651611328124,0.0,3.8911651611328124,0.0,0.0,0.07399999499320983,0.059999996423721315,0.20199999809265137,0.2059999942779541,0.3360000133514404,0.3340000152587891,0.0800000011920929,0.06599999666213989,0.2179999828338623,0.2240000009536743,0.36000001430511475,0.3599999904632568
195,train,53686.6125,4.809414672851562,53681.8,4.809414672851562,0.0,0.0,,,,,,,,,,,,
195,val,3.8907005310058596,3.8907005310058596,0.0,3.8907005310058596,0.0,0.0,0.08600000739097595,0.06399999856948853,0.19800000190734862,0.2059999942779541,0.3380000114440918,0.32799997329711916,0.08799999952316284,0.06999999880790711,0.21600000858306884,0.22599999904632567,0.36600000858306886,0.35199999809265137
196,train,41574.459375,4.809275817871094,41569.646875,4.809275817871094,0.0,0.0,,,,,,,,,,,,
196,val,3.8918262481689454,3.8918262481689454,0.0,3.8918262481689454,0.0,0.0,0.08199999928474426,0.06399999856948853,0.2,0.21399998664855957,0.33999998569488527,0.3240000009536743,0.0840000033378601,0.07000000476837158,0.21400001049041747,0.23399999141693115,0.36600000858306886,0.3479999780654907
197,train,42895.221875,4.808931350708008,42890.409375,4.808931350708008,0.0,0.0,,,,,,,,,,,,
197,val,3.8915843963623047,3.8915843963623047,0.0,3.891584777832031,0.0,0.0,0.06800000071525573,0.06599999666213989,0.19599999189376832,0.21599998474121093,0.35400004386901857,0.3319999694824219,0.07200000286102295,0.07200000286102295,0.2080000162124634,0.2380000114440918,0.37200000286102297,0.36199996471405027
198,train,48660.665625,4.808766937255859,48655.859375,4.808767318725586,0.0,0.0,,,,,,,,,,,,
198,val,3.8906318664550783,3.8906318664550783,0.0,3.8906318664550783,0.0,0.0,0.08000000715255737,0.07199999690055847,0.20999999046325685,0.21599998474121093,0.34800000190734864,0.34000000953674314,0.0840000033378601,0.07599999904632568,0.2200000047683716,0.2380000114440918,0.3679999828338623,0.3639999866485596
199,train,28847.928125,4.808890533447266,28843.121875,4.808890533447266,0.0,0.0,,,,,,,,,,,,
199,val,3.889471435546875,3.889471435546875,0.0,3.8894710540771484,0.0,0.0,0.07999999523162842,0.07599999904632568,0.19199999570846557,0.21399998664855957,0.33399999141693115,0.33199999332427976,0.0840000033378601,0.0800000011920929,0.20199999809265137,0.2320000171661377,0.3619999885559082,0.3599999904632568
200,train,54072.4375,4.808382034301758,54067.6375,4.808382034301758,0.0,0.0,,,,,,,,,,,,
200,val,3.889887237548828,3.889887237548828,0.0,3.8898868560791016,0.0,0.0,0.08199999928474426,0.06999999880790711,0.2059999942779541,0.2119999885559082,0.3440000057220459,0.33399999141693115,0.08799999952316284,0.07800000309944152,0.21800000667572023,0.23400001525878905,0.36999998092651365,0.35799994468688967
201,train,50600.540625,4.8083454132080075,50595.725,4.8083454132080075,0.0,0.0,,,,,,,,,,,,
201,val,3.891978073120117,3.891978073120117,0.0,3.891978073120117,0.0,0.0,0.08199999928474426,0.06800000071525573,0.20799999237060546,0.20400002002716064,0.35399999618530276,0.3200000047683716,0.08599998950958251,0.07399999499320983,0.2179999828338623,0.22400002479553222,0.37599997520446776,0.3419999837875366
202,train,56130.15,4.808406829833984,56125.3375,4.808406829833984,0.0,0.0,,,,,,,,,,,,
202,val,3.892042541503906,3.892042541503906,0.0,3.892042541503906,0.0,0.0,0.07599999904632568,0.06600000262260437,0.19600000381469726,0.20399999618530273,0.34800000190734864,0.3340000152587891,0.08199999928474426,0.07199999690055847,0.2059999942779541,0.22400002479553222,0.3700000047683716,0.3559999465942383
203,train,35712.246875,4.807931900024414,35707.4375,4.807932281494141,0.0,0.0,,,,,,,,,,,,
203,val,3.891084671020508,3.891084671020508,0.0,3.8910842895507813,0.0,0.0,0.0800000011920929,0.06800000071525573,0.22999999523162842,0.2120000123977661,0.3379999876022339,0.34000000953674314,0.085999995470047,0.07199999690055847,0.24199998378753662,0.22999999523162842,0.3559999942779541,0.35799996852874755
204,train,34649.140625,4.807867813110351,34644.334375,4.807868194580078,0.0,0.0,,,,,,,,,,,,
204,val,3.8907825469970705,3.8907825469970705,0.0,3.8907825469970705,0.0,0.0,0.078000009059906,0.06800000071525573,0.21600000858306884,0.20199999809265137,0.3419999837875366,0.34200000762939453,0.08199999332427979,0.07599999904632568,0.22999999523162842,0.2240000009536743,0.3619999885559082,0.3680000066757202
205,train,48512.81875,4.807385635375977,48508.0125,4.807385635375977,0.0,0.0,,,,,,,,,,,,
205,val,3.8900802612304686,3.8900802612304686,0.0,3.8900802612304686,0.0,0.0,0.08600000143051148,0.06800000071525573,0.20799999237060546,0.2080000162124634,0.3520000457763672,0.3379999876022339,0.08799999952316284,0.07799999713897705,0.22200000286102295,0.22799999713897706,0.37800002098083496,0.36399996280670166
206,train,33591.865625,4.807376861572266,33587.059375,4.807376861572266,0.0,0.0,,,,,,,,,,,,
206,val,3.891067123413086,3.891067123413086,0.0,3.8910667419433596,0.0,0.0,0.09000000357627869,0.07399999499320983,0.2200000047683716,0.2059999942779541,0.3520000457763672,0.343999981880188,0.09400000572204589,0.08199999332427979,0.2359999895095825,0.22400002479553222,0.3759999990463257,0.3680000066757202
207,train,46077.765625,4.807463073730469,46072.959375,4.807462692260742,0.0,0.0,,,,,,,,,,,,
207,val,3.8910896301269533,3.8910896301269533,0.0,3.8910892486572264,0.0,0.0,0.07600000500679016,0.06399999856948853,0.20399999618530273,0.21600000858306884,0.35000004768371584,0.33599998950958254,0.07799999713897705,0.07200000286102295,0.21600000858306884,0.23600001335144044,0.37199997901916504,0.36399996280670166
208,train,41915.128125,4.807128143310547,41910.325,4.807128143310547,0.0,0.0,,,,,,,,,,,,
208,val,3.890869903564453,3.890869903564453,0.0,3.89087028503418,0.0,0.0,0.08600000143051148,0.059999996423721315,0.21800000667572023,0.2120000123977661,0.3440000057220459,0.32799999713897704,0.085999995470047,0.06999999284744263,0.22799999713897706,0.2320000171661377,0.3659999847412109,0.3499999761581421
209,train,37455.890625,4.807492065429687,37451.084375,4.80749282836914,0.0,0.0,,,,,,,,,,,,
209,val,3.8893245697021483,3.8893245697021483,0.0,3.889324951171875,0.0,0.0,0.08199999928474426,0.06600000262260437,0.20999999046325685,0.2080000162124634,0.3360000133514404,0.33199999332427976,0.08200001120567321,0.07399999499320983,0.22200000286102295,0.22599999904632567,0.3579999923706055,0.3619999885559082
210,train,52834.44375,4.8070518493652346,52829.6375,4.807051086425782,0.0,0.0,,,,,,,,,,,,
210,val,3.8891754150390625,3.8891754150390625,0.0,3.8891754150390625,0.0,0.0,0.08399999737739564,0.06999999880790711,0.20199999809265137,0.21000001430511475,0.3360000133514404,0.33199999332427976,0.09000000357627869,0.07799999713897705,0.21400001049041747,0.22999999523162842,0.36000001430511475,0.3640000343322754
211,train,29867.059375,4.8066566467285154,29862.25625,4.8066566467285154,0.0,0.0,,,,,,,,,,,,
211,val,3.88769416809082,3.88769416809082,0.0,3.88769416809082,0.0,0.0,0.08600000143051148,0.07400000095367432,0.20199999809265137,0.2240000009536743,0.3380000114440918,0.35,0.09399999976158142,0.0840000033378601,0.21400001049041747,0.24800000190734864,0.3639999866485596,0.3820000171661377
212,train,56939.84375,4.8064125061035154,56935.03125,4.8064125061035154,0.0,0.0,,,,,,,,,,,,
212,val,3.886688995361328,3.886688995361328,0.0,3.886688995361328,0.0,0.0,0.0840000033378601,0.07400000095367432,0.2,0.20399999618530273,0.3479999780654907,0.33599998950958254,0.08799999952316284,0.08399999737739564,0.20999999046325685,0.22200000286102295,0.3740000009536743,0.3619999885559082
213,train,43464.78125,4.806941986083984,43459.971875,4.806941986083984,0.0,0.0,,,,,,,,,,,,
213,val,3.887394332885742,3.887394332885742,0.0,3.887394332885742,0.0,0.0,0.07999999523162842,0.0740000069141388,0.2059999942779541,0.2059999942779541,0.35399999618530276,0.34800000190734864,0.08600000143051148,0.08200000524520874,0.21600000858306884,0.2200000047683716,0.37600002288818357,0.3719999551773071
214,train,27008.328125,4.805989074707031,27003.51875,4.805988693237305,0.0,0.0,,,,,,,,,,,,
214,val,3.88758544921875,3.88758544921875,0.0,3.8875850677490233,0.0,0.0,0.08000000715255737,0.07599999904632568,0.2179999828338623,0.20399999618530273,0.3459999799728394,0.3479999780654907,0.08199999928474426,0.08399999737739564,0.22800002098083497,0.22200000286102295,0.36999998092651365,0.37799997329711915
215,train,51731.471875,4.805950927734375,51726.671875,4.805950927734375,0.0,0.0,,,,,,,,,,,,
215,val,3.8874755859375,3.8874755859375,0.0,3.8874759674072266,0.0,0.0,0.0800000011920929,0.06999999880790711,0.21399998664855957,0.2080000162124634,0.3440000057220459,0.3259999990463257,0.085999995470047,0.07400000095367432,0.22799999713897706,0.22599999904632567,0.36999998092651365,0.35
216,train,41868.13125,4.805909729003906,41863.33125,4.805909729003906,0.0,0.0,,,,,,,,,,,,
216,val,3.8901912689208986,3.8901912689208986,0.0,3.8901908874511717,0.0,0.0,0.06800000071525573,0.06999999880790711,0.20400002002716064,0.21599998474121093,0.3340000152587891,0.32799999713897704,0.07400000095367432,0.07599999308586121,0.21400001049041747,0.23400001525878905,0.3579999923706055,0.3539999723434448
217,train,67512.3625,4.805698013305664,67507.55625,4.805698013305664,0.0,0.0,,,,,,,,,,,,
217,val,3.8907306671142576,3.8907306671142576,0.0,3.890730285644531,0.0,0.0,0.07200000286102295,0.06399999856948853,0.20399999618530273,0.20399999618530273,0.3260000228881836,0.33399999141693115,0.07599999904632568,0.06999999880790711,0.21399998664855957,0.22199997901916504,0.34800000190734864,0.35799996852874755
218,train,55191.1375,4.805599975585937,55186.33125,4.805599212646484,0.0,0.0,,,,,,,,,,,,
218,val,3.8906246185302735,3.8906246185302735,0.0,3.8906246185302735,0.0,0.0,0.07800000309944152,0.06200000047683716,0.21000001430511475,0.19000000953674318,0.34600000381469725,0.3220000028610229,0.08199999928474426,0.06999999880790711,0.22599999904632567,0.206000018119812,0.36600003242492674,0.3499999761581421
219,train,50740.4625,4.805561065673828,50735.653125,4.805560302734375,0.0,0.0,,,,,,,,,,,,
219,val,3.892451858520508,3.892451858520508,0.0,3.892451858520508,0.0,0.0,0.07799999117851257,0.06799999475479127,0.21400001049041747,0.20199999809265137,0.34200000762939453,0.3240000009536743,0.08600000143051148,0.07599999904632568,0.22799999713897706,0.21800000667572023,0.36600003242492674,0.3499999761581421
220,train,39517.06875,4.805435562133789,39512.2625,4.805435562133789,0.0,0.0,,,,,,,,,,,,
220,val,3.893901824951172,3.893901824951172,0.0,3.893901824951172,0.0,0.0,0.08199999332427979,0.06800000071525573,0.21599998474121093,0.20399999618530273,0.3360000133514404,0.3119999885559082,0.09000000357627869,0.07400000095367432,0.22999999523162842,0.2179999828338623,0.3679999828338623,0.33999998569488527
221,train,26379.9,4.805351638793946,26375.096875,4.805351638793946,0.0,0.0,,,,,,,,,,,,
221,val,3.894123840332031,3.894123840332031,0.0,3.8941234588623046,0.0,0.0,0.08199999928474426,0.07000000476837158,0.2059999942779541,0.19600000381469726,0.33399999141693115,0.30599997043609617,0.08799999952316284,0.07400000095367432,0.2200000047683716,0.2119999885559082,0.362000036239624,0.33399999141693115
222,train,26689.7375,4.805064392089844,26684.93125,4.805064392089844,0.0,0.0,,,,,,,,,,,,
222,val,3.891856002807617,3.891856002807617,0.0,3.891856002807617,0.0,0.0,0.07599999308586121,0.06800000071525573,0.2059999942779541,0.20199999809265137,0.32199997901916505,0.3119999885559082,0.08199999332427979,0.07399999499320983,0.2240000009536743,0.22200000286102295,0.34000000953674314,0.3419999837875366
223,train,48224.325,4.804883575439453,48219.525,4.804883575439453,0.0,0.0,,,,,,,,,,,,
223,val,3.891275405883789,3.891275405883789,0.0,3.8912757873535155,0.0,0.0,0.08199999928474426,0.07000000476837158,0.21800000667572023,0.19600000381469726,0.3480000257492065,0.3039999961853027,0.08799999952316284,0.07599999904632568,0.23199999332427979,0.21599998474121093,0.3700000047683716,0.33599998950958254
224,train,53951.03125,4.804263305664063,53946.23125,4.804263305664063,0.0,0.0,,,,,,,,,,,,
224,val,3.8917007446289062,3.8917007446289062,0.0,3.8917007446289062,0.0,0.0,0.07999999523162842,0.064000004529953,0.2080000162124634,0.2059999942779541,0.3440000295639038,0.31999998092651366,0.08600000739097595,0.06999999880790711,0.2240000009536743,0.22400002479553222,0.3640000343322754,0.35199997425079343
225,train,26639.575,4.8042034149169925,26634.76875,4.804203796386719,0.0,0.0,,,,,,,,,,,,
225,val,3.889475631713867,3.889475631713867,0.0,3.889475631713867,0.0,0.0,0.07199999690055847,0.07400000095367432,0.2059999942779541,0.2059999942779541,0.33399999141693115,0.31399998664855955,0.07600000500679016,0.07800000309944152,0.21800000667572023,0.2240000009536743,0.36000001430511475,0.3359999656677246
226,train,42719.65,4.804325866699219,42714.84375,4.804325866699219,0.0,0.0,,,,,,,,,,,,
226,val,3.8901123046875,3.8901123046875,0.0,3.8901123046875,0.0,0.0,0.07800000309944152,0.06999999880790711,0.20999999046325685,0.2179999828338623,0.34600000381469725,0.3179999828338623,0.08199999928474426,0.07199999690055847,0.22200000286102295,0.23399999141693115,0.37399997711181643,0.3459999799728394
227,train,33761.084375,4.8043865203857425,33756.28125,4.8043865203857425,0.0,0.0,,,,,,,,,,,,
227,val,3.8909191131591796,3.8909191131591796,0.0,3.890919494628906,0.0,0.0,0.07799999713897705,0.06800000071525573,0.2240000009536743,0.20999999046325685,0.32199997901916505,0.32199997901916505,0.08199999928474426,0.07199999690055847,0.23399999141693115,0.2240000009536743,0.34800000190734864,0.3459999799728394
228,train,58865.275,4.803823852539063,58860.475,4.803823852539063,0.0,0.0,,,,,,,,,,,,
228,val,3.8911060333251952,3.8911060333251952,0.0,3.8911060333251952,0.0,0.0,0.08600000143051148,0.07199999690055847,0.22799999713897706,0.2120000123977661,0.33399999141693115,0.3180000066757202,0.09199999570846558,0.07799999713897705,0.2379999876022339,0.22599999904632567,0.35,0.343999981880188
229,train,33309.9375,4.8038330078125,33305.128125,4.803833389282227,0.0,0.0,,,,,,,,,,,,
229,val,3.8904781341552734,3.8904781341552734,0.0,3.8904781341552734,0.0,0.0,0.08399999737739564,0.07599999904632568,0.206000018119812,0.19199999570846557,0.3319999694824219,0.3059999942779541,0.08800000548362732,0.08199999332427979,0.21600000858306884,0.20799999237060546,0.35199999809265137,0.33399999141693115
230,train,37510.05625,4.803452682495117,37505.25,4.803452682495117,0.0,0.0,,,,,,,,,,,,
230,val,3.889699172973633,3.889699172973633,0.0,3.889699172973633,0.0,0.0,0.08600000739097595,0.06999999880790711,0.21599998474121093,0.19600000381469726,0.3339999675750732,0.31999998092651366,0.09000000357627869,0.07399999499320983,0.22799999713897706,0.2119999885559082,0.3579999923706055,0.3459999799728394
231,train,75688.5875,4.803395462036133,75683.775,4.803395462036133,0.0,0.0,,,,,,,,,,,,
231,val,3.8892452239990236,3.8892452239990236,0.0,3.8892448425292967,0.0,0.0,0.07599999308586121,0.06399999856948853,0.22999999523162842,0.2059999942779541,0.35199997425079343,0.32199997901916505,0.07800000309944152,0.06999999880790711,0.23999998569488526,0.22199997901916504,0.3700000047683716,0.3479999780654907
232,train,33641.853125,4.803107070922851,33637.05,4.803107452392578,0.0,0.0,,,,,,,,,,,,
232,val,3.889833450317383,3.889833450317383,0.0,3.8898330688476563,0.0,0.0,0.08599998950958251,0.06599999666213989,0.21400001049041747,0.2120000123977661,0.33199999332427976,0.31399998664855955,0.08799999952316284,0.07199999690055847,0.22799999713897706,0.22799999713897706,0.35199997425079343,0.3419999837875366
233,train,50229.875,4.803212738037109,50225.06875,4.803213119506836,0.0,0.0,,,,,,,,,,,,
233,val,3.8901508331298826,3.8901508331298826,0.0,3.8901508331298826,0.0,0.0,0.07599999904632568,0.06799999475479127,0.2080000162124634,0.20799999237060546,0.3339999675750732,0.3179999828338623,0.0800000011920929,0.07400000095367432,0.2200000047683716,0.22599999904632567,0.35399999618530276,0.3459999799728394
234,train,75533.84375,4.802530670166016,75529.03125,4.802530670166016,0.0,0.0,,,,,,,,,,,,
234,val,3.890071487426758,3.890071487426758,0.0,3.890071487426758,0.0,0.0,0.07599999308586121,0.06999999284744263,0.19800000190734862,0.21399998664855957,0.3339999675750732,0.3259999752044678,0.08600000143051148,0.07799999713897705,0.21000001430511475,0.22999999523162842,0.35399999618530276,0.3539999723434448
235,train,38836.953125,4.802832412719726,38832.146875,4.802832412719726,0.0,0.0,,,,,,,,,,,,
235,val,3.8888622283935548,3.8888622283935548,0.0,3.8888622283935548,0.0,0.0,0.08799999952316284,0.07199999690055847,0.19200000762939454,0.2120000123977661,0.33199999332427976,0.32799997329711916,0.1,0.0800000011920929,0.20199999809265137,0.23000001907348633,0.3559999942779541,0.3559999704360962
236,train,62391.4375,4.8021385192871096,62386.63125,4.8021385192871096,0.0,0.0,,,,,,,,,,,,
236,val,3.88879508972168,3.88879508972168,0.0,3.88879508972168,0.0,0.0,0.08400000929832459,0.08399999737739564,0.2,0.22400002479553222,0.34800000190734864,0.3119999885559082,0.08800000548362732,0.08799999952316284,0.21399998664855957,0.24199998378753662,0.37199997901916504,0.3419999837875366
237,train,45016.58125,4.802200698852539,45011.778125,4.802200698852539,0.0,0.0,,,,,,,,,,,,
237,val,3.888323211669922,3.888323211669922,0.0,3.888323211669922,0.0,0.0,0.0800000011920929,0.07599999904632568,0.20399999618530273,0.21600000858306884,0.3499999761581421,0.3140000104904175,0.0840000033378601,0.0800000011920929,0.21399998664855957,0.23199999332427979,0.37200000286102297,0.3419999837875366
238,train,109509.175,4.801970672607422,109504.375,4.801970291137695,0.0,0.0,,,,,,,,,,,,
238,val,3.888536834716797,3.888536834716797,0.0,3.8885372161865233,0.0,0.0,0.0800000011920929,0.06200000047683716,0.19600000381469726,0.206000018119812,0.32799997329711916,0.3200000047683716,0.08600000143051148,0.06599999666213989,0.206000018119812,0.22200000286102295,0.35199999809265137,0.3479999780654907
239,train,99994.89375,4.802278137207031,99990.09375,4.802278137207031,0.0,0.0,,,,,,,,,,,,
239,val,3.8876274108886717,3.8876274108886717,0.0,3.8876277923583986,0.0,0.0,0.07799999713897705,0.06599999666213989,0.2,0.20399999618530273,0.3340000152587891,0.3079999923706055,0.08799999952316284,0.07199999690055847,0.21399998664855957,0.2240000009536743,0.3579999923706055,0.33399999141693115
240,train,59244.475,4.8015392303466795,59239.66875,4.8015392303466795,0.0,0.0,,,,,,,,,,,,
240,val,3.8905704498291014,3.8905704498291014,0.0,3.8905704498291014,0.0,0.0,0.07599999904632568,0.06399999856948853,0.1820000171661377,0.20199999809265137,0.32199997901916505,0.31399998664855955,0.08199999928474426,0.06999999880790711,0.19600000381469726,0.22200000286102295,0.34600000381469725,0.3419999837875366
241,train,59623.875,4.801678466796875,59619.06875,4.801678466796875,0.0,0.0,,,,,,,,,,,,
241,val,3.8917591094970705,3.8917591094970705,0.0,3.8917591094970705,0.0,0.0,0.06599999070167542,0.06399999856948853,0.19600000381469726,0.19600000381469726,0.32799999713897704,0.31599998474121094,0.07399999499320983,0.06799999475479127,0.20799999237060546,0.21600000858306884,0.35399999618530276,0.3419999837875366
242,train,45551.528125,4.801353454589844,45546.725,4.801353454589844,0.0,0.0,,,,,,,,,,,,
242,val,3.8912540435791017,3.8912540435791017,0.0,3.8912540435791017,0.0,0.0,0.06799999475479127,0.07599999904632568,0.20399999618530273,0.19600000381469726,0.3260000228881836,0.32999999523162843,0.07400000095367432,0.08199999332427979,0.21600000858306884,0.2120000123977661,0.34800000190734864,0.35199997425079343
243,train,31687.8125,4.8011116027832035,31683.01875,4.8011119842529295,0.0,0.0,,,,,,,,,,,,
243,val,3.8912734985351562,3.8912734985351562,0.0,3.8912738800048827,0.0,0.0,0.07199999690055847,0.06999999880790711,0.20799999237060546,0.19000000953674318,0.32199997901916505,0.31599998474121094,0.07599999904632568,0.07400000095367432,0.21599998474121093,0.21000001430511475,0.3379999876022339,0.3440000057220459
244,train,22710.034375,4.801252365112305,22705.2296875,4.801252365112305,0.0,0.0,,,,,,,,,,,,
244,val,3.891168975830078,3.891168975830078,0.0,3.891168975830078,0.0,0.0,0.06599999666213989,0.06599999666213989,0.1940000057220459,0.19999998807907104,0.3360000133514404,0.3200000047683716,0.07200000286102295,0.07400000095367432,0.2,0.21800000667572023,0.35199999809265137,0.35
245,train,33738.971875,4.800595474243164,33734.165625,4.800595092773437,0.0,0.0,,,,,,,,,,,,
245,val,3.890603256225586,3.890603256225586,0.0,3.8906036376953126,0.0,0.0,0.07400000095367432,0.07999999523162842,0.2119999885559082,0.1819999933242798,0.33599998950958254,0.31399998664855955,0.08199999928474426,0.08800000548362732,0.22200000286102295,0.2,0.3599999904632568,0.34599995613098145
246,train,35778.828125,4.800645446777343,35774.025,4.800645446777343,0.0,0.0,,,,,,,,,,,,
246,val,3.8897682189941407,3.8897682189941407,0.0,3.8897682189941407,0.0,0.0,0.07199999690055847,0.07399999499320983,0.19400001764297486,0.19400001764297486,0.343999981880188,0.3120000123977661,0.078000009059906,0.07799999713897705,0.2080000162124634,0.20799999237060546,0.3700000047683716,0.3359999656677246
247,train,57933.8125,4.800519180297852,57929.00625,4.800519561767578,0.0,0.0,,,,,,,,,,,,
247,val,3.8894378662109377,3.8894378662109377,0.0,3.889438247680664,0.0,0.0,0.07799999713897705,0.07199999690055847,0.2,0.20399999618530273,0.3340000152587891,0.31399998664855955,0.09000000357627869,0.07599999904632568,0.21600000858306884,0.2179999828338623,0.36000001430511475,0.3419999599456787
248,train,39361.31875,4.800681304931641,39356.5125,4.800681304931641,0.0,0.0,,,,,,,,,,,,
248,val,3.8893672943115236,3.8893672943115236,0.0,3.8893672943115236,0.0,0.0,0.07599999904632568,0.07199999690055847,0.20799999237060546,0.19800000190734862,0.3440000057220459,0.3220000028610229,0.08399999737739564,0.07799999713897705,0.2240000009536743,0.21600000858306884,0.3740000009536743,0.34599995613098145
249,train,80038.0875,4.8003387451171875,80033.2875,4.8003387451171875,0.0,0.0,,,,,,,,,,,,
249,val,3.8907329559326174,3.8907329559326174,0.0,3.890733337402344,0.0,0.0,0.06399999856948853,0.07400000095367432,0.19800000190734862,0.19800000190734862,0.34800000190734864,0.31999998092651366,0.07199999690055847,0.07399999499320983,0.21400001049041747,0.21400001049041747,0.37799997329711915,0.343999981880188
250,train,61005.4,4.799979019165039,61000.6,4.799979400634766,0.0,0.0,,,,,,,,,,,,
250,val,3.890835189819336,3.890835189819336,0.0,3.890835189819336,0.0,0.0,0.06599999666213989,0.07599999904632568,0.20399999618530273,0.19600000381469726,0.3340000152587891,0.3079999923706055,0.07200000286102295,0.07599999308586121,0.22199997901916504,0.21600000858306884,0.3619999885559082,0.337999963760376
251,train,32401.834375,4.799547958374023,32397.034375,4.799548721313476,0.0,0.0,,,,,,,,,,,,
251,val,3.8911685943603516,3.8911685943603516,0.0,3.891168212890625,0.0,0.0,0.06599999666213989,0.07199999690055847,0.2120000123977661,0.2,0.36600003242492674,0.31999998092651366,0.07199999690055847,0.07399999499320983,0.22799997329711913,0.21800000667572023,0.393999981880188,0.3479999780654907
252,train,37096.834375,4.79976806640625,37092.03125,4.799767684936524,0.0,0.0,,,,,,,,,,,,
252,val,3.891584014892578,3.891584014892578,0.0,3.8915836334228517,0.0,0.0,0.06799999475479127,0.07600000500679016,0.21000001430511475,0.2,0.34599995613098145,0.32999999523162843,0.0740000069141388,0.07999999523162842,0.2260000228881836,0.21599998474121093,0.36999998092651365,0.3539999723434448
253,train,95891.3875,4.799573135375977,95886.5875,4.79957275390625,0.0,0.0,,,,,,,,,,,,
253,val,3.891830825805664,3.891830825805664,0.0,3.8918304443359375,0.0,0.0,0.07800000309944152,0.07800000309944152,0.2059999942779541,0.19999998807907104,0.3319999694824219,0.3179999828338623,0.09000000953674317,0.0800000011920929,0.2240000009536743,0.2200000047683716,0.3559999942779541,0.343999981880188
254,train,42715.540625,4.7991996765136715,42710.74375,4.7991996765136715,0.0,0.0,,,,,,,,,,,,
254,val,3.893178939819336,3.893178939819336,0.0,3.8931785583496095,0.0,0.0,0.08199999928474426,0.07199999094009399,0.20000002384185792,0.2,0.33999998569488527,0.3079999923706055,0.08799999952316284,0.07399999499320983,0.21400001049041747,0.21600000858306884,0.3639999866485596,0.3419999837875366
255,train,47688.603125,4.7989849090576175,47683.80625,4.798985290527344,0.0,0.0,,,,,,,,,,,,
255,val,3.892557144165039,3.892557144165039,0.0,3.8925567626953126,0.0,0.0,0.08200000524520874,0.07199999690055847,0.19600000381469726,0.20399999618530273,0.32800002098083497,0.3059999942779541,0.08799999356269836,0.07399999499320983,0.20399999618530273,0.2200000286102295,0.34600000381469725,0.32999999523162843
256,train,65230.15625,4.799004745483399,65225.35,4.799004745483399,0.0,0.0,,,,,,,,,,,,
256,val,3.890602874755859,3.890602874755859,0.0,3.890602874755859,0.0,0.0,0.06999999880790711,0.07400000095367432,0.18600000143051149,0.20199999809265137,0.3300000190734863,0.31599998474121094,0.07800000309944152,0.07599999904632568,0.19600002765655516,0.21800003051757813,0.35,0.3419999599456787
257,train,75618.8,4.798249435424805,75613.99375,4.798249053955078,0.0,0.0,,,,,,,,,,,,
257,val,3.889500045776367,3.889500045776367,0.0,3.889500045776367,0.0,0.0,0.07800000309944152,0.07800000309944152,0.19800002574920655,0.20199999809265137,0.3219999551773071,0.3059999942779541,0.08600000143051148,0.0800000011920929,0.21400001049041747,0.21400001049041747,0.34200000762939453,0.3299999713897705
258,train,79686.8125,4.797809219360351,79682.01875,4.797809219360351,0.0,0.0,,,,,,,,,,,,
258,val,3.890940856933594,3.890940856933594,0.0,3.890940856933594,0.0,0.0,0.07800000309944152,0.07400000095367432,0.20799999237060546,0.193999981880188,0.3179999589920044,0.34000000953674314,0.08600000143051148,0.07599999904632568,0.2240000009536743,0.21000001430511475,0.3379999876022339,0.36600000858306886
259,train,56308.70625,4.7985282897949215,56303.91875,4.7985279083251955,0.0,0.0,,,,,,,,,,,,
259,val,3.888600540161133,3.888600540161133,0.0,3.888600540161133,0.0,0.0,0.0800000011920929,0.06000000238418579,0.2080000162124634,0.1980000138282776,0.32999999523162843,0.3239999771118164,0.08999999165534973,0.06200000047683716,0.22200000286102295,0.2120000123977661,0.35199999809265137,0.35399999618530276
260,train,47869.278125,4.797667694091797,47864.48125,4.797667694091797,0.0,0.0,,,,,,,,,,,,
260,val,3.889313507080078,3.889313507080078,0.0,3.889313507080078,0.0,0.0,0.078000009059906,0.059999996423721315,0.19200000762939454,0.19399999380111693,0.32999999523162843,0.31399998664855955,0.09000000953674317,0.06999999880790711,0.20999999046325685,0.2080000162124634,0.35199999809265137,0.3419999837875366
261,train,29893.871875,4.7978515625,29889.075,4.7978515625,0.0,0.0,,,,,,,,,,,,
261,val,3.8899150848388673,3.8899150848388673,0.0,3.889914703369141,0.0,0.0,0.07800000309944152,0.06200000047683716,0.20999999046325685,0.2,0.3179999828338623,0.32799997329711916,0.08799999952316284,0.06800000071525573,0.22999999523162842,0.21400001049041747,0.34200000762939453,0.3499999761581421
262,train,32923.775,4.797629928588867,32918.975,4.797629928588867,0.0,0.0,,,,,,,,,,,,
262,val,3.8894134521484376,3.8894134521484376,0.0,3.8894134521484376,0.0,0.0,0.0800000011920929,0.06000000238418579,0.20399999618530273,0.18399999141693116,0.3119999647140503,0.3199999570846558,0.08800000548362732,0.06600000262260437,0.22200000286102295,0.1980000138282776,0.3440000057220459,0.3479999780654907
263,train,34438.478125,4.79788818359375,34433.678125,4.797887802124023,0.0,0.0,,,,,,,,,,,,
263,val,3.8891788482666017,3.8891788482666017,0.0,3.8891788482666017,0.0,0.0,0.0800000011920929,0.05399999618530273,0.21600000858306884,0.19599999189376832,0.32799999713897704,0.31399998664855955,0.08600000143051148,0.059999996423721315,0.23199999332427979,0.21599998474121093,0.35400002002716063,0.343999981880188
264,train,55049.1625,4.796749114990234,55044.36875,4.796749114990234,0.0,0.0,,,,,,,,,,,,
264,val,3.8897186279296876,3.8897186279296876,0.0,3.8897186279296876,0.0,0.0,0.08600000143051148,0.06000000238418579,0.20400002002716064,0.20199999809265137,0.31599998474121094,0.3179999828338623,0.09200000166893005,0.06600000262260437,0.21800000667572023,0.2200000047683716,0.34200000762939453,0.3499999761581421
265,train,19916.25,4.79710807800293,19911.4515625,4.797108459472656,0.0,0.0,,,,,,,,,,,,
265,val,3.8889083862304688,3.8889083862304688,0.0,3.8889083862304688,0.0,0.0,0.08000000715255737,0.06399999856948853,0.19600001573562623,0.18799998760223388,0.32199997901916505,0.3239999771118164,0.08600000143051148,0.07399999499320983,0.21000001430511475,0.20200002193450928,0.34800000190734864,0.35
266,train,66846.775,4.796889114379883,66841.98125,4.796889114379883,0.0,0.0,,,,,,,,,,,,
266,val,3.8900306701660154,3.8900306701660154,0.0,3.8900306701660154,0.0,0.0,0.07400000095367432,0.06999999880790711,0.2059999942779541,0.20000002384185792,0.32999999523162843,0.3079999923706055,0.07999999523162842,0.07599999308586121,0.21800000667572023,0.21600000858306884,0.34800000190734864,0.3299999713897705
267,train,45320.00625,4.796461486816407,45315.2125,4.796461486816407,0.0,0.0,,,,,,,,,,,,
267,val,3.8903812408447265,3.8903812408447265,0.0,3.8903812408447265,0.0,0.0,0.07800000309944152,0.08199999928474426,0.21000001430511475,0.20199999809265137,0.3440000057220459,0.31399996280670167,0.08399999737739564,0.0899999976158142,0.22599999904632567,0.21800003051757813,0.36400001049041747,0.3339999675750732
268,train,36863.009375,4.7964122772216795,36858.209375,4.7964118957519535,0.0,0.0,,,,,,,,,,,,
268,val,3.889266586303711,3.889266586303711,0.0,3.8892669677734375,0.0,0.0,0.08600000739097595,0.07599999904632568,0.21800000667572023,0.19600000381469726,0.33599998950958254,0.3079999923706055,0.09199999570846558,0.08599998950958251,0.2359999895095825,0.21000001430511475,0.3639999866485596,0.3259999752044678
269,train,34187.209375,4.796017837524414,34182.409375,4.79601821899414,0.0,0.0,,,,,,,,,,,,
269,val,3.8894763946533204,3.8894763946533204,0.0,3.8894763946533204,0.0,0.0,0.09000000357627869,0.06599999666213989,0.21800000667572023,0.2,0.3319999694824219,0.3259999752044678,0.09599999785423279,0.07400000095367432,0.23199999332427979,0.21399998664855957,0.3559999704360962,0.3459999799728394
270,train,22057.625,4.795769882202149,22052.83125,4.795769882202149,0.0,0.0,,,,,,,,,,,,
270,val,3.8897777557373048,3.8897777557373048,0.0,3.8897777557373048,0.0,0.0,0.0840000033378601,0.06199999451637268,0.22200000286102295,0.2059999942779541,0.3259999752044678,0.31399998664855955,0.08799999952316284,0.06800000667572022,0.2379999876022339,0.2200000286102295,0.35399999618530276,0.3359999656677246
271,train,56663.85,4.795841979980469,56659.05,4.795841979980469,0.0,0.0,,,,,,,,,,,,
271,val,3.8886768341064455,3.8886768341064455,0.0,3.8886764526367186,0.0,0.0,0.07400000095367432,0.06600000262260437,0.22599999904632567,0.2120000123977661,0.3359999656677246,0.3179999828338623,0.07800000309944152,0.07200000286102295,0.23999998569488526,0.2240000009536743,0.35999996662139894,0.3419999837875366
272,train,36996.834375,4.795503234863281,36992.034375,4.795503234863281,0.0,0.0,,,,,,,,,,,,
272,val,3.889098358154297,3.889098358154297,0.0,3.889098358154297,0.0,0.0,0.07999999523162842,0.07199999690055847,0.2240000009536743,0.21800000667572023,0.3259999990463257,0.293999981880188,0.0840000033378601,0.07799999713897705,0.2359999895095825,0.23399999141693115,0.3479999780654907,0.31999998092651366
273,train,32051.215625,4.795359802246094,32046.4125,4.795359420776367,0.0,0.0,,,,,,,,,,,,
273,val,3.8889404296875,3.8889404296875,0.0,3.8889400482177736,0.0,0.0,0.08200000524520874,0.06600000262260437,0.21400001049041747,0.2080000162124634,0.32999999523162843,0.3079999923706055,0.08800000548362732,0.07199999690055847,0.23199999332427979,0.22799999713897706,0.3539999723434448,0.3339999675750732
274,train,48979.525,4.795326995849609,48974.728125,4.795326995849609,0.0,0.0,,,,,,,,,,,,
274,val,3.8911109924316407,3.8911109924316407,0.0,3.8911109924316407,0.0,0.0,0.07600000500679016,0.07600000500679016,0.21800000667572023,0.21000001430511475,0.33999998569488527,0.32199997901916505,0.08199999928474426,0.08399999141693115,0.23399999141693115,0.22599999904632567,0.3619999885559082,0.34399995803833006
275,train,31995.609375,4.795458984375,31990.81875,4.795458984375,0.0,0.0,,,,,,,,,,,,
275,val,3.89173583984375,3.89173583984375,0.0,3.8917362213134767,0.0,0.0,0.07200000882148742,0.06800000071525573,0.21800000667572023,0.20799999237060546,0.3380000114440918,0.3099999904632568,0.07599999904632568,0.07599999904632568,0.23199999332427979,0.2200000047683716,0.3599999904632568,0.3379999876022339
276,train,47405.19375,4.795037841796875,47400.396875,4.795037841796875,0.0,0.0,,,,,,,,,,,,
276,val,3.892681121826172,3.892681121826172,0.0,3.892681121826172,0.0,0.0,0.07200000286102295,0.07400000095367432,0.2260000228881836,0.2240000009536743,0.3600000381469727,0.31999998092651366,0.07599999904632568,0.07799999713897705,0.23999998569488526,0.24200000762939453,0.38399999141693114,0.34399995803833006
277,train,34015.953125,4.794929122924804,34011.159375,4.794929504394531,0.0,0.0,,,,,,,,,,,,
277,val,3.8922042846679688,3.8922042846679688,0.0,3.8922042846679688,0.0,0.0,0.07600000500679016,0.07400000095367432,0.22200000286102295,0.2119999885559082,0.3520000219345093,0.31999998092651366,0.07999999523162842,0.07999999523162842,0.24200000762939453,0.22799999713897706,0.37799999713897703,0.34600000381469725
278,train,38375.778125,4.794195175170898,38370.98125,4.794195175170898,0.0,0.0,,,,,,,,,,,,
278,val,3.8924419403076174,3.8924419403076174,0.0,3.8924419403076174,0.0,0.0,0.0800000011920929,0.07600000500679016,0.22800002098083497,0.20199999809265137,0.3299999713897705,0.3179999828338623,0.08199999332427979,0.08199999928474426,0.2440000057220459,0.21800000667572023,0.35399999618530276,0.34399995803833006
279,train,56303.6,4.794329833984375,56298.80625,4.794329452514648,0.0,0.0,,,,,,,,,,,,
279,val,3.8923011779785157,3.8923011779785157,0.0,3.8923011779785157,0.0,0.0,0.07200000286102295,0.06600000858306884,0.2200000047683716,0.1940000057220459,0.3419999837875366,0.3119999885559082,0.07999999523162842,0.0740000069141388,0.2380000114440918,0.21400001049041747,0.36200001239776614,0.3379999876022339
280,train,43448.921875,4.794271087646484,43444.128125,4.794270706176758,0.0,0.0,,,,,,,,,,,,
280,val,3.891208267211914,3.891208267211914,0.0,3.891208267211914,0.0,0.0,0.07599999904632568,0.06599999666213989,0.2200000047683716,0.2,0.33599998950958254,0.3099999904632568,0.08199999928474426,0.07599999904632568,0.23600001335144044,0.21600000858306884,0.36000001430511475,0.33599998950958254
281,train,32554.03125,4.793762588500977,32549.234375,4.793762588500977,0.0,0.0,,,,,,,,,,,,
281,val,3.891055679321289,3.891055679321289,0.0,3.891055679321289,0.0,0.0,0.07400000095367432,0.06999999880790711,0.22599999904632567,0.19200001955032348,0.3259999752044678,0.2999999761581421,0.07799999713897705,0.07599999904632568,0.23999998569488526,0.21000001430511475,0.35199997425079343,0.3239999771118164
282,train,43229.753125,4.793929672241211,43224.95625,4.7939292907714846,0.0,0.0,,,,,,,,,,,,
282,val,3.8909873962402344,3.8909873962402344,0.0,3.890987014770508,0.0,0.0,0.07399999499320983,0.07200000286102295,0.2240000009536743,0.18600001335144042,0.3240000009536743,0.2999999761581421,0.07800000309944152,0.0800000011920929,0.2380000114440918,0.2,0.35199999809265137,0.3239999771118164
283,train,40274.821875,4.793487930297852,40270.025,4.793488311767578,0.0,0.0,,,,,,,,,,,,
283,val,3.8923480987548826,3.8923480987548826,0.0,3.8923480987548826,0.0,0.0,0.07600000500679016,0.06399999856948853,0.21000001430511475,0.18600000143051149,0.3320000410079956,0.29599997997283933,0.08199999928474426,0.07200000286102295,0.22200000286102295,0.2,0.3559999704360962,0.31599998474121094
284,train,43767.5375,4.793497467041016,43762.740625,4.793497085571289,0.0,0.0,,,,,,,,,,,,
284,val,3.8924755096435546,3.8924755096435546,0.0,3.8924755096435546,0.0,0.0,0.07599999904632568,0.06799999475479127,0.21000001430511475,0.18600000143051149,0.31599998474121094,0.31399996280670167,0.0800000011920929,0.07999999523162842,0.2240000009536743,0.19800000190734862,0.3379999876022339,0.3299999713897705
285,train,31671.85625,4.792881774902344,31667.065625,4.792881774902344,0.0,0.0,,,,,,,,,,,,
285,val,3.8905853271484374,3.8905853271484374,0.0,3.8905853271484374,0.0,0.0,0.07000000476837158,0.06399999856948853,0.22200000286102295,0.21600000858306884,0.33199999332427976,0.3179999828338623,0.07599999308586121,0.07200000286102295,0.2379999876022339,0.22800002098083497,0.3619999885559082,0.3339999675750732
286,train,46995.321875,4.792545318603516,46990.528125,4.792545318603516,0.0,0.0,,,,,,,,,,,,
286,val,3.8915069580078123,3.8915069580078123,0.0,3.8915069580078123,0.0,0.0,0.07400000095367432,0.06800000071525573,0.20200002193450928,0.19600000381469726,0.3419999837875366,0.31399998664855955,0.07799999713897705,0.07799999713897705,0.22200000286102295,0.20799999237060546,0.3639999866485596,0.3319999694824219
287,train,53309.40625,4.792885589599609,53304.6125,4.792885589599609,0.0,0.0,,,,,,,,,,,,
287,val,3.8924331665039062,3.8924331665039062,0.0,3.8924335479736327,0.0,0.0,0.07200000286102295,0.07399999499320983,0.206000018119812,0.19000000953674318,0.32999999523162843,0.3180000066757202,0.07399999499320983,0.07999999523162842,0.22799999713897706,0.2,0.3599999904632568,0.3379999876022339
288,train,28702.0125,4.792586135864258,28697.21875,4.792586135864258,0.0,0.0,,,,,,,,,,,,
288,val,3.8921539306640627,3.8921539306640627,0.0,3.8921539306640627,0.0,0.0,0.06199999451637268,0.07000000476837158,0.20999999046325685,0.2,0.3419999837875366,0.3200000047683716,0.06600000262260437,0.07799999713897705,0.22799999713897706,0.20999999046325685,0.3700000047683716,0.3379999876022339
289,train,56716.35625,4.792251968383789,56711.5625,4.792251968383789,0.0,0.0,,,,,,,,,,,,
289,val,3.891458511352539,3.891458511352539,0.0,3.891458511352539,0.0,0.0,0.06399999856948853,0.07799999713897705,0.2059999942779541,0.18600001335144042,0.3419999837875366,0.3200000047683716,0.06600000262260437,0.08600000143051148,0.22799999713897706,0.2,0.3599999904632568,0.3419999837875366
290,train,32042.03125,4.79210090637207,32037.240625,4.792101287841797,0.0,0.0,,,,,,,,,,,,
290,val,3.891499710083008,3.891499710083008,0.0,3.891499710083008,0.0,0.0,0.06799999475479127,0.07799999713897705,0.2120000123977661,0.1940000057220459,0.3299999713897705,0.31999998092651366,0.07200000286102295,0.08399999737739564,0.23400001525878905,0.2,0.35199999809265137,0.3419999837875366
291,train,66854.56875,4.791871643066406,66849.775,4.79187126159668,0.0,0.0,,,,,,,,,,,,
291,val,3.8907848358154298,3.8907848358154298,0.0,3.8907848358154298,0.0,0.0,0.07399999499320983,0.07799999117851257,0.206000018119812,0.2,0.33999998569488527,0.3199999570846558,0.0800000011920929,0.08600000143051148,0.22599999904632567,0.20999999046325685,0.3659999847412109,0.33999996185302733
292,train,23755.1,4.791761016845703,23750.3046875,4.791761016845703,0.0,0.0,,,,,,,,,,,,
292,val,3.8915882110595703,3.8915882110595703,0.0,3.891588592529297,0.0,0.0,0.07599999904632568,0.07599999904632568,0.20399999618530273,0.18800001144409179,0.33199999332427976,0.31599998474121094,0.07999999523162842,0.08199999928474426,0.21800000667572023,0.19800000190734862,0.35400002002716063,0.337999963760376
293,train,15995.50625,4.790995788574219,15990.7140625,4.790995788574219,0.0,0.0,,,,,,,,,,,,
293,val,3.8926227569580076,3.8926227569580076,0.0,3.892622375488281,0.0,0.0,0.07799999713897705,0.06999999880790711,0.19600000381469726,0.19000000953674318,0.3239999771118164,0.3199999570846558,0.08199999928474426,0.07799999713897705,0.20999999046325685,0.20199999809265137,0.3480000257492065,0.343999981880188
294,train,44648.234375,4.7911022186279295,44643.446875,4.7911022186279295,0.0,0.0,,,,,,,,,,,,
294,val,3.8937908172607423,3.8937908172607423,0.0,3.8937908172607423,0.0,0.0,0.0800000011920929,0.06599999666213989,0.19200000762939454,0.2,0.30799996852874756,0.3119999885559082,0.08399999737739564,0.07399999499320983,0.20799999237060546,0.21000001430511475,0.3379999876022339,0.3339999675750732
295,train,82746.81875,4.7902671813964846,82742.025,4.7902671813964846,0.0,0.0,,,,,,,,,,,,
295,val,3.893325424194336,3.893325424194336,0.0,3.8933258056640625,0.0,0.0,0.0840000033378601,0.06999999880790711,0.20199999809265137,0.19399999380111693,0.3220000028610229,0.31600000858306887,0.08600000143051148,0.07600000500679016,0.21800000667572023,0.20399999618530273,0.3459999799728394,0.3339999675750732
296,train,48209.515625,4.79052619934082,48204.73125,4.79052619934082,0.0,0.0,,,,,,,,,,,,
296,val,3.89245491027832,3.89245491027832,0.0,3.89245491027832,0.0,0.0,0.06999999880790711,0.06800000071525573,0.20399999618530273,0.2,0.3119999647140503,0.30799996852874756,0.07400000095367432,0.06999999880790711,0.21999998092651368,0.21400001049041747,0.33599998950958254,0.3299999713897705
297,train,84106.90625,4.790515518188476,84102.1125,4.790515518188476,0.0,0.0,,,,,,,,,,,,
297,val,3.8928314208984376,3.8928314208984376,0.0,3.8928314208984376,0.0,0.0,0.06999999880790711,0.07600000500679016,0.2120000123977661,0.19200000762939454,0.32799999713897704,0.31999998092651366,0.0740000069141388,0.08200000524520874,0.22799997329711913,0.20399999618530273,0.35199999809265137,0.3419999837875366
298,train,43970.946875,4.790241241455078,43966.159375,4.790240859985351,0.0,0.0,,,,,,,,,,,,
298,val,3.892119216918945,3.892119216918945,0.0,3.892119598388672,0.0,0.0,0.07600000500679016,0.07200000286102295,0.2059999942779541,0.18600000143051149,0.3259999990463257,0.3179999828338623,0.0800000011920929,0.07800000309944152,0.21800000667572023,0.19799998998641968,0.3559999942779541,0.33999996185302733
299,train,58600.525,4.78958740234375,58595.7375,4.789587020874023,0.0,0.0,,,,,,,,,,,,
299,val,3.8921077728271483,3.8921077728271483,0.0,3.892107391357422,0.0,0.0,0.06999999880790711,0.06600000262260437,0.2059999942779541,0.18600000143051149,0.3380000114440918,0.3259999752044678,0.07400000095367432,0.07199999690055847,0.22200002670288085,0.19599999189376832,0.3680000066757202,0.35
300,train,33403.40625,4.78959846496582,33398.61875,4.78959846496582,0.0,0.0,,,,,,,,,,,,
300,val,3.893752670288086,3.893752670288086,0.0,3.893752670288086,0.0,0.0,0.06800000071525573,0.06000000238418579,0.20799999237060546,0.1840000033378601,0.31999998092651366,0.31999998092651366,0.06999999880790711,0.06600000262260437,0.2240000009536743,0.19600000381469726,0.34800000190734864,0.343999981880188
301,train,38035.653125,4.789700698852539,38030.865625,4.789699935913086,0.0,0.0,,,,,,,,,,,,
301,val,3.8952926635742187,3.8952926635742187,0.0,3.895292282104492,0.0,0.0,0.064000004529953,0.064000004529953,0.18600000143051149,0.20400002002716064,0.32799997329711916,0.3239999771118164,0.06800000071525573,0.06800000071525573,0.20199999809265137,0.21400001049041747,0.35199997425079343,0.34800000190734864
302,train,49737.340625,4.788655853271484,49732.55625,4.788655853271484,0.0,0.0,,,,,,,,,,,,
302,val,3.8944984436035157,3.8944984436035157,0.0,3.8944984436035157,0.0,0.0,0.06999999284744263,0.06600000262260437,0.21400001049041747,0.20999999046325685,0.3259999752044678,0.3340000152587891,0.07199999690055847,0.07199999690055847,0.22999999523162842,0.22200000286102295,0.3520000219345093,0.3579999923706055
303,train,55223.725,4.789115905761719,55218.925,4.789115905761719,0.0,0.0,,,,,,,,,,,,
303,val,3.8947463989257813,3.8947463989257813,0.0,3.8947463989257813,0.0,0.0,0.06800000071525573,0.06599999666213989,0.21000001430511475,0.20999999046325685,0.3220000028610229,0.3259999990463257,0.06999999880790711,0.0740000069141388,0.23000001907348633,0.22599999904632567,0.34200000762939453,0.34800000190734864
304,train,50689.109375,4.789108657836914,50684.31875,4.789108657836914,0.0,0.0,,,,,,,,,,,,
304,val,3.893544006347656,3.893544006347656,0.0,3.8935436248779296,0.0,0.0,0.07199999690055847,0.06199999451637268,0.21000001430511475,0.20399999618530273,0.3320000171661377,0.3220000028610229,0.07399999499320983,0.07000000476837158,0.22400002479553222,0.22200002670288085,0.3560000419616699,0.337999963760376
305,train,44029.08125,4.78880500793457,44024.290625,4.78880500793457,0.0,0.0,,,,,,,,,,,,
305,val,3.8923595428466795,3.8923595428466795,0.0,3.8923595428466795,0.0,0.0,0.07400000095367432,0.057999998331069946,0.20999999046325685,0.19800000190734862,0.3239999771118164,0.3179999589920044,0.07599999904632568,0.06800000071525573,0.2240000009536743,0.21599998474121093,0.35000004768371584,0.33999998569488527
306,train,31631.559375,4.78846435546875,31626.771875,4.78846435546875,0.0,0.0,,,,,,,,,,,,
306,val,3.891851806640625,3.891851806640625,0.0,3.8918521881103514,0.0,0.0,0.07799999713897705,0.06799999475479127,0.21400001049041747,0.19800000190734862,0.33199999332427976,0.32199997901916505,0.08199999928474426,0.07800000309944152,0.2260000228881836,0.2120000123977661,0.35400002002716063,0.3379999876022339
307,train,41037.128125,4.7885383605957035,41032.340625,4.7885383605957035,0.0,0.0,,,,,,,,,,,,
307,val,3.8944950103759766,3.8944950103759766,0.0,3.8944950103759766,0.0,0.0,0.07200000286102295,0.06399999260902405,0.21600000858306884,0.19800000190734862,0.34200000762939453,0.32800002098083497,0.0800000011920929,0.07400000095367432,0.2379999876022339,0.2120000123977661,0.3619999885559082,0.34799995422363283
308,train,55394.68125,4.78814926147461,55389.89375,4.78814926147461,0.0,0.0,,,,,,,,,,,,
308,val,3.8948833465576174,3.8948833465576174,0.0,3.8948833465576174,0.0,0.0,0.0800000011920929,0.057999998331069946,0.21600000858306884,0.20199999809265137,0.3440000295639038,0.30799996852874756,0.0840000033378601,0.06600000262260437,0.24000000953674316,0.21600000858306884,0.36600000858306886,0.32799999713897704
309,train,16908.5484375,4.787443161010742,16903.7609375,4.787443161010742,0.0,0.0,,,,,,,,,,,,
309,val,3.893572998046875,3.893572998046875,0.0,3.893572998046875,0.0,0.0,0.08200000524520874,0.06399999856948853,0.2240000009536743,0.19800000190734862,0.343999981880188,0.31999998092651366,0.08600000143051148,0.07000000476837158,0.24799997806549073,0.21000001430511475,0.3639999866485596,0.3379999876022339
310,train,51525.584375,4.787721633911133,51520.79375,4.787721633911133,0.0,0.0,,,,,,,,,,,,
310,val,3.8931648254394533,3.8931648254394533,0.0,3.8931652069091798,0.0,0.0,0.0899999976158142,0.059999996423721315,0.21600000858306884,0.21400001049041747,0.3339999675750732,0.33199999332427976,0.09399999976158142,0.06999999880790711,0.23400001525878905,0.22200000286102295,0.3579999923706055,0.343999981880188
311,train,68180.6875,4.7877449035644535,68175.9,4.787744522094727,0.0,0.0,,,,,,,,,,,,
311,val,3.8950550079345705,3.8950550079345705,0.0,3.8950550079345705,0.0,0.0,0.07399999499320983,0.06200000047683716,0.21800000667572023,0.206000018119812,0.32799997329711916,0.3339999675750732,0.07599999308586121,0.06799999475479127,0.23399999141693115,0.2200000047683716,0.35199999809265137,0.35199997425079343
312,train,62744.95,4.7874187469482425,62740.1625,4.787418365478516,0.0,0.0,,,,,,,,,,,,
312,val,3.8963226318359374,3.8963226318359374,0.0,3.8963226318359374,0.0,0.0,0.07599999308586121,0.06999999880790711,0.19800000190734862,0.2240000009536743,0.33999998569488527,0.3339999675750732,0.07999998927116395,0.07599999904632568,0.21400001049041747,0.2380000114440918,0.3639999866485596,0.3559999704360962
313,train,23234.7015625,4.78736686706543,23229.915625,4.787366485595703,0.0,0.0,,,,,,,,,,,,
313,val,3.895880126953125,3.895880126953125,0.0,3.895880126953125,0.0,0.0,0.0840000033378601,0.06200000047683716,0.2120000123977661,0.22799999713897706,0.34000000953674314,0.3359999656677246,0.09200000166893005,0.06800000071525573,0.22599999904632567,0.2440000057220459,0.3679999828338623,0.36000001430511475
314,train,24260.528125,4.787031173706055,24255.740625,4.787031173706055,0.0,0.0,,,,,,,,,,,,
314,val,3.8958057403564452,3.8958057403564452,0.0,3.8958057403564452,0.0,0.0,0.09600000381469727,0.06800000071525573,0.2260000228881836,0.24000000953674316,0.356000018119812,0.315999960899353,0.1059999942779541,0.07400000095367432,0.24200000762939453,0.2559999942779541,0.38000001907348635,0.33999998569488527
315,train,54939.125,4.787100219726563,54934.34375,4.787100219726563,0.0,0.0,,,,,,,,,,,,
315,val,3.896392822265625,3.896392822265625,0.0,3.896392822265625,0.0,0.0,0.09200000166893005,0.06399999856948853,0.2320000171661377,0.2240000009536743,0.33999998569488527,0.3239999771118164,0.10199999809265137,0.07000000476837158,0.24800000190734864,0.2380000114440918,0.36600003242492674,0.34800000190734864
316,train,80152.0875,4.78658447265625,80147.3,4.786584091186524,0.0,0.0,,,,,,,,,,,,
316,val,3.897418975830078,3.897418975830078,0.0,3.897418975830078,0.0,0.0,0.07600000500679016,0.06599999666213989,0.21999998092651368,0.21800000667572023,0.3520000219345093,0.33599998950958254,0.0800000011920929,0.07199999690055847,0.23399999141693115,0.2320000171661377,0.37400002479553224,0.35199997425079343
317,train,33038.428125,4.78582992553711,33033.640625,4.78582992553711,0.0,0.0,,,,,,,,,,,,
317,val,3.8962547302246096,3.8962547302246096,0.0,3.8962547302246096,0.0,0.0,0.078000009059906,0.06599999666213989,0.20399999618530273,0.22599999904632567,0.3339999675750732,0.3379999876022339,0.08199999928474426,0.07200000286102295,0.2200000047683716,0.2380000114440918,0.35400002002716063,0.3559999942779541
318,train,41615.296875,4.785712051391601,41610.5125,4.785712051391601,0.0,0.0,,,,,,,,,,,,
318,val,3.8959304809570314,3.8959304809570314,0.0,3.8959300994873045,0.0,0.0,0.07999999523162842,0.06800000071525573,0.20199999809265137,0.21600000858306884,0.3300000190734863,0.33199999332427976,0.085999995470047,0.07400000095367432,0.2200000047683716,0.22999999523162842,0.35399999618530276,0.35399999618530276
319,train,42209.496875,4.785543823242188,42204.709375,4.785543823242188,0.0,0.0,,,,,,,,,,,,
319,val,3.8976959228515624,3.8976959228515624,0.0,3.897695541381836,0.0,0.0,0.06999999880790711,0.06999999880790711,0.2,0.206000018119812,0.3299999713897705,0.34200000762939453,0.07599999904632568,0.07399999499320983,0.2200000047683716,0.21800000667572023,0.3579999923706055,0.3640000343322754
320,train,59154.19375,4.78582992553711,59149.4,4.78582992553711,0.0,0.0,,,,,,,,,,,,
320,val,3.8959976196289063,3.8959976196289063,0.0,3.895998001098633,0.0,0.0,0.08600000739097595,0.07199999690055847,0.19800000190734862,0.21600000858306884,0.32799999713897704,0.3300000190734863,0.09199999570846558,0.07600000500679016,0.21400001049041747,0.22799997329711913,0.3499999761581421,0.34599995613098145
321,train,34759.653125,4.785513687133789,34754.865625,4.785513305664063,0.0,0.0,,,,,,,,,,,,
321,val,3.8972057342529296,3.8972057342529296,0.0,3.8972057342529296,0.0,0.0,0.07400000095367432,0.06399999856948853,0.2120000123977661,0.2260000228881836,0.32799994945526123,0.3380000114440918,0.0800000011920929,0.06800000071525573,0.22799999713897706,0.23400001525878905,0.3479999780654907,0.35199999809265137
322,train,18347.259375,4.784739303588867,18342.4734375,4.784739303588867,0.0,0.0,,,,,,,,,,,,
322,val,3.8962375640869142,3.8962375640869142,0.0,3.8962375640869142,0.0,0.0,0.085999995470047,0.05600000023841858,0.2260000228881836,0.206000018119812,0.337999963760376,0.34000000953674314,0.08999999165534973,0.059999996423721315,0.24200000762939453,0.21600000858306884,0.3559999942779541,0.3539999485015869
323,train,36074.915625,4.785148620605469,36070.13125,4.785148620605469,0.0,0.0,,,,,,,,,,,,
323,val,3.894990921020508,3.894990921020508,0.0,3.8949905395507813,0.0,0.0,0.07200000286102295,0.06199999451637268,0.2,0.20400002002716064,0.33799993991851807,0.3259999752044678,0.07800000309944152,0.06599999666213989,0.21400001049041747,0.2119999885559082,0.3579999923706055,0.34399995803833006
324,train,15518.6078125,4.7837982177734375,15513.8234375,4.7837982177734375,0.0,0.0,,,,,,,,,,,,
324,val,3.8933292388916017,3.8933292388916017,0.0,3.893328857421875,0.0,0.0,0.07400000095367432,0.06399999856948853,0.2059999942779541,0.20399999618530273,0.337999963760376,0.3200000047683716,0.07800000309944152,0.06799999475479127,0.22200000286102295,0.21399998664855957,0.3639999866485596,0.337999963760376
325,train,32990.1,4.784564590454101,32985.315625,4.784564971923828,0.0,0.0,,,,,,,,,,,,
325,val,3.894024658203125,3.894024658203125,0.0,3.8940242767333983,0.0,0.0,0.07600000500679016,0.057999998331069946,0.2120000123977661,0.21400001049041747,0.3259999990463257,0.3140000104904175,0.07999999523162842,0.06200000047683716,0.22200000286102295,0.22200002670288085,0.3479999780654907,0.3259999752044678
326,train,22822.4671875,4.783979034423828,22817.684375,4.783979034423828,0.0,0.0,,,,,,,,,,,,
326,val,3.8970462799072267,3.8970462799072267,0.0,3.8970458984375,0.0,0.0,0.06999999880790711,0.06399999856948853,0.20199999809265137,0.206000018119812,0.3179999828338623,0.32199997901916505,0.0740000069141388,0.06600000262260437,0.21800000667572023,0.21600000858306884,0.34000000953674314,0.337999963760376
327,train,16083.575,4.783796310424805,16078.7921875,4.783796691894532,0.0,0.0,,,,,,,,,,,,
327,val,3.894605255126953,3.894605255126953,0.0,3.894605255126953,0.0,0.0,0.07400000095367432,0.06999999284744263,0.20199999809265137,0.21600000858306884,0.3259999752044678,0.31999998092651366,0.07599999904632568,0.0740000069141388,0.21600000858306884,0.22200000286102295,0.34800000190734864,0.3359999656677246
328,train,34675.603125,4.783792877197266,34670.81875,4.783792495727539,0.0,0.0,,,,,,,,,,,,
328,val,3.8945873260498045,3.8945873260498045,0.0,3.8945873260498045,0.0,0.0,0.07199999690055847,0.07400000095367432,0.1940000057220459,0.22200000286102295,0.3300000190734863,0.3179999828338623,0.07400000095367432,0.0800000011920929,0.21000001430511475,0.22999999523162842,0.35,0.3359999656677246
329,train,22709.253125,4.7830657958984375,22704.46875,4.7830657958984375,0.0,0.0,,,,,,,,,,,,
329,val,3.8962547302246096,3.8962547302246096,0.0,3.8962547302246096,0.0,0.0,0.06999999880790711,0.07600000500679016,0.20400002002716064,0.2120000123977661,0.31800003051757814,0.31999998092651366,0.07199999690055847,0.08199999928474426,0.2240000009536743,0.21800000667572023,0.34200000762939453,0.3379999876022339
330,train,17064.5515625,4.7834522247314455,17059.7703125,4.7834526062011715,0.0,0.0,,,,,,,,,,,,
330,val,3.8974498748779296,3.8974498748779296,0.0,3.8974498748779296,0.0,0.0,0.07599999904632568,0.07400000095367432,0.20799999237060546,0.20399999618530273,0.3099999904632568,0.31599998474121094,0.07799999713897705,0.0800000011920929,0.2200000047683716,0.21600000858306884,0.33199999332427976,0.3359999656677246
331,train,40829.2875,4.782731628417968,40824.50625,4.782731628417968,0.0,0.0,,,,,,,,,,,,
331,val,3.898119354248047,3.898119354248047,0.0,3.898119354248047,0.0,0.0,0.07399999499320983,0.07399999499320983,0.2,0.20799999237060546,0.32199997901916505,0.3220000028610229,0.07799999713897705,0.08000000715255737,0.21400001049041747,0.2200000047683716,0.3440000057220459,0.34200000762939453
332,train,19490.8359375,4.782632827758789,19486.0515625,4.782632827758789,0.0,0.0,,,,,,,,,,,,
332,val,3.8954933166503904,3.8954933166503904,0.0,3.8954933166503904,0.0,0.0,0.06399999856948853,0.07000000476837158,0.19199999570846557,0.21600000858306884,0.3099999904632568,0.3340000152587891,0.06800000071525573,0.07400000095367432,0.206000018119812,0.2260000228881836,0.3319999694824219,0.35199999809265137
333,train,26900.678125,4.782424545288086,26895.89375,4.7824241638183596,0.0,0.0,,,,,,,,,,,,
333,val,3.8939414978027345,3.8939414978027345,0.0,3.893941879272461,0.0,0.0,0.07599999308586121,0.06600000262260437,0.21600000858306884,0.2119999885559082,0.3200000047683716,0.31999998092651366,0.07999999523162842,0.07199999690055847,0.23000001907348633,0.2200000047683716,0.337999963760376,0.33999996185302733
334,train,13843.31875,4.78267822265625,13838.534375,4.78267822265625,0.0,0.0,,,,,,,,,,,,
334,val,3.8951274871826174,3.8951274871826174,0.0,3.8951274871826174,0.0,0.0,0.07800000309944152,0.07200000882148742,0.2059999942779541,0.2240000009536743,0.31399996280670167,0.3099999904632568,0.0800000011920929,0.07599999308586121,0.2240000009536743,0.23600001335144044,0.33599998950958254,0.3299999713897705
335,train,17703.91875,4.782570648193359,17699.134375,4.782570648193359,0.0,0.0,,,,,,,,,,,,
335,val,3.8939754486083986,3.8939754486083986,0.0,3.893975830078125,0.0,0.0,0.08200000524520874,0.06600000262260437,0.2119999885559082,0.2120000123977661,0.31999998092651366,0.3079999923706055,0.08600000143051148,0.07199999690055847,0.23000001907348633,0.22799999713897706,0.34600000381469725,0.33399999141693115
336,train,67142.59375,4.7823951721191404,67137.8125,4.782394790649414,0.0,0.0,,,,,,,,,,,,
336,val,3.89473876953125,3.89473876953125,0.0,3.8947383880615236,0.0,0.0,0.06999999880790711,0.06800000071525573,0.2119999885559082,0.2,0.32199997901916505,0.3180000066757202,0.07599999308586121,0.07199999094009399,0.22599999904632567,0.2059999942779541,0.3460000276565552,0.3419999837875366
337,train,60316.525,4.781059265136719,60311.7375,4.781059265136719,0.0,0.0,,,,,,,,,,,,
337,val,3.8957427978515624,3.8957427978515624,0.0,3.8957427978515624,0.0,0.0,0.06999999880790711,0.06999999880790711,0.21600000858306884,0.19199999570846557,0.32400002479553225,0.3260000228881836,0.07599999904632568,0.07400000095367432,0.22800002098083497,0.2,0.34800000190734864,0.343999981880188
338,train,22027.2578125,4.781746292114258,22022.475,4.781747055053711,0.0,0.0,,,,,,,,,,,,
338,val,3.8947380065917967,3.8947380065917967,0.0,3.8947383880615236,0.0,0.0,0.06599999666213989,0.06999999284744263,0.2200000047683716,0.2119999885559082,0.3239999771118164,0.31399998664855955,0.06999999880790711,0.07200000286102295,0.23400001525878905,0.2200000047683716,0.34800000190734864,0.3359999656677246
339,train,37462.615625,4.781131744384766,37457.834375,4.781131744384766,0.0,0.0,,,,,,,,,,,,
339,val,3.894842529296875,3.894842529296875,0.0,3.8948429107666014,0.0,0.0,0.07800000309944152,0.06999999880790711,0.21400001049041747,0.21400001049041747,0.3320000171661377,0.32800002098083497,0.08199999928474426,0.07199999094009399,0.23400001525878905,0.22200002670288085,0.3559999942779541,0.35199999809265137
340,train,38714.309375,4.781100463867188,38709.525,4.781100463867188,0.0,0.0,,,,,,,,,,,,
340,val,3.895235061645508,3.895235061645508,0.0,3.895235061645508,0.0,0.0,0.08200000524520874,0.06999999880790711,0.22999999523162842,0.21400001049041747,0.34600000381469725,0.33999998569488527,0.08600000143051148,0.07199999094009399,0.2440000057220459,0.2240000009536743,0.3680000305175781,0.3619999885559082
341,train,22575.8421875,4.7809295654296875,22571.0625,4.780929946899414,0.0,0.0,,,,,,,,,,,,
341,val,3.8942989349365233,3.8942989349365233,0.0,3.89429931640625,0.0,0.0,0.07400000095367432,0.0800000011920929,0.21399998664855957,0.2119999885559082,0.3500000238418579,0.3339999675750732,0.0800000011920929,0.08199999928474426,0.22800002098083497,0.2200000047683716,0.36999998092651365,0.3559999704360962
342,train,64819.1875,4.780558013916016,64814.40625,4.780558395385742,0.0,0.0,,,,,,,,,,,,
342,val,3.8948543548583983,3.8948543548583983,0.0,3.894854736328125,0.0,0.0,0.07800000309944152,0.07400000095367432,0.22200000286102295,0.21599998474121093,0.337999963760376,0.3299999713897705,0.0840000033378601,0.07599999308586121,0.22999999523162842,0.2260000228881836,0.3619999885559082,0.3459999799728394
343,train,49668.93125,4.780208969116211,49664.15,4.780208969116211,0.0,0.0,,,,,,,,,,,,
343,val,3.8942657470703126,3.8942657470703126,0.0,3.8942657470703126,0.0,0.0,0.07199999690055847,0.06600000262260437,0.21800000667572023,0.20999999046325685,0.31999998092651366,0.31999998092651366,0.07799999713897705,0.06999999880790711,0.22800002098083497,0.22200002670288085,0.34000000953674314,0.3379999876022339
344,train,92760.6625,4.779818725585938,92755.8875,4.779818725585938,0.0,0.0,,,,,,,,,,,,
344,val,3.8922279357910154,3.8922279357910154,0.0,3.8922279357910154,0.0,0.0,0.08399999737739564,0.07399999499320983,0.21800000667572023,0.2119999885559082,0.337999963760376,0.31999998092651366,0.08799999952316284,0.07999999523162842,0.2260000228881836,0.22200000286102295,0.3579999923706055,0.3379999876022339
345,train,44627.10625,4.779836273193359,44622.33125,4.779836273193359,0.0,0.0,,,,,,,,,,,,
345,val,3.8919704437255858,3.8919704437255858,0.0,3.8919704437255858,0.0,0.0,0.0840000033378601,0.07199999690055847,0.2200000047683716,0.22200000286102295,0.32799999713897704,0.33599998950958254,0.08799999952316284,0.07599999904632568,0.22999999523162842,0.23600001335144044,0.34800000190734864,0.3559999942779541
346,train,33948.93125,4.77972183227539,33944.15,4.77972183227539,0.0,0.0,,,,,,,,,,,,
346,val,3.8922996520996094,3.8922996520996094,0.0,3.8922996520996094,0.0,0.0,0.0899999976158142,0.07599999308586121,0.23199999332427979,0.21400001049041747,0.3380000114440918,0.33999998569488527,0.09600000381469727,0.08200000524520874,0.23600001335144044,0.22799999713897706,0.35800001621246336,0.36600000858306886
347,train,24036.9515625,4.779547882080078,24032.171875,4.779547119140625,0.0,0.0,,,,,,,,,,,,
347,val,3.8929019927978517,3.8929019927978517,0.0,3.892902374267578,0.0,0.0,0.07600000500679016,0.07599999904632568,0.22200000286102295,0.22599999904632567,0.33399999141693115,0.34600000381469725,0.08200000524520874,0.07800000309944152,0.2320000171661377,0.2380000114440918,0.34999995231628417,0.3680000066757202
348,train,28166.55625,4.77941665649414,28161.775,4.77941665649414,0.0,0.0,,,,,,,,,,,,
348,val,3.895304489135742,3.895304489135742,0.0,3.895304489135742,0.0,0.0,0.06599999666213989,0.07399999499320983,0.21800000667572023,0.21000001430511475,0.3259999990463257,0.3499999761581421,0.07199999690055847,0.07800000309944152,0.2260000228881836,0.2200000047683716,0.3419999837875366,0.37200000286102297
349,train,40009.45,4.779156112670899,40004.671875,4.779156112670899,0.0,0.0,,,,,,,,,,,,
349,val,3.8948707580566406,3.8948707580566406,0.0,3.894871139526367,0.0,0.0,0.07599999904632568,0.07599999904632568,0.22200000286102295,0.22200000286102295,0.3239999771118164,0.343999981880188,0.0800000011920929,0.07999999523162842,0.23399999141693115,0.2320000171661377,0.3380000114440918,0.3700000047683716
350,train,14972.63125,4.777931594848633,14967.853125,4.777931594848633,0.0,0.0,,,,,,,,,,,,
350,val,3.894845962524414,3.894845962524414,0.0,3.894845962524414,0.0,0.0,0.07200000286102295,0.06599999666213989,0.22200000286102295,0.22200000286102295,0.30999996662139895,0.3200000047683716,0.0740000069141388,0.06800000071525573,0.23600001335144044,0.23399999141693115,0.3259999990463257,0.3419999837875366
351,train,35569.615625,4.77857551574707,35564.8375,4.778575897216797,0.0,0.0,,,,,,,,,,,,
351,val,3.8970977783203127,3.8970977783203127,0.0,3.8970973968505858,0.0,0.0,0.07400000095367432,0.06999999880790711,0.20799999237060546,0.22599999904632567,0.31399996280670167,0.32799999713897704,0.07800000309944152,0.07400000095367432,0.22799999713897706,0.2380000114440918,0.3319999694824219,0.35
352,train,35389.36875,4.778190612792969,35384.59375,4.778190612792969,0.0,0.0,,,,,,,,,,,,
352,val,3.8995807647705076,3.8995807647705076,0.0,3.8995807647705076,0.0,0.0,0.07400000095367432,0.06800000071525573,0.22200000286102295,0.22999999523162842,0.32799997329711916,0.3379999876022339,0.07799999713897705,0.07199999690055847,0.23600001335144044,0.2359999895095825,0.34600000381469725,0.35799996852874755
353,train,82402.86875,4.777908706665039,82398.09375,4.777908706665039,0.0,0.0,,,,,,,,,,,,
353,val,3.8968677520751953,3.8968677520751953,0.0,3.896867370605469,0.0,0.0,0.07399999499320983,0.07000000476837158,0.21400001049041747,0.22200000286102295,0.33599998950958254,0.3179999828338623,0.0800000011920929,0.07200000286102295,0.2320000171661377,0.23199999332427979,0.3559999704360962,0.343999981880188
354,train,39405.15625,4.7776142120361325,39400.375,4.777613830566406,0.0,0.0,,,,,,,,,,,,
354,val,3.896099853515625,3.896099853515625,0.0,3.8960994720458983,0.0,0.0,0.06800000071525573,0.0740000069141388,0.21800000667572023,0.2260000228881836,0.3240000009536743,0.32800002098083497,0.07400000095367432,0.07599999308586121,0.23400001525878905,0.23600001335144044,0.3440000057220459,0.35199997425079343
355,train,5052.67265625,4.777407836914063,5047.8953125,4.777407836914063,0.0,0.0,,,,,,,,,,,,
355,val,3.8947994232177736,3.8947994232177736,0.0,3.8947998046875,0.0,0.0,0.07599999904632568,0.07800000309944152,0.20799999237060546,0.2240000009536743,0.32799999713897704,0.32800002098083497,0.0840000033378601,0.08399999737739564,0.22200000286102295,0.2380000114440918,0.34800000190734864,0.3559999942779541
356,train,33127.803125,4.7775413513183596,33123.021875,4.7775413513183596,0.0,0.0,,,,,,,,,,,,
356,val,3.894837188720703,3.894837188720703,0.0,3.894837188720703,0.0,0.0,0.08199999928474426,0.07599999308586121,0.21600000858306884,0.22200000286102295,0.3380000114440918,0.3319999694824219,0.08799999952316284,0.07999999523162842,0.23400001525878905,0.23600001335144044,0.36200001239776614,0.3599999904632568
357,train,3069.3701171875,4.776725006103516,3064.5931640625,4.776725387573242,0.0,0.0,,,,,,,,,,,,
357,val,3.895460510253906,3.895460510253906,0.0,3.895460510253906,0.0,0.0,0.078000009059906,0.07599999904632568,0.20999999046325685,0.2240000009536743,0.32799999713897704,0.3260000228881836,0.08199999928474426,0.0800000011920929,0.22599999904632567,0.24000000953674316,0.35,0.3559999942779541
358,train,17525.615625,4.776790618896484,17520.8375,4.7767902374267575,0.0,0.0,,,,,,,,,,,,
358,val,3.895590591430664,3.895590591430664,0.0,3.895590972900391,0.0,0.0,0.07200000286102295,0.06999999880790711,0.20399999618530273,0.22799999713897706,0.33599998950958254,0.31999998092651366,0.0800000011920929,0.0740000069141388,0.2240000009536743,0.24000003337860107,0.3579999923706055,0.343999981880188
359,train,11182.15703125,4.776422119140625,11177.38125,4.776421737670899,0.0,0.0,,,,,,,,,,,,
359,val,3.8972049713134767,3.8972049713134767,0.0,3.897205352783203,0.0,0.0,0.0800000011920929,0.07400000095367432,0.21400001049041747,0.2240000009536743,0.31399996280670167,0.3440000057220459,0.08600000739097595,0.07800000309944152,0.23399999141693115,0.2320000171661377,0.3339999675750732,0.3679999589920044
360,train,15248.5625,4.776536560058593,15243.7875,4.776536560058593,0.0,0.0,,,,,,,,,,,,
360,val,3.895648193359375,3.895648193359375,0.0,3.895648193359375,0.0,0.0,0.08399999737739564,0.07799999713897705,0.21000001430511475,0.2120000123977661,0.3259999752044678,0.3380000114440918,0.08799999952316284,0.08200000524520874,0.23000001907348633,0.22400002479553222,0.34800000190734864,0.36199996471405027
361,train,71326.5625,4.77617301940918,71321.7875,4.776172637939453,0.0,0.0,,,,,,,,,,,,
361,val,3.8972904205322267,3.8972904205322267,0.0,3.8972904205322267,0.0,0.0,0.08799999952316284,0.07400000095367432,0.22400002479553222,0.21600000858306884,0.32999999523162843,0.32999999523162843,0.09400000572204589,0.07800000309944152,0.24600002765655518,0.22800002098083497,0.35,0.3559999704360962
362,train,50003.41875,4.775295639038086,49998.640625,4.775295639038086,0.0,0.0,,,,,,,,,,,,
362,val,3.8934940338134765,3.8934940338134765,0.0,3.89349365234375,0.0,0.0,0.08799999952316284,0.07200000286102295,0.21800000667572023,0.21600000858306884,0.34200000762939453,0.33399999141693115,0.09800000786781311,0.0740000069141388,0.2380000114440918,0.22799999713897706,0.35399999618530276,0.3579999923706055
363,train,25155.459375,4.775431823730469,25150.684375,4.775431823730469,0.0,0.0,,,,,,,,,,,,
363,val,3.8950042724609375,3.8950042724609375,0.0,3.8950042724609375,0.0,0.0,0.0800000011920929,0.07599999904632568,0.21800000667572023,0.2059999942779541,0.3360000133514404,0.3259999752044678,0.08600000143051148,0.07800000309944152,0.24000003337860107,0.21600000858306884,0.35199997425079343,0.35
364,train,8610.67109375,4.775230789184571,8605.896875,4.775230789184571,0.0,0.0,,,,,,,,,,,,
364,val,3.895590972900391,3.895590972900391,0.0,3.895590972900391,0.0,0.0,0.07599999904632568,0.0800000011920929,0.2200000047683716,0.2200000047683716,0.32999999523162843,0.32799999713897704,0.08200000524520874,0.08200000524520874,0.23600001335144044,0.22799999713897706,0.35199999809265137,0.35199997425079343
365,train,67811.73125,4.775143814086914,67806.9625,4.775143814086914,0.0,0.0,,,,,,,,,,,,
365,val,3.895150375366211,3.895150375366211,0.0,3.895150375366211,0.0,0.0,0.0800000011920929,0.07400000095367432,0.21400001049041747,0.22799999713897706,0.32000002861022947,0.3320000171661377,0.08799999952316284,0.07800000309944152,0.22999999523162842,0.23600003719329835,0.33599998950958254,0.3559999704360962
366,train,13672.315625,4.775337600708008,13667.540625,4.775337982177734,0.0,0.0,,,,,,,,,,,,
366,val,3.894535446166992,3.894535446166992,0.0,3.894535446166992,0.0,0.0,0.085999995470047,0.07599999904632568,0.21800000667572023,0.22599999904632567,0.3179999828338623,0.3380000114440918,0.09200000762939453,0.0800000011920929,0.2380000114440918,0.2359999895095825,0.33599998950958254,0.36199996471405027
367,train,26497.734375,4.774745178222656,26492.95625,4.774745178222656,0.0,0.0,,,,,,,,,,,,
367,val,3.8945056915283205,3.8945056915283205,0.0,3.8945056915283205,0.0,0.0,0.07799999713897705,0.07599999904632568,0.22599999904632567,0.2200000047683716,0.32999999523162843,0.3300000190734863,0.08399999737739564,0.08000000715255737,0.24200000762939453,0.23400001525878905,0.34399995803833006,0.3499999761581421
368,train,30704.684375,4.774985122680664,30699.9125,4.774985122680664,0.0,0.0,,,,,,,,,,,,
368,val,3.8945781707763674,3.8945781707763674,0.0,3.8945781707763674,0.0,0.0,0.08399999737739564,0.07400000095367432,0.21400001049041747,0.20799999237060546,0.3559999942779541,0.3559999704360962,0.09200000166893005,0.07800000309944152,0.23600001335144044,0.2179999828338623,0.3740000009536743,0.3759999990463257
369,train,40666.646875,4.774338150024414,40661.871875,4.774338150024414,0.0,0.0,,,,,,,,,,,,
369,val,3.8951324462890624,3.8951324462890624,0.0,3.8951324462890624,0.0,0.0,0.07799999713897705,0.07200000286102295,0.22599999904632567,0.21800000667572023,0.3539999723434448,0.3419999599456787,0.09000000357627869,0.07400000095367432,0.24800000190734864,0.23199999332427979,0.37600002288818357,0.3639999866485596
370,train,32426.9,4.774357604980469,32422.125,4.774357604980469,0.0,0.0,,,,,,,,,,,,
370,val,3.8946434020996095,3.8946434020996095,0.0,3.8946434020996095,0.0,0.0,0.06999999284744263,0.07599999904632568,0.21400001049041747,0.20399999618530273,0.33400003910064696,0.3339999675750732,0.07599999904632568,0.07800000309944152,0.23600001335144044,0.2119999885559082,0.3539999723434448,0.35799996852874755
371,train,17164.8203125,4.773929214477539,17160.0453125,4.773928833007813,0.0,0.0,,,,,,,,,,,,
371,val,3.895595169067383,3.895595169067383,0.0,3.895595169067383,0.0,0.0,0.07599999904632568,0.07800000309944152,0.22200000286102295,0.21400001049041747,0.33999998569488527,0.3319999694824219,0.0800000011920929,0.0800000011920929,0.2379999876022339,0.22200000286102295,0.3579999923706055,0.3539999723434448
372,train,30942.475,4.77343521118164,30937.7,4.77343521118164,0.0,0.0,,,,,,,,,,,,
372,val,3.895807647705078,3.895807647705078,0.0,3.895807647705078,0.0,0.0,0.07200000286102295,0.0800000011920929,0.2119999885559082,0.2179999828338623,0.33599998950958254,0.3340000629425049,0.0800000011920929,0.08200000524520874,0.23000001907348633,0.22599999904632567,0.35400002002716063,0.3559999942779541
373,train,26030.5859375,4.7740119934082035,26025.809375,4.7740123748779295,0.0,0.0,,,,,,,,,,,,
373,val,3.8967445373535154,3.8967445373535154,0.0,3.8967445373535154,0.0,0.0,0.07800000309944152,0.0800000011920929,0.2240000009536743,0.21600000858306884,0.32999999523162843,0.315999960899353,0.08599998950958251,0.08200000524520874,0.24000000953674316,0.22599999904632567,0.35,0.3359999656677246
374,train,33728.25625,4.773349380493164,33723.484375,4.773349380493164,0.0,0.0,,,,,,,,,,,,
374,val,3.895197296142578,3.895197296142578,0.0,3.8951976776123045,0.0,0.0,0.0840000033378601,0.07799999713897705,0.2200000047683716,0.206000018119812,0.3479999780654907,0.33599998950958254,0.08799999952316284,0.08199999928474426,0.23400001525878905,0.2119999885559082,0.3619999885559082,0.35399999618530276
375,train,6821.81953125,4.77276611328125,6817.046875,4.772766494750977,0.0,0.0,,,,,,,,,,,,
375,val,3.8953083038330076,3.8953083038330076,0.0,3.895307922363281,0.0,0.0,0.08799999356269836,0.07599999904632568,0.21999998092651368,0.20199999809265137,0.35799996852874755,0.3359999656677246,0.09599999785423279,0.08000000715255737,0.2380000114440918,0.2120000123977661,0.37399997711181643,0.35399999618530276
376,train,11677.88515625,4.772359466552734,11673.11171875,4.772359466552734,0.0,0.0,,,,,,,,,,,,
376,val,3.8949615478515627,3.8949615478515627,0.0,3.8949615478515627,0.0,0.0,0.08199999928474426,0.07400000095367432,0.2240000009536743,0.21400001049041747,0.3619999885559082,0.3340000152587891,0.08799999952316284,0.07800000309944152,0.24400002956390382,0.2200000286102295,0.3799999713897705,0.35199997425079343
377,train,36120.534375,4.772129058837891,36115.7625,4.772129058837891,0.0,0.0,,,,,,,,,,,,
377,val,3.894456481933594,3.894456481933594,0.0,3.894456481933594,0.0,0.0,0.07999999523162842,0.06999999880790711,0.22200002670288085,0.2119999885559082,0.3440000295639038,0.3319999694824219,0.08799999952316284,0.07399999499320983,0.24000000953674316,0.2200000286102295,0.35999996662139894,0.3559999704360962
378,train,35847.2,4.771768951416016,35842.425,4.771768951416016,0.0,0.0,,,,,,,,,,,,
378,val,3.8916725158691405,3.8916725158691405,0.0,3.8916725158691405,0.0,0.0,0.07399999499320983,0.07599999904632568,0.23199999332427979,0.22999999523162842,0.3459999799728394,0.33399999141693115,0.07999999523162842,0.07999999523162842,0.25,0.24000000953674316,0.3639999866485596,0.3539999485015869
379,train,50220.9125,4.77129898071289,50216.140625,4.77129898071289,0.0,0.0,,,,,,,,,,,,
379,val,3.8905189514160154,3.8905189514160154,0.0,3.8905181884765625,0.0,0.0,0.06800000071525573,0.07800000309944152,0.21400001049041747,0.23000001907348633,0.34800000190734864,0.3179999589920044,0.07400000095367432,0.08199999928474426,0.2320000171661377,0.24000000953674316,0.36999998092651365,0.337999963760376
380,train,14181.26875,4.771556091308594,14176.4984375,4.771555709838867,0.0,0.0,,,,,,,,,,,,
380,val,3.8925514221191406,3.8925514221191406,0.0,3.892551040649414,0.0,0.0,0.0800000011920929,0.07000000476837158,0.20999999046325685,0.21399998664855957,0.34200000762939453,0.3179999589920044,0.08600000143051148,0.07399999499320983,0.23000001907348633,0.2240000009536743,0.36200001239776614,0.3419999599456787
381,train,22997.63125,4.771371078491211,22992.859375,4.771370697021484,0.0,0.0,,,,,,,,,,,,
381,val,3.893149566650391,3.893149566650391,0.0,3.893149566650391,0.0,0.0,0.0800000011920929,0.06599999666213989,0.21999998092651368,0.2240000009536743,0.3259999990463257,0.3219999551773071,0.08600000143051148,0.06799999475479127,0.2440000057220459,0.2320000171661377,0.3440000057220459,0.3440000057220459
382,train,24589.90625,4.771292877197266,24585.134375,4.771292877197266,0.0,0.0,,,,,,,,,,,,
382,val,3.893692398071289,3.893692398071289,0.0,3.893692398071289,0.0,0.0,0.06799999475479127,0.07399999499320983,0.2120000123977661,0.2200000047683716,0.35000004768371584,0.3200000047683716,0.07400000095367432,0.07599999904632568,0.22800002098083497,0.2240000009536743,0.3740000009536743,0.3419999599456787
383,train,41022.809375,4.771191787719727,41018.04375,4.771191787719727,0.0,0.0,,,,,,,,,,,,
383,val,3.8943634033203125,3.8943634033203125,0.0,3.8943634033203125,0.0,0.0,0.06399999856948853,0.08199999928474426,0.23399999141693115,0.2120000123977661,0.34200003147125246,0.3219999551773071,0.06999999880790711,0.08200000524520874,0.25000002384185793,0.22200000286102295,0.3639999866485596,0.35
384,train,5020.9578125,4.770119857788086,5016.1875,4.770119476318359,0.0,0.0,,,,,,,,,,,,
384,val,3.894422912597656,3.894422912597656,0.0,3.894422912597656,0.0,0.0,0.07800000309944152,0.07599999904632568,0.22799999713897706,0.21600000858306884,0.36000001430511475,0.3259999990463257,0.08399999737739564,0.07800000309944152,0.24200000762939453,0.2260000228881836,0.3819999694824219,0.35400002002716063
385,train,15740.3203125,4.7701374053955075,15735.5515625,4.770137786865234,0.0,0.0,,,,,,,,,,,,
385,val,3.893137741088867,3.893137741088867,0.0,3.893137741088867,0.0,0.0,0.0840000033378601,0.07799999713897705,0.2379999876022339,0.21600000858306884,0.35400002002716063,0.3500000238418579,0.08999999165534973,0.08199999928474426,0.25200002193450927,0.2260000228881836,0.3820000171661377,0.37200000286102297
386,train,26420.546875,4.769652557373047,26415.778125,4.769652938842773,0.0,0.0,,,,,,,,,,,,
386,val,3.893245315551758,3.893245315551758,0.0,3.893245315551758,0.0,0.0,0.08600000143051148,0.07199999690055847,0.22599999904632567,0.22999999523162842,0.35,0.34800000190734864,0.09200000166893005,0.07800000309944152,0.2440000057220459,0.2380000114440918,0.3700000047683716,0.3679999828338623
387,train,26160.5453125,4.770184326171875,26155.7734375,4.770184326171875,0.0,0.0,,,,,,,,,,,,
387,val,3.8907405853271486,3.8907405853271486,0.0,3.8907405853271486,0.0,0.0,0.07800000309944152,0.0800000011920929,0.22200000286102295,0.2200000286102295,0.33999998569488527,0.34200000762939453,0.08600000143051148,0.08600000143051148,0.2440000057220459,0.22799999713897706,0.36600000858306886,0.36400001049041747
388,train,37682.9875,4.769662475585937,37678.21875,4.769662475585937,0.0,0.0,,,,,,,,,,,,
388,val,3.8889747619628907,3.8889747619628907,0.0,3.888975143432617,0.0,0.0,0.07400000095367432,0.07799999713897705,0.21800000667572023,0.21800000667572023,0.32799997329711916,0.34200000762939453,0.0800000011920929,0.08399999737739564,0.2380000114440918,0.22800002098083497,0.3579999923706055,0.3559999942779541
389,train,28593.678125,4.7693359375,28588.90625,4.769335556030273,0.0,0.0,,,,,,,,,,,,
389,val,3.8883377075195313,3.8883377075195313,0.0,3.8883377075195313,0.0,0.0,0.07799999713897705,0.07600000500679016,0.22599999904632567,0.2200000047683716,0.33199999332427976,0.3320000171661377,0.08600000143051148,0.0800000011920929,0.24600000381469728,0.2260000228881836,0.35399999618530276,0.35
390,train,25964.5,4.76851806640625,25959.7296875,4.768517684936524,0.0,0.0,,,,,,,,,,,,
390,val,3.8880096435546876,3.8880096435546876,0.0,3.888009262084961,0.0,0.0,0.0800000011920929,0.07199999690055847,0.2179999828338623,0.21600000858306884,0.34600000381469725,0.3440000295639038,0.0899999976158142,0.07600000500679016,0.23600001335144044,0.22800002098083497,0.3659999847412109,0.3639999866485596
391,train,24708.278125,4.768993377685547,24703.509375,4.768993377685547,0.0,0.0,,,,,,,,,,,,
391,val,3.886796569824219,3.886796569824219,0.0,3.886796569824219,0.0,0.0,0.0800000011920929,0.08000000715255737,0.22200002670288085,0.22599999904632567,0.3500000238418579,0.34200000762939453,0.0899999976158142,0.0840000033378601,0.23999998569488526,0.2359999895095825,0.3700000047683716,0.3619999885559082
392,train,22563.509375,4.768859100341797,22558.740625,4.768859100341797,0.0,0.0,,,,,,,,,,,,
392,val,3.8865360260009765,3.8865360260009765,0.0,3.8865360260009765,0.0,0.0,0.085999995470047,0.07999999523162842,0.2059999942779541,0.2119999885559082,0.3559999942779541,0.33199999332427976,0.09200000166893005,0.08400000929832459,0.2200000047683716,0.21800000667572023,0.3799999952316284,0.35199995040893556
393,train,25688.328125,4.768961334228516,25683.559375,4.768961334228516,0.0,0.0,,,,,,,,,,,,
393,val,3.886231231689453,3.886231231689453,0.0,3.886231231689453,0.0,0.0,0.07400000095367432,0.08199999928474426,0.20399999618530273,0.2119999885559082,0.32799999713897704,0.33199994564056395,0.0800000011920929,0.08600000143051148,0.21800000667572023,0.2200000047683716,0.34800000190734864,0.35399999618530276
394,train,46485.3375,4.768410110473633,46480.56875,4.768410110473633,0.0,0.0,,,,,,,,,,,,
394,val,3.886697769165039,3.886697769165039,0.0,3.8866973876953126,0.0,0.0,0.07200000286102295,0.08199999928474426,0.21000001430511475,0.2240000009536743,0.3459999799728394,0.33999998569488527,0.07800000309944152,0.08799999952316284,0.2260000228881836,0.23399999141693115,0.37200002670288085,0.3559999942779541
395,train,14287.4484375,4.767900848388672,14282.6828125,4.767900466918945,0.0,0.0,,,,,,,,,,,,
395,val,3.8856639862060547,3.8856639862060547,0.0,3.8856639862060547,0.0,0.0,0.0800000011920929,0.07799999713897705,0.20999999046325685,0.22999999523162842,0.3440000057220459,0.33999998569488527,0.0840000033378601,0.08399999737739564,0.22599999904632567,0.23600001335144044,0.3659999847412109,0.3619999885559082
396,train,58764.05,4.76799201965332,58759.28125,4.76799201965332,0.0,0.0,,,,,,,,,,,,
396,val,3.8885265350341798,3.8885265350341798,0.0,3.8885261535644533,0.0,0.0,0.07400000095367432,0.07399999499320983,0.20399999618530273,0.21800000667572023,0.3379999876022339,0.35399999618530276,0.07800000309944152,0.0800000011920929,0.2200000047683716,0.22599999904632567,0.3619999885559082,0.37400002479553224
397,train,24136.4734375,4.767673492431641,24131.7046875,4.7676738739013675,0.0,0.0,,,,,,,,,,,,
397,val,3.890776443481445,3.890776443481445,0.0,3.890776443481445,0.0,0.0,0.0800000011920929,0.07799999713897705,0.2059999942779541,0.22800002098083497,0.33399999141693115,0.35,0.08399999737739564,0.08199999928474426,0.22200002670288085,0.23600001335144044,0.356000018119812,0.36999998092651365
398,train,23401.046875,4.766958236694336,23396.2796875,4.766958236694336,0.0,0.0,,,,,,,,,,,,
398,val,3.889093780517578,3.889093780517578,0.0,3.8890933990478516,0.0,0.0,0.08199999928474426,0.07599999904632568,0.21600000858306884,0.23999998569488526,0.3559999942779541,0.3480000257492065,0.085999995470047,0.08199999928474426,0.2320000171661377,0.24800002574920654,0.3759999990463257,0.3659999847412109
399,train,35722.303125,4.76716194152832,35717.5375,4.76716194152832,0.0,0.0,,,,,,,,,,,,
399,val,3.8881103515625,3.8881103515625,0.0,3.8881103515625,0.0,0.0,0.0800000011920929,0.06799999475479127,0.22200000286102295,0.22599999904632567,0.3480000257492065,0.3239999532699585,0.08399999737739564,0.07400000095367432,0.2380000114440918,0.2379999876022339,0.3700000047683716,0.34600000381469725
400,train,14312.0578125,4.767169952392578,14307.290625,4.767169952392578,0.0,0.0,,,,,,,,,,,,
400,val,3.8898670196533205,3.8898670196533205,0.0,3.8898666381835936,0.0,0.0,0.06799999475479127,0.07600000500679016,0.21599998474121093,0.23000001907348633,0.3440000057220459,0.3559999942779541,0.07200000286102295,0.07799999713897705,0.22599999904632567,0.23600001335144044,0.3639999866485596,0.37600002288818357
401,train,17655.3234375,4.766629028320312,17650.55625,4.766629028320312,0.0,0.0,,,,,,,,,,,,
401,val,3.8912124633789062,3.8912124633789062,0.0,3.8912120819091798,0.0,0.0,0.06800000071525573,0.06800000071525573,0.20199999809265137,0.22200000286102295,0.343999981880188,0.3599999904632568,0.07400000095367432,0.06999999880790711,0.21800000667572023,0.2260000228881836,0.36600003242492674,0.38399996757507326
402,train,27833.359375,4.766751480102539,27828.59375,4.766751480102539,0.0,0.0,,,,,,,,,,,,
402,val,3.8881813049316407,3.8881813049316407,0.0,3.8881813049316407,0.0,0.0,0.08600000143051148,0.07599999904632568,0.2240000009536743,0.22200000286102295,0.3520000219345093,0.35,0.09199999570846558,0.07799999117851257,0.2359999895095825,0.23000001907348633,0.3680000066757202,0.37199997901916504
403,train,7502.84765625,4.766377639770508,7498.08125,4.766377258300781,0.0,0.0,,,,,,,,,,,,
403,val,3.8887516021728517,3.8887516021728517,0.0,3.888751220703125,0.0,0.0,0.08199999928474426,0.0800000011920929,0.2240000009536743,0.2320000171661377,0.3559999942779541,0.34800000190734864,0.08799999952316284,0.08200000524520874,0.23600001335144044,0.24400002956390382,0.3740000009536743,0.36999998092651365
404,train,57523.4,4.766305923461914,57518.6375,4.766305923461914,0.0,0.0,,,,,,,,,,,,
404,val,3.8893268585205076,3.8893268585205076,0.0,3.889326477050781,0.0,0.0,0.07800000309944152,0.07400000095367432,0.22799999713897706,0.2240000009536743,0.35399999618530276,0.36000001430511475,0.0840000033378601,0.0740000069141388,0.24200003147125243,0.23600001335144044,0.37399997711181643,0.37799997329711915
405,train,23386.08125,4.7662353515625,23381.31875,4.7662353515625,0.0,0.0,,,,,,,,,,,,
405,val,3.891753005981445,3.891753005981445,0.0,3.891753005981445,0.0,0.0,0.08199999928474426,0.07199999690055847,0.20999999046325685,0.22400002479553222,0.3579999923706055,0.35,0.08799999952316284,0.07200000286102295,0.22799999713897706,0.23400001525878905,0.37799999713897703,0.3659999847412109
406,train,16310.6125,4.765024948120117,16305.85,4.765025329589844,0.0,0.0,,,,,,,,,,,,
406,val,3.889939880371094,3.889939880371094,0.0,3.889939880371094,0.0,0.0,0.08199999928474426,0.07199999690055847,0.2119999885559082,0.2240000009536743,0.33399999141693115,0.3379999876022339,0.085999995470047,0.07200000286102295,0.22800002098083497,0.23400001525878905,0.35800001621246336,0.3559999704360962
407,train,53870.04375,4.765257263183594,53865.275,4.765256881713867,0.0,0.0,,,,,,,,,,,,
407,val,3.888498306274414,3.888498306274414,0.0,3.8884979248046876,0.0,0.0,0.06599999666213989,0.08200000524520874,0.22200000286102295,0.2380000114440918,0.32999999523162843,0.35799996852874755,0.06999999880790711,0.08200000524520874,0.24000000953674316,0.2440000057220459,0.34999995231628417,0.37399997711181643
408,train,13609.5984375,4.764283752441406,13604.834375,4.764283752441406,0.0,0.0,,,,,,,,,,,,
408,val,3.887030029296875,3.887030029296875,0.0,3.887030029296875,0.0,0.0,0.08199999332427979,0.07799999713897705,0.20999999046325685,0.2380000114440918,0.3259999990463257,0.3619999885559082,0.08799999952316284,0.0800000011920929,0.22400002479553222,0.24200000762939453,0.35,0.3739999532699585
409,train,30294.403125,4.764686584472656,30289.640625,4.764686584472656,0.0,0.0,,,,,,,,,,,,
409,val,3.8863109588623046,3.8863109588623046,0.0,3.8863109588623046,0.0,0.0,0.0800000011920929,0.07999999523162842,0.21000001430511475,0.24000000953674316,0.3499999761581421,0.36199996471405027,0.08399999737739564,0.08200000524520874,0.22599999904632567,0.2440000057220459,0.3659999847412109,0.37399997711181643
410,train,13101.72265625,4.7642982482910154,13096.95625,4.7642982482910154,0.0,0.0,,,,,,,,,,,,
410,val,3.8876697540283205,3.8876697540283205,0.0,3.8876697540283205,0.0,0.0,0.08399999737739564,0.06999999880790711,0.22599999904632567,0.22599999904632567,0.3479999780654907,0.35800001621246336,0.08799999952316284,0.07200000882148742,0.24000000953674316,0.2320000171661377,0.3619999885559082,0.37199997901916504
411,train,19971.8796875,4.764656448364258,19967.1171875,4.764656448364258,0.0,0.0,,,,,,,,,,,,
411,val,3.8879558563232424,3.8879558563232424,0.0,3.8879558563232424,0.0,0.0,0.08199999928474426,0.07399999499320983,0.22400002479553222,0.22200000286102295,0.343999981880188,0.35399999618530276,0.085999995470047,0.07599999308586121,0.24000000953674316,0.2260000228881836,0.3619999885559082,0.3659999847412109
412,train,41345.065625,4.764280319213867,41340.3,4.764280319213867,0.0,0.0,,,,,,,,,,,,
412,val,3.886880874633789,3.886880874633789,0.0,3.8868812561035155,0.0,0.0,0.07799999117851257,0.07599999308586121,0.22200000286102295,0.22999999523162842,0.3419999837875366,0.3619999885559082,0.0800000011920929,0.07800000309944152,0.23600001335144044,0.2380000114440918,0.35799996852874755,0.3740000009536743
413,train,48710.021875,4.764064025878906,48705.259375,4.764064025878906,0.0,0.0,,,,,,,,,,,,
413,val,3.887492370605469,3.887492370605469,0.0,3.8874927520751954,0.0,0.0,0.07799999117851257,0.08399999737739564,0.20999999046325685,0.23000001907348633,0.3419999837875366,0.3659999847412109,0.08399999737739564,0.08600000143051148,0.2239999771118164,0.2380000114440918,0.3639999866485596,0.37599997520446776
414,train,9187.13359375,4.762837219238281,9182.37109375,4.762837219238281,0.0,0.0,,,,,,,,,,,,
414,val,3.8874179840087892,3.8874179840087892,0.0,3.8874176025390623,0.0,0.0,0.07600000500679016,0.07999999523162842,0.21600000858306884,0.22799999713897706,0.32999999523162843,0.3579999923706055,0.0800000011920929,0.08200000524520874,0.22799999713897706,0.2320000171661377,0.35,0.3679999828338623
415,train,11294.38046875,4.762874984741211,11289.61796875,4.762874984741211,0.0,0.0,,,,,,,,,,,,
415,val,3.8869667053222656,3.8869667053222656,0.0,3.886967086791992,0.0,0.0,0.08600000143051148,0.08199999928474426,0.21800000667572023,0.2359999895095825,0.3360000133514404,0.3559999942779541,0.09000000357627869,0.0840000033378601,0.23400001525878905,0.24600002765655518,0.35399999618530276,0.3639999866485596
416,train,2148.6705078125,4.763396453857422,2143.9076171875,4.763396835327148,0.0,0.0,,,,,,,,,,,,
416,val,3.886623764038086,3.886623764038086,0.0,3.886623764038086,0.0,0.0,0.08799999952316284,0.08199999928474426,0.22799999713897706,0.22799999713897706,0.3299999713897705,0.3599999904632568,0.09000000357627869,0.08600000739097595,0.24000003337860107,0.23600001335144044,0.34799995422363283,0.3679999828338623
417,train,27936.725,4.762279510498047,27931.965625,4.762279510498047,0.0,0.0,,,,,,,,,,,,
417,val,3.886686325073242,3.886686325073242,0.0,3.8866859436035157,0.0,0.0,0.08199999928474426,0.06999999284744263,0.22799999713897706,0.2240000009536743,0.35,0.3639999866485596,0.085999995470047,0.07200000286102295,0.24200000762939453,0.23400001525878905,0.3659999847412109,0.37399997711181643
418,train,21264.4375,4.762251281738282,21259.675,4.762251663208008,0.0,0.0,,,,,,,,,,,,
418,val,3.8877471923828124,3.8877471923828124,0.0,3.887747573852539,0.0,0.0,0.09000000357627869,0.07400000095367432,0.2179999828338623,0.2200000047683716,0.33199999332427976,0.3499999761581421,0.09599999785423279,0.07999999523162842,0.2320000171661377,0.23000001907348633,0.35399999618530276,0.3679999828338623
419,train,18932.0078125,4.7624359130859375,18927.2453125,4.7624359130859375,0.0,0.0,,,,,,,,,,,,
419,val,3.8891544342041016,3.8891544342041016,0.0,3.8891544342041016,0.0,0.0,0.0899999976158142,0.06999999880790711,0.22999999523162842,0.23399999141693115,0.343999981880188,0.3559999942779541,0.1,0.07400000095367432,0.24400002956390382,0.24000000953674316,0.36600003242492674,0.37600002288818357
420,train,53292.73125,4.761440277099609,53287.96875,4.7614398956298825,0.0,0.0,,,,,,,,,,,,
420,val,3.8883167266845704,3.8883167266845704,0.0,3.8883167266845704,0.0,0.0,0.0800000011920929,0.07599999308586121,0.23600001335144044,0.22800002098083497,0.35399999618530276,0.35399999618530276,0.08799999952316284,0.07799999117851257,0.2519999980926514,0.23600001335144044,0.37200000286102297,0.37600002288818357
421,train,9378.3296875,4.7619270324707035,9373.56875,4.761926651000977,0.0,0.0,,,,,,,,,,,,
421,val,3.886222076416016,3.886222076416016,0.0,3.886222076416016,0.0,0.0,0.07799999713897705,0.07599999904632568,0.23199999332427979,0.22800002098083497,0.35199997425079343,0.34800000190734864,0.08200000524520874,0.07799999713897705,0.24800002574920654,0.23600001335144044,0.3680000305175781,0.3659999847412109
422,train,36032.06875,4.761522674560547,36027.309375,4.761522674560547,0.0,0.0,,,,,,,,,,,,
422,val,3.887109375,3.887109375,0.0,3.8871097564697266,0.0,0.0,0.07800000309944152,0.07400000095367432,0.2200000047683716,0.22800002098083497,0.35399999618530276,0.35,0.08199999928474426,0.07599999904632568,0.2380000114440918,0.24000000953674316,0.3700000047683716,0.362000036239624
423,train,36068.646875,4.761267471313476,36063.88125,4.761267471313476,0.0,0.0,,,,,,,,,,,,
423,val,3.8884830474853516,3.8884830474853516,0.0,3.888483428955078,0.0,0.0,0.07999999523162842,0.07200000286102295,0.21800000667572023,0.22400002479553222,0.3639999866485596,0.35199999809265137,0.08399999737739564,0.07400000095367432,0.23400001525878905,0.23600001335144044,0.3820000171661377,0.36999998092651365
424,train,6260.29453125,4.7608085632324215,6255.533984375,4.760807800292969,0.0,0.0,,,,,,,,,,,,
424,val,3.889792251586914,3.889792251586914,0.0,3.889792633056641,0.0,0.0,0.07200000286102295,0.07199999690055847,0.2200000047683716,0.21800000667572023,0.35199999809265137,0.3599999904632568,0.07599999904632568,0.07600000500679016,0.23600001335144044,0.2260000228881836,0.3700000286102295,0.3759999990463257
425,train,13014.65078125,4.760800170898437,13009.89140625,4.760800170898437,0.0,0.0,,,,,,,,,,,,
425,val,3.8885353088378904,3.8885353088378904,0.0,3.8885353088378904,0.0,0.0,0.07599999904632568,0.0800000011920929,0.21400001049041747,0.2240000009536743,0.3380000114440918,0.35,0.08199999928474426,0.08600000739097595,0.23199999332427979,0.23600001335144044,0.3579999923706055,0.3659999847412109
426,train,7951.9171875,4.760822677612305,7947.15625,4.760822296142578,0.0,0.0,,,,,,,,,,,,
426,val,3.8867870330810548,3.8867870330810548,0.0,3.8867870330810548,0.0,0.0,0.08000000715255737,0.08600000143051148,0.23199999332427979,0.21800000667572023,0.3579999923706055,0.3379999876022339,0.08600000143051148,0.09200000762939453,0.24800002574920654,0.2320000171661377,0.3820000171661377,0.35399999618530276
427,train,4281.608203125,4.760294342041016,4276.848046875,4.760294342041016,0.0,0.0,,,,,,,,,,,,
427,val,3.887163543701172,3.887163543701172,0.0,3.8871639251708983,0.0,0.0,0.0840000033378601,0.08799999952316284,0.24600000381469728,0.22400002479553222,0.36600000858306886,0.343999981880188,0.09199999570846558,0.09200000166893005,0.2660000085830688,0.2320000171661377,0.3920000076293945,0.3619999885559082
428,train,16733.940625,4.760561752319336,16729.1796875,4.760561752319336,0.0,0.0,,,,,,,,,,,,
428,val,3.8879051208496094,3.8879051208496094,0.0,3.8879051208496094,0.0,0.0,0.07400000095367432,0.08399999737739564,0.22799999713897706,0.2320000171661377,0.343999981880188,0.34000000953674314,0.07799999713897705,0.09000000357627869,0.24600000381469728,0.24000000953674316,0.3680000305175781,0.3559999704360962
429,train,13372.7984375,4.760774993896485,13368.0375,4.760774612426758,0.0,0.0,,,,,,,,,,,,
429,val,3.886079025268555,3.886079025268555,0.0,3.886079025268555,0.0,0.0,0.07200000286102295,0.08399999737739564,0.2379999876022339,0.22999999523162842,0.36000001430511475,0.34000000953674314,0.07599999904632568,0.09000000357627869,0.2519999980926514,0.24000000953674316,0.3860000133514404,0.3579999923706055
430,train,1603.8361328125,4.759709167480469,1599.0763671875,4.759709167480469,0.0,0.0,,,,,,,,,,,,
430,val,3.886125946044922,3.886125946044922,0.0,3.8861263275146483,0.0,0.0,0.07400000095367432,0.0899999976158142,0.23399999141693115,0.2379999876022339,0.3579999923706055,0.3480000257492065,0.07800000309944152,0.09599999785423279,0.256000018119812,0.24800002574920654,0.3819999933242798,0.3659999847412109
431,train,5486.484765625,4.759054565429688,5481.725,4.759054565429688,0.0,0.0,,,,,,,,,,,,
431,val,3.8871368408203124,3.8871368408203124,0.0,3.8871368408203124,0.0,0.0,0.07599999904632568,0.09399999976158142,0.23600001335144044,0.2379999876022339,0.34999995231628417,0.35400002002716063,0.0800000011920929,0.1,0.2620000123977661,0.24600000381469728,0.3740000009536743,0.3679999828338623
432,train,24778.034375,4.759086990356446,24773.2765625,4.759086990356446,0.0,0.0,,,,,,,,,,,,
432,val,3.8872982025146485,3.8872982025146485,0.0,3.8872982025146485,0.0,0.0,0.08199999928474426,0.09799999594688416,0.2379999876022339,0.23399999141693115,0.34600000381469725,0.3480000257492065,0.085999995470047,0.10199999809265137,0.2620000123977661,0.2440000057220459,0.36999998092651365,0.3679999828338623
433,train,17913.45625,4.759082412719726,17908.696875,4.75908203125,0.0,0.0,,,,,,,,,,,,
433,val,3.886016082763672,3.886016082763672,0.0,3.886015701293945,0.0,0.0,0.08600000739097595,0.09199999570846558,0.23999998569488526,0.2260000228881836,0.35,0.34000000953674314,0.0899999976158142,0.09600000381469727,0.2620000123977661,0.23600001335144044,0.37199997901916504,0.3599999904632568
434,train,15589.1625,4.758941268920898,15584.4015625,4.758941650390625,0.0,0.0,,,,,,,,,,,,
434,val,3.887248229980469,3.887248229980469,0.0,3.887248229980469,0.0,0.0,0.0840000033378601,0.08399999737739564,0.22799999713897706,0.23399999141693115,0.36000001430511475,0.3520000219345093,0.08399999737739564,0.08800000548362732,0.25200002193450927,0.24600002765655518,0.38399996757507326,0.36999998092651365
435,train,46833.759375,4.758646392822266,46829.0,4.758646774291992,0.0,0.0,,,,,,,,,,,,
435,val,3.886126708984375,3.886126708984375,0.0,3.8861263275146483,0.0,0.0,0.08600000739097595,0.07799999713897705,0.21800000667572023,0.24200000762939453,0.3479999780654907,0.3559999704360962,0.08799999952316284,0.08199999928474426,0.24000000953674316,0.2539999961853027,0.36999998092651365,0.3759999513626099
436,train,56162.45,4.758271789550781,56157.7,4.758272171020508,0.0,0.0,,,,,,,,,,,,
436,val,3.8866832733154295,3.8866832733154295,0.0,3.8866832733154295,0.0,0.0,0.08199999928474426,0.0800000011920929,0.21400001049041747,0.2359999895095825,0.36400001049041747,0.343999981880188,0.08399999737739564,0.08600000143051148,0.23600001335144044,0.24600002765655518,0.38999998569488525,0.3599999904632568
437,train,49915.1125,4.758388519287109,49910.353125,4.758388519287109,0.0,0.0,,,,,,,,,,,,
437,val,3.886066436767578,3.886066436767578,0.0,3.886066436767578,0.0,0.0,0.0899999976158142,0.08600000143051148,0.22599999904632567,0.2359999895095825,0.3680000066757202,0.343999981880188,0.09199999570846558,0.09199999570846558,0.24599997997283934,0.2440000057220459,0.3940000057220459,0.3639999866485596
438,train,5826.3203125,4.757646179199218,5821.5625,4.757646179199218,0.0,0.0,,,,,,,,,,,,
438,val,3.885365676879883,3.885365676879883,0.0,3.8853660583496095,0.0,0.0,0.0899999976158142,0.0800000011920929,0.23399999141693115,0.23399999141693115,0.356000018119812,0.33999998569488527,0.09399999380111694,0.08600000143051148,0.25799999237060545,0.24600002765655518,0.38399999141693114,0.35999996662139894
439,train,27644.11875,4.757371139526367,27639.365625,4.7573707580566404,0.0,0.0,,,,,,,,,,,,
439,val,3.8852333068847655,3.8852333068847655,0.0,3.885233688354492,0.0,0.0,0.08399999737739564,0.08600000143051148,0.22799999713897706,0.23199999332427979,0.3380000114440918,0.3379999876022339,0.08799999356269836,0.09200000166893005,0.25400002002716066,0.24400002956390382,0.3659999847412109,0.3619999885559082
440,train,5267.610546875,4.756829071044922,5262.853515625,4.756829071044922,0.0,0.0,,,,,,,,,,,,
440,val,3.8850021362304688,3.8850021362304688,0.0,3.8850017547607423,0.0,0.0,0.08600000143051148,0.0899999976158142,0.22599999904632567,0.22799999713897706,0.343999981880188,0.34200003147125246,0.08799999952316284,0.09399999976158142,0.24800002574920654,0.24400002956390382,0.3679999828338623,0.36199996471405027
441,train,12777.2703125,4.757291030883789,12772.5125,4.757291030883789,0.0,0.0,,,,,,,,,,,,
441,val,3.884149932861328,3.884149932861328,0.0,3.8841503143310545,0.0,0.0,0.09400000572204589,0.07999999523162842,0.23199999332427979,0.24600000381469728,0.3579999923706055,0.3499999761581421,0.09599999785423279,0.0840000033378601,0.25,0.26000001430511477,0.37799997329711915,0.3679999589920044
442,train,6311.07578125,4.756907653808594,6306.319140625,4.756907653808594,0.0,0.0,,,,,,,,,,,,
442,val,3.8869510650634767,3.8869510650634767,0.0,3.88695068359375,0.0,0.0,0.0840000033378601,0.085999995470047,0.2359999895095825,0.24200000762939453,0.3539999723434448,0.34800000190734864,0.08800000548362732,0.09200000166893005,0.256000018119812,0.25400002002716066,0.3759999990463257,0.37399997711181643
443,train,19646.03125,4.756178665161133,19641.275,4.756178665161133,0.0,0.0,,,,,,,,,,,,
443,val,3.8859092712402346,3.8859092712402346,0.0,3.8859092712402346,0.0,0.0,0.08199999928474426,0.085999995470047,0.2239999771118164,0.23999998569488526,0.35,0.33999996185302733,0.0840000033378601,0.0899999976158142,0.24800002574920654,0.2519999980926514,0.3679999828338623,0.3619999885559082
444,train,12728.90625,4.756351470947266,12724.15,4.756351470947266,0.0,0.0,,,,,,,,,,,,
444,val,3.886028289794922,3.886028289794922,0.0,3.8860279083251954,0.0,0.0,0.07600000500679016,0.07600000500679016,0.2200000047683716,0.22799999713897706,0.3379999876022339,0.3459999799728394,0.07799999713897705,0.08200000524520874,0.24000000953674316,0.24000003337860107,0.3639999866485596,0.36999998092651365
445,train,11971.803125,4.755912780761719,11967.046875,4.755912399291992,0.0,0.0,,,,,,,,,,,,
445,val,3.8843074798583985,3.8843074798583985,0.0,3.884307861328125,0.0,0.0,0.08600000143051148,0.07800000309944152,0.2359999895095825,0.23399999141693115,0.35199997425079343,0.3559999465942383,0.09200000166893005,0.0840000033378601,0.2519999980926514,0.24400002956390382,0.3700000286102295,0.3820000171661377
446,train,7990.56640625,4.7553962707519535,7985.81171875,4.7553962707519535,0.0,0.0,,,,,,,,,,,,
446,val,3.884958267211914,3.884958267211914,0.0,3.884958267211914,0.0,0.0,0.08800000548362732,0.07599999308586121,0.22599999904632567,0.22800002098083497,0.356000018119812,0.3419999599456787,0.09200000762939453,0.0840000033378601,0.24600000381469728,0.2380000114440918,0.37799997329711915,0.36399996280670166
447,train,28352.253125,4.755771255493164,28347.496875,4.755771255493164,0.0,0.0,,,,,,,,,,,,
447,val,3.888418197631836,3.888418197631836,0.0,3.8884178161621095,0.0,0.0,0.07999999523162842,0.07199999690055847,0.2120000123977661,0.22800002098083497,0.35199999809265137,0.3599999904632568,0.08199999928474426,0.0800000011920929,0.2320000171661377,0.2440000057220459,0.36999998092651365,0.3819999694824219
448,train,8746.44921875,4.754804611206055,8741.69375,4.754804992675782,0.0,0.0,,,,,,,,,,,,
448,val,3.887300491333008,3.887300491333008,0.0,3.887300491333008,0.0,0.0,0.06999999880790711,0.07799999713897705,0.21800000667572023,0.22599999904632567,0.36199996471405027,0.34000000953674314,0.06999999880790711,0.08400000929832459,0.2359999895095825,0.23600001335144044,0.38399999141693114,0.3579999923706055
449,train,38564.2,4.755095672607422,38559.446875,4.755096054077148,0.0,0.0,,,,,,,,,,,,
449,val,3.887582778930664,3.887582778930664,0.0,3.8875823974609376,0.0,0.0,0.0800000011920929,0.08199999928474426,0.22200000286102295,0.2200000047683716,0.3679999828338623,0.34800000190734864,0.08199999928474426,0.08600000739097595,0.24200000762939453,0.2320000171661377,0.38999998569488525,0.36999998092651365
450,train,2465.1341796875,4.754611206054688,2460.379296875,4.754611587524414,0.0,0.0,,,,,,,,,,,,
450,val,3.8881999969482424,3.8881999969482424,0.0,3.8881999969482424,0.0,0.0,0.06800000071525573,0.08799999952316284,0.2239999771118164,0.20799999237060546,0.3559999704360962,0.33399999141693115,0.07200000286102295,0.09200000166893005,0.24600000381469728,0.21800003051757813,0.37799999713897703,0.35199995040893556
451,train,4536.594921875,4.755736923217773,4531.8390625,4.755736923217773,0.0,0.0,,,,,,,,,,,,
451,val,3.8870433807373046,3.8870433807373046,0.0,3.887043762207031,0.0,0.0,0.08199999332427979,0.09000000357627869,0.22200000286102295,0.21800000667572023,0.3460000276565552,0.3539999723434448,0.08399999737739564,0.09400000572204589,0.2380000114440918,0.2320000171661377,0.3659999847412109,0.3759999990463257
452,train,36897.45625,4.754225540161133,36892.7,4.7542259216308596,0.0,0.0,,,,,,,,,,,,
452,val,3.88565673828125,3.88565673828125,0.0,3.88565673828125,0.0,0.0,0.07399999499320983,0.09199999570846558,0.23199999332427979,0.2200000047683716,0.34600000381469725,0.3339999675750732,0.07799999713897705,0.09600000381469727,0.25200002193450927,0.2380000114440918,0.3639999866485596,0.35199999809265137
453,train,18572.91875,4.754077911376953,18568.1640625,4.754077911376953,0.0,0.0,,,,,,,,,,,,
453,val,3.8836090087890627,3.8836090087890627,0.0,3.8836090087890627,0.0,0.0,0.0800000011920929,0.08799999952316284,0.2120000123977661,0.21800000667572023,0.3599999904632568,0.3299999713897705,0.08799999356269836,0.09200000166893005,0.22599999904632567,0.22799999713897706,0.37399997711181643,0.3539999485015869
454,train,13341.4359375,4.753589630126953,13336.684375,4.75359001159668,0.0,0.0,,,,,,,,,,,,
454,val,3.8826263427734373,3.8826263427734373,0.0,3.8826263427734373,0.0,0.0,0.06399999856948853,0.08600000143051148,0.21599998474121093,0.2200000047683716,0.3459999799728394,0.3259999990463257,0.07000000476837158,0.09199999570846558,0.22799999713897706,0.22800002098083497,0.36199996471405027,0.3579999923706055
455,train,24020.38125,4.753429412841797,24015.6265625,4.753429412841797,0.0,0.0,,,,,,,,,,,,
455,val,3.883699417114258,3.883699417114258,0.0,3.883699417114258,0.0,0.0,0.06800000071525573,0.08199999928474426,0.20999999046325685,0.23199999332427979,0.3379999876022339,0.32199997901916505,0.07400000095367432,0.08799999356269836,0.22800002098083497,0.24200000762939453,0.36199996471405027,0.34399995803833006
456,train,21367.78125,4.753358459472656,21363.028125,4.753358840942383,0.0,0.0,,,,,,,,,,,,
456,val,3.8838104248046874,3.8838104248046874,0.0,3.8838104248046874,0.0,0.0,0.07200000286102295,0.06800000071525573,0.20799999237060546,0.22400002479553222,0.32999999523162843,0.3319999694824219,0.07599999904632568,0.07600000500679016,0.2200000047683716,0.23400001525878905,0.3499999761581421,0.3479999780654907
457,train,6908.240625,4.753787231445313,6903.4875,4.753787612915039,0.0,0.0,,,,,,,,,,,,
457,val,3.88372917175293,3.88372917175293,0.0,3.883728790283203,0.0,0.0,0.06600000262260437,0.07599999904632568,0.21000001430511475,0.21800000667572023,0.32999999523162843,0.3459999799728394,0.07199999690055847,0.08199999928474426,0.22799999713897706,0.2320000171661377,0.3539999723434448,0.3639999866485596
458,train,1655.491015625,4.7534950256347654,1650.7375,4.7534950256347654,0.0,0.0,,,,,,,,,,,,
458,val,3.884029006958008,3.884029006958008,0.0,3.884029006958008,0.0,0.0,0.07399999499320983,0.07199999690055847,0.2240000009536743,0.21600000858306884,0.3299999713897705,0.33999998569488527,0.07599999904632568,0.07800000309944152,0.24000000953674316,0.2260000228881836,0.35199997425079343,0.3559999704360962
459,train,9582.53515625,4.752665710449219,9577.7828125,4.752665710449219,0.0,0.0,,,,,,,,,,,,
459,val,3.8843135833740234,3.8843135833740234,0.0,3.88431396484375,0.0,0.0,0.07400000095367432,0.08200000524520874,0.22199997901916504,0.22999999523162842,0.3419999837875366,0.32199997901916505,0.08199999928474426,0.08799999952316284,0.2380000114440918,0.24200000762939453,0.3659999847412109,0.3419999837875366
460,train,33037.003125,4.751922225952148,33032.25,4.751922607421875,0.0,0.0,,,,,,,,,,,,
460,val,3.8842536926269533,3.8842536926269533,0.0,3.8842536926269533,0.0,0.0,0.06799999475479127,0.07799999713897705,0.2320000171661377,0.23400001525878905,0.3419999837875366,0.337999963760376,0.07400000095367432,0.08200000524520874,0.25200002193450927,0.24400002956390382,0.3639999866485596,0.3559999942779541
461,train,10901.190625,4.751846694946289,10896.4390625,4.7518463134765625,0.0,0.0,,,,,,,,,,,,
461,val,3.8850528717041017,3.8850528717041017,0.0,3.8850528717041017,0.0,0.0,0.07200000882148742,0.07799999713897705,0.21399998664855957,0.23399999141693115,0.3319999694824219,0.33999996185302733,0.08200000524520874,0.0840000033378601,0.2320000171661377,0.24600002765655518,0.35399999618530276,0.3559999942779541
462,train,21084.009375,4.7517658233642575,21079.259375,4.751765441894531,0.0,0.0,,,,,,,,,,,,
462,val,3.8858848571777345,3.8858848571777345,0.0,3.885884475708008,0.0,0.0,0.064000004529953,0.06999999880790711,0.21000001430511475,0.23600001335144044,0.34000000953674314,0.34399995803833006,0.06799999475479127,0.07400000095367432,0.22400002479553222,0.24800002574920654,0.35999996662139894,0.3639999866485596
463,train,12220.3296875,4.75184326171875,12215.57890625,4.75184326171875,0.0,0.0,,,,,,,,,,,,
463,val,3.8851200103759767,3.8851200103759767,0.0,3.88511962890625,0.0,0.0,0.07800000309944152,0.0800000011920929,0.20799999237060546,0.2379999876022339,0.3379999876022339,0.34399995803833006,0.08200000524520874,0.08600000143051148,0.2200000286102295,0.25200002193450927,0.3619999885559082,0.3599999904632568
464,train,9839.1625,4.7512565612792965,9834.4125,4.7512565612792965,0.0,0.0,,,,,,,,,,,,
464,val,3.885926055908203,3.885926055908203,0.0,3.885926055908203,0.0,0.0,0.09599999785423279,0.07599999904632568,0.21400001049041747,0.2380000114440918,0.35399999618530276,0.3479999780654907,0.1,0.08199999928474426,0.23000001907348633,0.25400002002716066,0.3799999952316284,0.3639999866485596
465,train,10879.90234375,4.7514503479003904,10875.15078125,4.751450729370117,0.0,0.0,,,,,,,,,,,,
465,val,3.888372802734375,3.888372802734375,0.0,3.888372802734375,0.0,0.0,0.0899999976158142,0.07600000500679016,0.22799999713897706,0.22599999904632567,0.3499999761581421,0.3299999713897705,0.09399999976158142,0.07799999713897705,0.24200000762939453,0.24200000762939453,0.37200002670288085,0.3499999761581421
466,train,23943.1921875,4.751111221313477,23938.440625,4.751111221313477,0.0,0.0,,,,,,,,,,,,
466,val,3.887186813354492,3.887186813354492,0.0,3.887187194824219,0.0,0.0,0.07999999523162842,0.0740000069141388,0.22799999713897706,0.23600001335144044,0.3440000057220459,0.35799996852874755,0.08399999737739564,0.0800000011920929,0.25,0.2440000057220459,0.3659999847412109,0.37800002098083496
467,train,18612.303125,4.750233840942383,18607.553125,4.750233840942383,0.0,0.0,,,,,,,,,,,,
467,val,3.8883522033691404,3.8883522033691404,0.0,3.8883522033691404,0.0,0.0,0.07400000095367432,0.07400000095367432,0.2120000123977661,0.23400001525878905,0.3379999876022339,0.36000001430511475,0.07799999713897705,0.0800000011920929,0.2380000114440918,0.24800000190734864,0.3659999847412109,0.3840000152587891
468,train,15236.653125,4.750397872924805,15231.9,4.750398635864258,0.0,0.0,,,,,,,,,,,,
468,val,3.888722610473633,3.888722610473633,0.0,3.888722229003906,0.0,0.0,0.07199999690055847,0.0800000011920929,0.21800000667572023,0.2240000009536743,0.3180000066757202,0.35199997425079343,0.07599999904632568,0.08600000143051148,0.24000003337860107,0.2380000114440918,0.34399995803833006,0.37799997329711915
469,train,6092.19453125,4.750789642333984,6087.44375,4.750790023803711,0.0,0.0,,,,,,,,,,,,
469,val,3.8882724761962892,3.8882724761962892,0.0,3.8882724761962892,0.0,0.0,0.07199999690055847,0.07799999713897705,0.206000018119812,0.23000001907348633,0.33399999141693115,0.356000018119812,0.07599999904632568,0.08799999952316284,0.22599999904632567,0.24600000381469728,0.3579999923706055,0.38000001907348635
470,train,24223.1859375,4.74935302734375,24218.4359375,4.74935302734375,0.0,0.0,,,,,,,,,,,,
470,val,3.886862945556641,3.886862945556641,0.0,3.886862945556641,0.0,0.0,0.08199999928474426,0.08199999332427979,0.2059999942779541,0.2379999876022339,0.3380000114440918,0.343999981880188,0.085999995470047,0.0899999976158142,0.22800002098083497,0.25200002193450927,0.3619999885559082,0.3700000047683716
471,train,1861.88359375,4.749660491943359,1857.133984375,4.749660491943359,0.0,0.0,,,,,,,,,,,,
471,val,3.8854949951171873,3.8854949951171873,0.0,3.8854949951171873,0.0,0.0,0.08199999928474426,0.08199999332427979,0.21800000667572023,0.2320000171661377,0.33999998569488527,0.3520000219345093,0.08800000548362732,0.08799999952316284,0.24000000953674316,0.24400002956390382,0.3619999885559082,0.37399997711181643
472,train,16479.0796875,4.749031829833984,16474.33125,4.749032211303711,0.0,0.0,,,,,,,,,,,,
472,val,3.8845577239990234,3.8845577239990234,0.0,3.884557342529297,0.0,0.0,0.08200000524520874,0.08199999332427979,0.20999999046325685,0.2320000171661377,0.35,0.33999998569488527,0.0899999976158142,0.09000000357627869,0.23400001525878905,0.2440000057220459,0.37399997711181643,0.3599999904632568
473,train,13507.6828125,4.749514770507813,13502.9328125,4.749514770507813,0.0,0.0,,,,,,,,,,,,
473,val,3.884688949584961,3.884688949584961,0.0,3.8846893310546875,0.0,0.0,0.08800000548362732,0.07999999523162842,0.21800000667572023,0.2200000047683716,0.34600000381469725,0.35,0.09399999380111694,0.08600000143051148,0.24000000953674316,0.22800002098083497,0.36999998092651365,0.3659999847412109
474,train,13890.85625,4.749232482910156,13886.1046875,4.749232482910156,0.0,0.0,,,,,,,,,,,,
474,val,3.887495422363281,3.887495422363281,0.0,3.887495422363281,0.0,0.0,0.08199999928474426,0.07400000095367432,0.2059999942779541,0.23399999141693115,0.3320000171661377,0.34999995231628417,0.08399999737739564,0.08199999928474426,0.22400002479553222,0.24600000381469728,0.3559999942779541,0.3659999847412109
475,train,9530.440625,4.748697280883789,9525.690625,4.748697662353516,0.0,0.0,,,,,,,,,,,,
475,val,3.8883087158203127,3.8883087158203127,0.0,3.8883087158203127,0.0,0.0,0.08199999928474426,0.07799999713897705,0.20399999618530273,0.2240000009536743,0.3440000057220459,0.3339999675750732,0.09000000357627869,0.08399999737739564,0.22599999904632567,0.2380000114440918,0.36999998092651365,0.3499999761581421
476,train,18528.465625,4.7486827850341795,18523.7171875,4.748683166503906,0.0,0.0,,,,,,,,,,,,
476,val,3.884977340698242,3.884977340698242,0.0,3.884977340698242,0.0,0.0,0.0800000011920929,0.07199999690055847,0.21400001049041747,0.2200000047683716,0.3559999942779541,0.3319999694824219,0.0899999976158142,0.07800000309944152,0.2380000114440918,0.2320000171661377,0.3799999952316284,0.3539999723434448
477,train,3265.004296875,4.748449325561523,3260.25625,4.748449325561523,0.0,0.0,,,,,,,,,,,,
477,val,3.8854816436767576,3.8854816436767576,0.0,3.8854816436767576,0.0,0.0,0.08199999332427979,0.07000000476837158,0.20399999618530273,0.21600000858306884,0.34000000953674314,0.3239999771118164,0.09199999570846558,0.07599999308586121,0.22200000286102295,0.22599999904632567,0.36999998092651365,0.3419999837875366
478,train,10289.9109375,4.747687530517578,10285.16328125,4.747687530517578,0.0,0.0,,,,,,,,,,,,
478,val,3.8847679138183593,3.8847679138183593,0.0,3.8847679138183593,0.0,0.0,0.0899999976158142,0.0800000011920929,0.21800000667572023,0.2200000047683716,0.35399999618530276,0.3379999876022339,0.09599999189376832,0.0840000033378601,0.2379999876022339,0.22999999523162842,0.3819999694824219,0.3599999904632568
479,train,1160.16083984375,4.747637557983398,1155.41328125,4.747637557983398,0.0,0.0,,,,,,,,,,,,
479,val,3.8864364624023438,3.8864364624023438,0.0,3.8864368438720702,0.0,0.0,0.08399999737739564,0.08600000143051148,0.2119999885559082,0.2200000047683716,0.3419999837875366,0.32799999713897704,0.09000000357627869,0.0899999976158142,0.22999999523162842,0.22999999523162842,0.3639999866485596,0.34600000381469725
480,train,27968.825,4.748069763183594,27964.08125,4.748069763183594,0.0,0.0,,,,,,,,,,,,
480,val,3.8893638610839845,3.8893638610839845,0.0,3.889363479614258,0.0,0.0,0.08799999356269836,0.07999999523162842,0.20199999809265137,0.2240000009536743,0.3379999876022339,0.33599998950958254,0.08799999952316284,0.08399999737739564,0.22200000286102295,0.23199999332427979,0.36199996471405027,0.3579999923706055
481,train,31181.028125,4.747555541992187,31176.28125,4.747555541992187,0.0,0.0,,,,,,,,,,,,
481,val,3.889360046386719,3.889360046386719,0.0,3.889360046386719,0.0,0.0,0.08600000143051148,0.08799999356269836,0.20200002193450928,0.2120000123977661,0.32400002479553225,0.33999998569488527,0.0899999976158142,0.09199999570846558,0.21800003051757813,0.2240000009536743,0.34799995422363283,0.3659999847412109
482,train,10161.0328125,4.7470863342285154,10156.2859375,4.747085952758789,0.0,0.0,,,,,,,,,,,,
482,val,3.8876861572265624,3.8876861572265624,0.0,3.8876861572265624,0.0,0.0,0.07999999523162842,0.07599999904632568,0.21600000858306884,0.2200000047683716,0.3360000133514404,0.32999999523162843,0.08399999141693115,0.0800000011920929,0.23199999332427979,0.22999999523162842,0.35799996852874755,0.35
483,train,20855.5,4.746865081787109,20850.753125,4.746865081787109,0.0,0.0,,,,,,,,,,,,
483,val,3.886752700805664,3.886752700805664,0.0,3.886752700805664,0.0,0.0,0.08399999141693115,0.07800000309944152,0.19799998998641968,0.21600000858306884,0.34200000762939453,0.343999981880188,0.08999999165534973,0.08199999928474426,0.21599998474121093,0.22400002479553222,0.35999996662139894,0.3659999847412109
484,train,4331.683203125,4.746210098266602,4326.93671875,4.7462104797363285,0.0,0.0,,,,,,,,,,,,
484,val,3.8869869232177736,3.8869869232177736,0.0,3.8869873046875,0.0,0.0,0.08399999737739564,0.07800000309944152,0.21000001430511475,0.21600000858306884,0.31599998474121094,0.34599995613098145,0.08999999165534973,0.08199999928474426,0.22800002098083497,0.2260000228881836,0.33599998950958254,0.3679999828338623
485,train,29814.253125,4.746672821044922,29809.50625,4.746672821044922,0.0,0.0,,,,,,,,,,,,
485,val,3.887950134277344,3.887950134277344,0.0,3.887949752807617,0.0,0.0,0.07199999690055847,0.07800000309944152,0.21000001430511475,0.22599999904632567,0.3259999752044678,0.33999998569488527,0.07599999308586121,0.08199999928474426,0.23000001907348633,0.23400001525878905,0.35199997425079343,0.3559999704360962
486,train,18816.8484375,4.745522308349609,18812.1046875,4.745522308349609,0.0,0.0,,,,,,,,,,,,
486,val,3.8861663818359373,3.8861663818359373,0.0,3.8861663818359373,0.0,0.0,0.08199999332427979,0.07399999499320983,0.206000018119812,0.22599999904632567,0.32999999523162843,0.33199999332427976,0.08600000143051148,0.07800000309944152,0.22400002479553222,0.23199999332427979,0.35,0.3499999761581421
487,train,5209.941796875,4.745962524414063,5205.19609375,4.745962524414063,0.0,0.0,,,,,,,,,,,,
487,val,3.8891902923583985,3.8891902923583985,0.0,3.889189910888672,0.0,0.0,0.07599999904632568,0.07200000286102295,0.20199999809265137,0.21600000858306884,0.35199999809265137,0.3379999876022339,0.0800000011920929,0.07599999904632568,0.22200000286102295,0.2320000171661377,0.37199997901916504,0.3539999723434448
488,train,30155.325,4.746400833129883,30150.578125,4.746400833129883,0.0,0.0,,,,,,,,,,,,
488,val,3.888753128051758,3.888753128051758,0.0,3.8887535095214845,0.0,0.0,0.06800000071525573,0.07200000882148742,0.206000018119812,0.21800000667572023,0.3640000343322754,0.32799999713897704,0.07599999904632568,0.07599999308586121,0.22400002479553222,0.22799999713897706,0.38999998569488525,0.34800000190734864
489,train,38295.540625,4.745884704589844,38290.79375,4.7458850860595705,0.0,0.0,,,,,,,,,,,,
489,val,3.8870792388916016,3.8870792388916016,0.0,3.8870792388916016,0.0,0.0,0.07399999499320983,0.07800000309944152,0.1940000057220459,0.2120000123977661,0.3579999923706055,0.32999999523162843,0.07799999713897705,0.08200000524520874,0.2120000123977661,0.22400002479553222,0.3819999933242798,0.3440000057220459
490,train,6103.619140625,4.745647811889649,6098.8734375,4.745648193359375,0.0,0.0,,,,,,,,,,,,
490,val,3.8879737854003906,3.8879737854003906,0.0,3.8879737854003906,0.0,0.0,0.07999998927116395,0.07400000095367432,0.20399999618530273,0.2,0.32799999713897704,0.33399999141693115,0.08399999737739564,0.07800000309944152,0.2179999828338623,0.2059999942779541,0.3559999942779541,0.3499999761581421
491,train,36861.2375,4.74449462890625,36856.49375,4.74449462890625,0.0,0.0,,,,,,,,,,,,
491,val,3.8890045166015623,3.8890045166015623,0.0,3.8890045166015623,0.0,0.0,0.07800000309944152,0.0840000033378601,0.19600000381469726,0.21000001430511475,0.3179999828338623,0.3319999694824219,0.08399999737739564,0.08799999952316284,0.21600000858306884,0.2200000047683716,0.34200000762939453,0.3499999761581421
492,train,15755.5515625,4.744709014892578,15750.8046875,4.744708633422851,0.0,0.0,,,,,,,,,,,,
492,val,3.8877601623535156,3.8877601623535156,0.0,3.887759780883789,0.0,0.0,0.07999999523162842,0.085999995470047,0.21400001049041747,0.21000001430511475,0.33399999141693115,0.3319999694824219,0.08399999737739564,0.09000000357627869,0.2379999876022339,0.21800000667572023,0.3639999866485596,0.3479999780654907
493,train,20132.1828125,4.74548568725586,20127.4375,4.745486450195313,0.0,0.0,,,,,,,,,,,,
493,val,3.8857826232910155,3.8857826232910155,0.0,3.8857826232910155,0.0,0.0,0.08199999928474426,0.0840000033378601,0.20999999046325685,0.2120000123977661,0.3339999675750732,0.34600000381469725,0.085999995470047,0.08800000548362732,0.23199999332427979,0.2200000047683716,0.3619999885559082,0.3599999904632568
494,train,21045.590625,4.74473991394043,21040.8453125,4.744739532470703,0.0,0.0,,,,,,,,,,,,
494,val,3.8852996826171875,3.8852996826171875,0.0,3.8852996826171875,0.0,0.0,0.07400000095367432,0.0800000011920929,0.20200002193450928,0.21000001430511475,0.3380000114440918,0.33999998569488527,0.07799999713897705,0.08400000929832459,0.2200000047683716,0.22200000286102295,0.3619999885559082,0.3619999885559082
495,train,12104.571875,4.744609832763672,12099.828125,4.744609832763672,0.0,0.0,,,,,,,,,,,,
495,val,3.8874534606933593,3.8874534606933593,0.0,3.8874534606933593,0.0,0.0,0.07799999713897705,0.08399999141693115,0.2120000123977661,0.21400001049041747,0.32400002479553225,0.3379999876022339,0.08199999928474426,0.08600000143051148,0.23000001907348633,0.2260000228881836,0.35,0.3579999923706055
496,train,48531.41875,4.744424438476562,48526.675,4.744424438476562,0.0,0.0,,,,,,,,,,,,
496,val,3.886058807373047,3.886058807373047,0.0,3.886058807373047,0.0,0.0,0.07400000095367432,0.08399999737739564,0.2,0.21800000667572023,0.31999998092651366,0.34600000381469725,0.0800000011920929,0.08799999356269836,0.21800000667572023,0.23000001907348633,0.3440000057220459,0.36999998092651365
497,train,53077.55,4.744447326660156,53072.8125,4.74444694519043,0.0,0.0,,,,,,,,,,,,
497,val,3.887358856201172,3.887358856201172,0.0,3.887358856201172,0.0,0.0,0.0800000011920929,0.08799999952316284,0.19399999380111693,0.21400001049041747,0.3360000133514404,0.343999981880188,0.08600000143051148,0.0899999976158142,0.21399998664855957,0.22400002479553222,0.3559999704360962,0.3659999847412109
498,train,12844.02890625,4.7442161560058596,12839.284375,4.7442161560058596,0.0,0.0,,,,,,,,,,,,
498,val,3.887811279296875,3.887811279296875,0.0,3.887811279296875,0.0,0.0,0.06800000071525573,0.09199999570846558,0.20799999237060546,0.2059999942779541,0.33399999141693115,0.343999981880188,0.07199999690055847,0.09599999785423279,0.2240000009536743,0.21399998664855957,0.3599999904632568,0.36400001049041747
499,train,8480.91015625,4.743336868286133,8476.165625,4.743336868286133,0.0,0.0,,,,,,,,,,,,
499,val,3.8882591247558596,3.8882591247558596,0.0,3.8882591247558596,0.0,0.0,0.07399999499320983,0.0800000011920929,0.20000002384185792,0.21800000667572023,0.35400004386901857,0.356000018119812,0.08199999928474426,0.08600000143051148,0.2120000123977661,0.22800002098083497,0.37399997711181643,0.36999998092651365
500,train,52253.75625,4.742698287963867,52249.015625,4.742697906494141,0.0,0.0,,,,,,,,,,,,
500,val,3.8855281829833985,3.8855281829833985,0.0,3.8855281829833985,0.0,0.0,0.07599999904632568,0.08399999737739564,0.2,0.20999999046325685,0.35,0.3479999780654907,0.08199999928474426,0.08799999952316284,0.21599998474121093,0.2200000047683716,0.37200002670288085,0.3659999847412109
501,train,7233.6671875,4.743155670166016,7228.9234375,4.743156051635742,0.0,0.0,,,,,,,,,,,,
501,val,3.8853797912597656,3.8853797912597656,0.0,3.885379409790039,0.0,0.0,0.08200000524520874,0.08799999952316284,0.21000001430511475,0.20399999618530273,0.3479999780654907,0.343999981880188,0.08799999952316284,0.09200000166893005,0.2240000009536743,0.21400001049041747,0.37200000286102297,0.3619999885559082
502,train,41975.15,4.742423248291016,41970.4,4.742423248291016,0.0,0.0,,,,,,,,,,,,
502,val,3.884989547729492,3.884989547729492,0.0,3.884989929199219,0.0,0.0,0.0800000011920929,0.08799999952316284,0.2240000009536743,0.2200000286102295,0.35,0.33199999332427976,0.08600000143051148,0.09200000166893005,0.24199998378753662,0.23000001907348633,0.37199997901916504,0.3499999761581421
503,train,20169.8640625,4.742759323120117,20165.11875,4.742759704589844,0.0,0.0,,,,,,,,,,,,
503,val,3.8849567413330077,3.8849567413330077,0.0,3.8849567413330077,0.0,0.0,0.07599999308586121,0.09000000357627869,0.2120000123977661,0.2240000009536743,0.34200003147125246,0.3299999713897705,0.07999999523162842,0.09400000572204589,0.23400001525878905,0.2380000114440918,0.3679999828338623,0.34799995422363283
504,train,8738.53125,4.742628479003907,8733.78828125,4.742628479003907,0.0,0.0,,,,,,,,,,,,
504,val,3.884318542480469,3.884318542480469,0.0,3.8843189239501954,0.0,0.0,0.06999999880790711,0.0880000114440918,0.20799999237060546,0.22800002098083497,0.3380000114440918,0.3319999694824219,0.07200000286102295,0.09199999570846558,0.2260000228881836,0.2380000114440918,0.3639999866485596,0.35199999809265137
505,train,2263.5990234375,4.741586685180664,2258.8572265625,4.741586685180664,0.0,0.0,,,,,,,,,,,,
505,val,3.881770706176758,3.881770706176758,0.0,3.8817703247070314,0.0,0.0,0.08199999928474426,0.09000000953674317,0.20400002002716064,0.2119999885559082,0.3380000114440918,0.3299999713897705,0.08600000143051148,0.09199999570846558,0.22200000286102295,0.2200000286102295,0.36399996280670166,0.35
506,train,1302.03994140625,4.742083358764648,1297.29775390625,4.742083358764648,0.0,0.0,,,,,,,,,,,,
506,val,3.8815345764160156,3.8815345764160156,0.0,3.881534194946289,0.0,0.0,0.07599999904632568,0.09000000357627869,0.21600000858306884,0.2240000009536743,0.33199999332427976,0.3359999656677246,0.08600000739097595,0.09199999570846558,0.23000001907348633,0.2320000171661377,0.3559999942779541,0.3539999723434448
507,train,33020.08125,4.741030502319336,33015.34375,4.741030502319336,0.0,0.0,,,,,,,,,,,,
507,val,3.8832958221435545,3.8832958221435545,0.0,3.8832958221435545,0.0,0.0,0.07400000095367432,0.08800000548362732,0.1980000138282776,0.21000001430511475,0.3379999876022339,0.32799997329711916,0.08199999928474426,0.0899999976158142,0.21400003433227538,0.2200000286102295,0.3599999904632568,0.34600000381469725
508,train,18710.396875,4.7412567138671875,18705.6546875,4.7412567138671875,0.0,0.0,,,,,,,,,,,,
508,val,3.8835983276367188,3.8835983276367188,0.0,3.8835987091064452,0.0,0.0,0.06999999880790711,0.08800000548362732,0.206000018119812,0.20199999809265137,0.33999996185302733,0.32199997901916505,0.07800000309944152,0.0899999976158142,0.2200000047683716,0.21600000858306884,0.36200001239776614,0.34399995803833006
509,train,423.431201171875,4.741134262084961,418.6900390625,4.741134262084961,0.0,0.0,,,,,,,,,,,,
509,val,3.8857467651367186,3.8857467651367186,0.0,3.8857471466064455,0.0,0.0,0.07199999690055847,0.08600000143051148,0.21800000667572023,0.20799999237060546,0.33399999141693115,0.31999998092651366,0.07600000500679016,0.08799999952316284,0.23600001335144044,0.21800000667572023,0.3539999723434448,0.33999996185302733
510,train,9730.97734375,4.740576553344726,9726.2359375,4.740576553344726,0.0,0.0,,,,,,,,,,,,
510,val,3.8847503662109375,3.8847503662109375,0.0,3.8847503662109375,0.0,0.0,0.08199999928474426,0.0899999976158142,0.20999999046325685,0.2200000047683716,0.337999963760376,0.31999998092651366,0.0840000033378601,0.09199999570846558,0.22799999713897706,0.22799999713897706,0.36199996471405027,0.3359999656677246
511,train,6590.87421875,4.741192245483399,6586.13359375,4.741192245483399,0.0,0.0,,,,,,,,,,,,
511,val,3.8855552673339844,3.8855552673339844,0.0,3.885555648803711,0.0,0.0,0.07400000095367432,0.08799999952316284,0.2120000123977661,0.22200000286102295,0.3339999675750732,0.32999999523162843,0.08199999928474426,0.0899999976158142,0.22799999713897706,0.23400001525878905,0.3559999942779541,0.34800000190734864
512,train,31032.878125,4.740512466430664,31028.146875,4.740512084960938,0.0,0.0,,,,,,,,,,,,
512,val,3.886572265625,3.886572265625,0.0,3.8865718841552734,0.0,0.0,0.06999999880790711,0.085999995470047,0.19600000381469726,0.2120000123977661,0.3299999713897705,0.3259999752044678,0.07799999713897705,0.08799999952316284,0.21400001049041747,0.22800002098083497,0.35199999809265137,0.33999998569488527
513,train,21576.425,4.739972305297852,21571.6859375,4.739971923828125,0.0,0.0,,,,,,,,,,,,
513,val,3.8888690948486326,3.8888690948486326,0.0,3.8888690948486326,0.0,0.0,0.07199999690055847,0.0899999976158142,0.21000001430511475,0.2080000162124634,0.34000000953674314,0.32799997329711916,0.07800000309944152,0.09399999976158142,0.22400002479553222,0.2200000047683716,0.3619999885559082,0.34000000953674314
514,train,34574.009375,4.740075302124024,34569.265625,4.740075302124024,0.0,0.0,,,,,,,,,,,,
514,val,3.8897056579589844,3.8897056579589844,0.0,3.8897056579589844,0.0,0.0,0.07199999690055847,0.08600000143051148,0.20999999046325685,0.19800000190734862,0.34200000762939453,0.32199997901916505,0.07999999523162842,0.09000000357627869,0.22400002479553222,0.21400001049041747,0.36200001239776614,0.33999998569488527
515,train,37105.578125,4.739656066894531,37100.840625,4.739656066894531,0.0,0.0,,,,,,,,,,,,
515,val,3.888285446166992,3.888285446166992,0.0,3.888285446166992,0.0,0.0,0.0800000011920929,0.08799999952316284,0.20999999046325685,0.206000018119812,0.3300000190734863,0.343999981880188,0.08600000143051148,0.09199999570846558,0.2260000228881836,0.2200000047683716,0.35199997425079343,0.3639999866485596
516,train,6495.9921875,4.739295959472656,6491.253515625,4.739295959472656,0.0,0.0,,,,,,,,,,,,
516,val,3.888300323486328,3.888300323486328,0.0,3.888300323486328,0.0,0.0,0.07400000095367432,0.0899999976158142,0.21600000858306884,0.2059999942779541,0.32999999523162843,0.31599998474121094,0.0800000011920929,0.09599999189376832,0.2320000171661377,0.21800003051757813,0.35199997425079343,0.33999998569488527
517,train,739.4333984375,4.739078140258789,734.69423828125,4.739078140258789,0.0,0.0,,,,,,,,,,,,
517,val,3.8860313415527346,3.8860313415527346,0.0,3.8860313415527346,0.0,0.0,0.07399999499320983,0.08600000739097595,0.21399998664855957,0.2200000047683716,0.3360000133514404,0.3239999771118164,0.08000000715255737,0.09400000572204589,0.23199999332427979,0.2320000171661377,0.3559999704360962,0.35
518,train,16752.4421875,4.739012145996094,16747.7046875,4.739011764526367,0.0,0.0,,,,,,,,,,,,
518,val,3.8856178283691407,3.8856178283691407,0.0,3.8856178283691407,0.0,0.0,0.07799999713897705,0.0899999976158142,0.2240000009536743,0.21800000667572023,0.34600000381469725,0.3479999780654907,0.08600000143051148,0.09600000381469727,0.2380000352859497,0.22800002098083497,0.36399996280670166,0.36600003242492674
519,train,4021.1109375,4.73765754699707,4016.3734375,4.737657165527343,0.0,0.0,,,,,,,,,,,,
519,val,3.885874557495117,3.885874557495117,0.0,3.885874557495117,0.0,0.0,0.07800000309944152,0.08399999737739564,0.2200000047683716,0.20199999809265137,0.3440000057220459,0.3419999837875366,0.08800000548362732,0.0899999976158142,0.23600001335144044,0.21600000858306884,0.36199996471405027,0.3619999885559082
520,train,2866.5603515625,4.7386009216308596,2861.8216796875,4.7386009216308596,0.0,0.0,,,,,,,,,,,,
520,val,3.887080764770508,3.887080764770508,0.0,3.887080764770508,0.0,0.0,0.0740000069141388,0.08799999952316284,0.21999998092651368,0.206000018119812,0.3320000171661377,0.3319999694824219,0.08199999928474426,0.0899999976158142,0.2380000114440918,0.22200000286102295,0.35199999809265137,0.34800000190734864
521,train,31394.1,4.738342666625977,31389.3625,4.738342666625977,0.0,0.0,,,,,,,,,,,,
521,val,3.888576889038086,3.888576889038086,0.0,3.888576889038086,0.0,0.0,0.06599999666213989,0.09000000357627869,0.22799999713897706,0.22200002670288085,0.3300000190734863,0.33399999141693115,0.07399999499320983,0.09799999594688416,0.2440000057220459,0.23600001335144044,0.3459999799728394,0.35
522,train,25588.03125,4.737552261352539,25583.29375,4.737552261352539,0.0,0.0,,,,,,,,,,,,
522,val,3.886865234375,3.886865234375,0.0,3.886865234375,0.0,0.0,0.07599999904632568,0.09200000166893005,0.2380000114440918,0.22200002670288085,0.34200000762939453,0.3239999771118164,0.0840000033378601,0.09800000190734863,0.25000002384185793,0.23400001525878905,0.3639999866485596,0.3380000114440918
523,train,8463.4546875,4.737718963623047,8458.71796875,4.73771858215332,0.0,0.0,,,,,,,,,,,,
523,val,3.888594055175781,3.888594055175781,0.0,3.8885944366455076,0.0,0.0,0.0800000011920929,0.085999995470047,0.23399999141693115,0.21800000667572023,0.34000000953674314,0.3319999694824219,0.08799999952316284,0.09399999380111694,0.24600000381469728,0.2320000171661377,0.36000001430511475,0.3500000238418579
524,train,30720.4375,4.738328170776367,30715.696875,4.738328170776367,0.0,0.0,,,,,,,,,,,,
524,val,3.8876773834228517,3.8876773834228517,0.0,3.8876773834228517,0.0,0.0,0.06800000071525573,0.08000000715255737,0.2200000047683716,0.22200000286102295,0.3559999942779541,0.33999998569488527,0.0800000011920929,0.08799999952316284,0.2380000114440918,0.2320000171661377,0.37800002098083496,0.3599999904632568
525,train,691.188720703125,4.736989593505859,686.45166015625,4.736989974975586,0.0,0.0,,,,,,,,,,,,
525,val,3.888070297241211,3.888070297241211,0.0,3.888070297241211,0.0,0.0,0.07399999499320983,0.07999999523162842,0.2119999885559082,0.21600000858306884,0.34800000190734864,0.3479999780654907,0.0840000033378601,0.08399999737739564,0.23000001907348633,0.22999999523162842,0.37200000286102297,0.36400001049041747
526,train,25676.58125,4.736224365234375,25671.8453125,4.736224365234375,0.0,0.0,,,,,,,,,,,,
526,val,3.890521240234375,3.890521240234375,0.0,3.890521240234375,0.0,0.0,0.07200000286102295,0.09000000357627869,0.20999999046325685,0.22599999904632567,0.3520000219345093,0.3299999713897705,0.07800000309944152,0.09400000572204589,0.22800002098083497,0.23400001525878905,0.3740000009536743,0.34800000190734864
527,train,1029.725,4.736211776733398,1024.988671875,4.7362113952636715,0.0,0.0,,,,,,,,,,,,
527,val,3.891989517211914,3.891989517211914,0.0,3.891989517211914,0.0,0.0,0.06800000071525573,0.09399999976158142,0.2080000162124634,0.2080000162124634,0.34200000762939453,0.3379999876022339,0.07599999904632568,0.09800000190734863,0.2240000009536743,0.2200000047683716,0.3639999866485596,0.35800001621246336
528,train,16503.303125,4.7363525390625,16498.56875,4.736352157592774,0.0,0.0,,,,,,,,,,,,
528,val,3.8927333831787108,3.8927333831787108,0.0,3.8927337646484377,0.0,0.0,0.07799999713897705,0.08600000143051148,0.2080000162124634,0.20799999237060546,0.3340000152587891,0.343999981880188,0.08400000929832459,0.09000000357627869,0.2240000009536743,0.21800003051757813,0.35199999809265137,0.3599999904632568
529,train,1002.540625,4.7361915588378904,997.804296875,4.736191940307617,0.0,0.0,,,,,,,,,,,,
529,val,3.891245651245117,3.891245651245117,0.0,3.8912452697753905,0.0,0.0,0.06399999856948853,0.07800000309944152,0.2059999942779541,0.2240000009536743,0.3380000114440918,0.3379999876022339,0.07599999904632568,0.08200000524520874,0.21999998092651368,0.23400001525878905,0.3579999923706055,0.35399999618530276
530,train,5634.192578125,4.735736846923828,5629.45625,4.735736846923828,0.0,0.0,,,,,,,,,,,,
530,val,3.8913043975830077,3.8913043975830077,0.0,3.8913043975830077,0.0,0.0,0.07200000286102295,0.07999999523162842,0.19200000762939454,0.22799999713897706,0.34600000381469725,0.3440000057220459,0.07800000309944152,0.0840000033378601,0.20799999237060546,0.23600001335144044,0.3679999828338623,0.35800001621246336
531,train,2997.6505859375,4.735908508300781,2992.9146484375,4.735908508300781,0.0,0.0,,,,,,,,,,,,
531,val,3.888349914550781,3.888349914550781,0.0,3.8883495330810547,0.0,0.0,0.07799999713897705,0.07799999713897705,0.20400002002716064,0.2179999828338623,0.35,0.33999996185302733,0.0840000033378601,0.08199999928474426,0.22200000286102295,0.2260000228881836,0.37399997711181643,0.35399999618530276
532,train,734.486962890625,4.735643005371093,729.751318359375,4.73564338684082,0.0,0.0,,,,,,,,,,,,
532,val,3.889004135131836,3.889004135131836,0.0,3.889004135131836,0.0,0.0,0.07400000095367432,0.0800000011920929,0.21000001430511475,0.22200000286102295,0.34800000190734864,0.3339999675750732,0.07800000309944152,0.0840000033378601,0.2240000009536743,0.2260000228881836,0.36999998092651365,0.35
533,train,3500.04453125,4.734904861450195,3495.309765625,4.734904479980469,0.0,0.0,,,,,,,,,,,,
533,val,3.8920166015625,3.8920166015625,0.0,3.8920166015625,0.0,0.0,0.0840000033378601,0.08199999928474426,0.20199999809265137,0.20399999618530273,0.33599998950958254,0.3119999647140503,0.08800000548362732,0.08799999952316284,0.21800003051757813,0.21400003433227538,0.3579999923706055,0.3319999694824219
534,train,13973.2578125,4.734763717651367,13968.521875,4.734763336181641,0.0,0.0,,,,,,,,,,,,
534,val,3.8910053253173826,3.8910053253173826,0.0,3.8910053253173826,0.0,0.0,0.07599999904632568,0.085999995470047,0.19000000953674318,0.19800000190734862,0.32799999713897704,0.33599998950958254,0.08200000524520874,0.0899999976158142,0.20999999046325685,0.21000001430511475,0.3559999942779541,0.35199997425079343
535,train,2819.832421875,4.734370422363281,2815.0982421875,4.7343700408935545,0.0,0.0,,,,,,,,,,,,
535,val,3.8914745330810545,3.8914745330810545,0.0,3.8914745330810545,0.0,0.0,0.06999999284744263,0.08600000143051148,0.2120000123977661,0.20999999046325685,0.3440000057220459,0.33999998569488527,0.0740000069141388,0.09000000357627869,0.22599999904632567,0.22200002670288085,0.3680000066757202,0.35399999618530276
536,train,11584.23125,4.734867858886719,11579.49609375,4.7348682403564455,0.0,0.0,,,,,,,,,,,,
536,val,3.891492462158203,3.891492462158203,0.0,3.891492462158203,0.0,0.0,0.06200000047683716,0.08199999928474426,0.2120000123977661,0.21600000858306884,0.34800000190734864,0.33199999332427976,0.06800000667572022,0.08399999737739564,0.2240000009536743,0.22800002098083497,0.37200000286102297,0.34599995613098145
537,train,3079.2181640625,4.734100341796875,3074.4841796875,4.734099960327148,0.0,0.0,,,,,,,,,,,,
537,val,3.8903518676757813,3.8903518676757813,0.0,3.8903518676757813,0.0,0.0,0.06999999880790711,0.07599999904632568,0.20999999046325685,0.19599999189376832,0.34600000381469725,0.343999981880188,0.07599999904632568,0.0800000011920929,0.22200000286102295,0.20999999046325685,0.3740000009536743,0.3640000343322754
538,train,5902.23828125,4.733410263061524,5897.50546875,4.733410263061524,0.0,0.0,,,,,,,,,,,,
538,val,3.8924007415771484,3.8924007415771484,0.0,3.892400360107422,0.0,0.0,0.07599999904632568,0.08799999952316284,0.2059999942779541,0.19800002574920655,0.35199997425079343,0.3240000009536743,0.08199999928474426,0.09200000166893005,0.22200000286102295,0.2120000123977661,0.37599997520446776,0.34200000762939453
539,train,18712.409375,4.733693313598633,18707.6765625,4.733693313598633,0.0,0.0,,,,,,,,,,,,
539,val,3.8909980773925783,3.8909980773925783,0.0,3.8909980773925783,0.0,0.0,0.07399999499320983,0.08600000143051148,0.21600000858306884,0.2080000162124634,0.35,0.32799997329711916,0.07599999904632568,0.09199999570846558,0.2359999895095825,0.22400002479553222,0.37799999713897703,0.3440000057220459
540,train,18903.1921875,4.733983993530273,18898.459375,4.733983993530273,0.0,0.0,,,,,,,,,,,,
540,val,3.8899932861328126,3.8899932861328126,0.0,3.889993667602539,0.0,0.0,0.07199999690055847,0.0840000033378601,0.21800000667572023,0.21000001430511475,0.34600000381469725,0.3179999828338623,0.08200000524520874,0.0899999976158142,0.2380000114440918,0.22200000286102295,0.37399997711181643,0.33999996185302733
541,train,1592.6046875,4.734344863891602,1587.87021484375,4.734344863891602,0.0,0.0,,,,,,,,,,,,
541,val,3.8901153564453126,3.8901153564453126,0.0,3.890114974975586,0.0,0.0,0.06999999284744263,0.08800000548362732,0.2059999942779541,0.21800000667572023,0.34600000381469725,0.3259999752044678,0.08199999928474426,0.09400000572204589,0.22799999713897706,0.2320000171661377,0.36999998092651365,0.35
542,train,23310.625,4.733369064331055,23305.8921875,4.733369445800781,0.0,0.0,,,,,,,,,,,,
542,val,3.8880462646484375,3.8880462646484375,0.0,3.8880462646484375,0.0,0.0,0.06799999475479127,0.0840000033378601,0.2240000009536743,0.2200000047683716,0.3440000057220459,0.32999999523162843,0.0800000011920929,0.0899999976158142,0.24200000762939453,0.23400001525878905,0.3679999828338623,0.35
543,train,1184.18798828125,4.733682250976562,1179.45419921875,4.733681869506836,0.0,0.0,,,,,,,,,,,,
543,val,3.8846511840820312,3.8846511840820312,0.0,3.8846511840820312,0.0,0.0,0.07199999690055847,0.08600000143051148,0.22599999904632567,0.21600000858306884,0.34800000190734864,0.33999998569488527,0.0800000011920929,0.09199999570846558,0.24000000953674316,0.2380000114440918,0.37200000286102297,0.36600003242492674
544,train,18648.8734375,4.732520294189453,18644.1421875,4.732520294189453,0.0,0.0,,,,,,,,,,,,
544,val,3.884160614013672,3.884160614013672,0.0,3.8841609954833984,0.0,0.0,0.06800000071525573,0.08800000548362732,0.2120000123977661,0.2179999828338623,0.35800001621246336,0.3380000352859497,0.07400000095367432,0.09200000166893005,0.23000001907348633,0.23400001525878905,0.38600003719329834,0.3639999866485596
545,train,24279.4359375,4.732949829101562,24274.703125,4.732950210571289,0.0,0.0,,,,,,,,,,,,
545,val,3.8857688903808594,3.8857688903808594,0.0,3.885769271850586,0.0,0.0,0.06599999666213989,0.07799999713897705,0.19800002574920655,0.22200000286102295,0.34400005340576173,0.3359999656677246,0.07199999690055847,0.08200000524520874,0.2200000047683716,0.23600001335144044,0.3659999847412109,0.3639999866485596
546,train,14606.896875,4.731832885742188,14602.1625,4.731832885742188,0.0,0.0,,,,,,,,,,,,
546,val,3.8864162445068358,3.8864162445068358,0.0,3.8864162445068358,0.0,0.0,0.06599999666213989,0.09200000166893005,0.2080000162124634,0.2119999885559082,0.33999998569488527,0.3440000295639038,0.07200000286102295,0.09599999785423279,0.22999999523162842,0.2260000228881836,0.36600000858306886,0.3679999828338623
547,train,12252.38125,4.732328796386719,12247.6484375,4.732328796386719,0.0,0.0,,,,,,,,,,,,
547,val,3.888285827636719,3.888285827636719,0.0,3.888285827636719,0.0,0.0,0.059999996423721315,0.09000000357627869,0.19800000190734862,0.20399999618530273,0.32999999523162843,0.32799997329711916,0.06199999451637268,0.09399999976158142,0.21600000858306884,0.21800003051757813,0.34800000190734864,0.34800000190734864
548,train,25185.721875,4.73192024230957,25180.99375,4.731921005249023,0.0,0.0,,,,,,,,,,,,
548,val,3.8893150329589843,3.8893150329589843,0.0,3.889314651489258,0.0,0.0,0.06399999856948853,0.09200000166893005,0.19199999570846557,0.19600000381469726,0.32999999523162843,0.33199999332427976,0.06800000071525573,0.09399999976158142,0.2080000162124634,0.20999999046325685,0.34800000190734864,0.35199999809265137
549,train,480.419091796875,4.731661987304688,475.6875,4.731661605834961,0.0,0.0,,,,,,,,,,,,
549,val,3.8877799987792967,3.8877799987792967,0.0,3.8877792358398438,0.0,0.0,0.07199999690055847,0.0899999976158142,0.19200000762939454,0.19000000953674318,0.3259999990463257,0.3320000171661377,0.07799999713897705,0.09399999976158142,0.2059999942779541,0.20399999618530273,0.35,0.35
550,train,15534.0515625,4.732112121582031,15529.3203125,4.7321117401123045,0.0,0.0,,,,,,,,,,,,
550,val,3.885396194458008,3.885396194458008,0.0,3.885396194458008,0.0,0.0,0.06999999880790711,0.09200000166893005,0.20199999809265137,0.20199999809265137,0.3359999656677246,0.3379999876022339,0.07199999690055847,0.09600000381469727,0.2200000047683716,0.21600000858306884,0.3619999885559082,0.35800001621246336
551,train,12189.41328125,4.731098556518555,12184.6828125,4.731098556518555,0.0,0.0,,,,,,,,,,,,
551,val,3.8865623474121094,3.8865623474121094,0.0,3.8865623474121094,0.0,0.0,0.06399999856948853,0.09799999594688416,0.19600000381469726,0.18800001144409179,0.32799999713897704,0.33999998569488527,0.06399999260902405,0.10399998426437378,0.2119999885559082,0.2,0.35399999618530276,0.3619999885559082
552,train,11895.9296875,4.73097038269043,11891.1984375,4.730970764160157,0.0,0.0,,,,,,,,,,,,
552,val,3.883134460449219,3.883134460449219,0.0,3.883134460449219,0.0,0.0,0.06599999666213989,0.08799999356269836,0.21599998474121093,0.19000000953674318,0.32799999713897704,0.3259999990463257,0.06799999475479127,0.09200000166893005,0.23600001335144044,0.20400002002716064,0.3599999904632568,0.3440000057220459
553,train,5024.308984375,4.730196380615235,5019.57890625,4.730196380615235,0.0,0.0,,,,,,,,,,,,
553,val,3.8820804595947265,3.8820804595947265,0.0,3.8820804595947265,0.0,0.0,0.059999996423721315,0.08600000143051148,0.1840000033378601,0.2120000123977661,0.343999981880188,0.32999999523162843,0.06199999451637268,0.0899999976158142,0.20400002002716064,0.22800002098083497,0.3759999990463257,0.34800000190734864
554,train,27669.2,4.730926132202148,27664.465625,4.730926513671875,0.0,0.0,,,,,,,,,,,,
554,val,3.884407806396484,3.884407806396484,0.0,3.884407806396484,0.0,0.0,0.06199999451637268,0.08799999952316284,0.2059999942779541,0.21600000858306884,0.3459999799728394,0.343999981880188,0.06599999070167542,0.09399999380111694,0.2240000009536743,0.23000001907348633,0.37199997901916504,0.362000036239624
555,train,2682.6625,4.7306671142578125,2677.931640625,4.730666732788086,0.0,0.0,,,,,,,,,,,,
555,val,3.8854442596435548,3.8854442596435548,0.0,3.8854442596435548,0.0,0.0,0.057999998331069946,0.0899999976158142,0.2119999885559082,0.21599998474121093,0.3340000152587891,0.33199999332427976,0.059999996423721315,0.09399999380111694,0.22800002098083497,0.23400001525878905,0.3579999923706055,0.3579999923706055
556,train,20941.2984375,4.729445266723633,20936.5703125,4.729445266723633,0.0,0.0,,,,,,,,,,,,
556,val,3.8839221954345704,3.8839221954345704,0.0,3.8839229583740233,0.0,0.0,0.07800000309944152,0.09200000166893005,0.21400001049041747,0.2059999942779541,0.3480000257492065,0.33199999332427976,0.08199999928474426,0.09399999976158142,0.23199999332427979,0.2179999828338623,0.37799997329711915,0.35399999618530276
557,train,14902.4296875,4.73004035949707,14897.6984375,4.730040740966797,0.0,0.0,,,,,,,,,,,,
557,val,3.8817848205566405,3.8817848205566405,0.0,3.8817848205566405,0.0,0.0,0.07599999904632568,0.08600000143051148,0.20799999237060546,0.2119999885559082,0.32799999713897704,0.3379999876022339,0.07999999523162842,0.08800000548362732,0.22200000286102295,0.22200002670288085,0.3559999942779541,0.3599999904632568
558,train,7470.3828125,4.728980636596679,7465.65390625,4.728980636596679,0.0,0.0,,,,,,,,,,,,
558,val,3.8796642303466795,3.8796642303466795,0.0,3.8796642303466795,0.0,0.0,0.07799999713897705,0.085999995470047,0.19800000190734862,0.21000001430511475,0.3419999837875366,0.33399999141693115,0.0840000033378601,0.08799999952316284,0.20999999046325685,0.22200002670288085,0.36400001049041747,0.35199999809265137
559,train,2437.2564453125,4.72930793762207,2432.526953125,4.729308319091797,0.0,0.0,,,,,,,,,,,,
559,val,3.8809017181396483,3.8809017181396483,0.0,3.8809017181396483,0.0,0.0,0.07400000095367432,0.0899999976158142,0.2080000162124634,0.21000001430511475,0.3440000057220459,0.33199999332427976,0.0800000011920929,0.09200000166893005,0.2240000009536743,0.22400002479553222,0.3679999828338623,0.35199999809265137
560,train,32721.1,4.729177474975586,32716.36875,4.729177856445313,0.0,0.0,,,,,,,,,,,,
560,val,3.884414291381836,3.884414291381836,0.0,3.8844139099121096,0.0,0.0,0.06800000071525573,0.08600000143051148,0.20999999046325685,0.2120000123977661,0.35199999809265137,0.3200000047683716,0.06999999880790711,0.08600000143051148,0.22799999713897706,0.22400002479553222,0.3819999933242798,0.34600000381469725
561,train,7140.565625,4.728923034667969,7135.8359375,4.728923034667969,0.0,0.0,,,,,,,,,,,,
561,val,3.881715774536133,3.881715774536133,0.0,3.881715774536133,0.0,0.0,0.07800000309944152,0.07999999523162842,0.20400002002716064,0.2120000123977661,0.34200003147125246,0.3499999761581421,0.08199999928474426,0.08199999928474426,0.22200000286102295,0.22200002670288085,0.3639999866485596,0.37199997901916504
562,train,13182.5140625,4.729073333740234,13177.7875,4.729073715209961,0.0,0.0,,,,,,,,,,,,
562,val,3.881128692626953,3.881128692626953,0.0,3.8811290740966795,0.0,0.0,0.07200000286102295,0.08199999928474426,0.21399998664855957,0.206000018119812,0.33999998569488527,0.32799999713897704,0.07800000309944152,0.0840000033378601,0.22999999523162842,0.21600000858306884,0.3639999866485596,0.35199999809265137
563,train,43694.503125,4.728751373291016,43689.771875,4.728751754760742,0.0,0.0,,,,,,,,,,,,
563,val,3.8802841186523436,3.8802841186523436,0.0,3.880283737182617,0.0,0.0,0.07800000309944152,0.08200000524520874,0.20799999237060546,0.2120000123977661,0.3379999876022339,0.32199997901916505,0.08399999737739564,0.08399999737739564,0.2240000009536743,0.2240000009536743,0.3599999904632568,0.34600000381469725
564,train,10861.71484375,4.727936172485352,10856.98515625,4.727936172485352,0.0,0.0,,,,,,,,,,,,
564,val,3.8798702239990233,3.8798702239990233,0.0,3.8798702239990233,0.0,0.0,0.08199999928474426,0.08600000739097595,0.21800000667572023,0.21400001049041747,0.3300000190734863,0.33199999332427976,0.08799999952316284,0.09200000166893005,0.23600001335144044,0.23000001907348633,0.3539999723434448,0.35800001621246336
565,train,21626.625,4.728352355957031,21621.8953125,4.728352355957031,0.0,0.0,,,,,,,,,,,,
565,val,3.8801979064941405,3.8801979064941405,0.0,3.8801979064941405,0.0,0.0,0.08199999928474426,0.08800000548362732,0.2239999771118164,0.21400001049041747,0.34200003147125246,0.3379999876022339,0.08600000143051148,0.09199999570846558,0.24000000953674316,0.22800002098083497,0.3680000066757202,0.36000001430511475
566,train,25813.1328125,4.727879333496094,25808.403125,4.727879333496094,0.0,0.0,,,,,,,,,,,,
566,val,3.8775360107421877,3.8775360107421877,0.0,3.8775356292724608,0.0,0.0,0.07400000095367432,0.08800000548362732,0.21000001430511475,0.2119999885559082,0.3440000057220459,0.343999981880188,0.07799999713897705,0.09200000166893005,0.23000001907348633,0.22800002098083497,0.3680000066757202,0.3700000286102295
567,train,26768.6875,4.727214813232422,26763.959375,4.727214813232422,0.0,0.0,,,,,,,,,,,,
567,val,3.879009246826172,3.879009246826172,0.0,3.879009246826172,0.0,0.0,0.06999999880790711,0.09000000357627869,0.22200000286102295,0.21400001049041747,0.3459999799728394,0.343999981880188,0.07400000095367432,0.09200000166893005,0.24000000953674316,0.2260000228881836,0.37199997901916504,0.3680000305175781
568,train,12840.6640625,4.727296829223633,12835.93515625,4.727296447753906,0.0,0.0,,,,,,,,,,,,
568,val,3.8771881103515624,3.8771881103515624,0.0,3.8771881103515624,0.0,0.0,0.07599999308586121,0.08799999952316284,0.22799999713897706,0.21000001430511475,0.34200000762939453,0.33399999141693115,0.08399999737739564,0.0899999976158142,0.24600000381469728,0.2260000228881836,0.3680000066757202,0.3619999885559082
569,train,29914.9875,4.726864242553711,29910.2625,4.726864242553711,0.0,0.0,,,,,,,,,,,,
569,val,3.8768539428710938,3.8768539428710938,0.0,3.8768543243408202,0.0,0.0,0.07599999904632568,0.0899999976158142,0.2080000162124634,0.21000001430511475,0.3599999904632568,0.33399999141693115,0.0800000011920929,0.09200000166893005,0.23000001907348633,0.22599999904632567,0.3900000095367432,0.36000001430511475
570,train,4398.69921875,4.72691764831543,4393.97265625,4.726918029785156,0.0,0.0,,,,,,,,,,,,
570,val,3.877130889892578,3.877130889892578,0.0,3.877130889892578,0.0,0.0,0.07199999690055847,0.08800000548362732,0.21800000667572023,0.1940000057220459,0.34200000762939453,0.3259999752044678,0.07800000309944152,0.09200000166893005,0.2359999895095825,0.21000001430511475,0.37200000286102297,0.35399999618530276
571,train,10439.96875,4.7261512756347654,10435.24140625,4.7261512756347654,0.0,0.0,,,,,,,,,,,,
571,val,3.877567672729492,3.877567672729492,0.0,3.877567672729492,0.0,0.0,0.06999999284744263,0.08800000548362732,0.1980000138282776,0.20399999618530273,0.33199999332427976,0.30999996662139895,0.07400000095367432,0.09399999976158142,0.22200002670288085,0.21999998092651368,0.35999996662139894,0.33599998950958254
572,train,1667.5958984375,4.7269134521484375,1662.8689453125,4.726913833618164,0.0,0.0,,,,,,,,,,,,
572,val,3.878834533691406,3.878834533691406,0.0,3.878834533691406,0.0,0.0,0.07800000309944152,0.08800000548362732,0.20000002384185792,0.20799999237060546,0.3239999771118164,0.3119999885559082,0.08399999737739564,0.09200000166893005,0.2200000047683716,0.22599999904632567,0.3539999723434448,0.34000000953674314
573,train,4807.13515625,4.726871490478516,4802.408203125,4.726871490478516,0.0,0.0,,,,,,,,,,,,
573,val,3.8791622161865233,3.8791622161865233,0.0,3.879161834716797,0.0,0.0,0.07000000476837158,0.09600000381469727,0.20999999046325685,0.2120000123977661,0.3300000190734863,0.3099999904632568,0.07799999713897705,0.1,0.2320000171661377,0.23400001525878905,0.36199996471405027,0.3339999675750732
574,train,30800.025,4.725874328613282,30795.3,4.725874328613282,0.0,0.0,,,,,,,,,,,,
574,val,3.8773155212402344,3.8773155212402344,0.0,3.877315139770508,0.0,0.0,0.0800000011920929,0.09600000381469727,0.2120000123977661,0.2120000123977661,0.32799997329711916,0.3179999828338623,0.08399999737739564,0.09800000190734863,0.23400001525878905,0.23000001907348633,0.36199996471405027,0.34200000762939453
575,train,8349.00234375,4.725945281982422,8344.2765625,4.725945281982422,0.0,0.0,,,,,,,,,,,,
575,val,3.878309631347656,3.878309631347656,0.0,3.8783100128173826,0.0,0.0,0.07199999690055847,0.09800000786781311,0.2120000123977661,0.2059999942779541,0.34000000953674314,0.3179999828338623,0.07599999904632568,0.1,0.23000001907348633,0.22599999904632567,0.3699999570846558,0.3440000057220459
576,train,28893.928125,4.725096130371094,28889.203125,4.725096130371094,0.0,0.0,,,,,,,,,,,,
576,val,3.877859115600586,3.877859115600586,0.0,3.877859115600586,0.0,0.0,0.06599999666213989,0.09200000762939453,0.21800000667572023,0.2059999942779541,0.3259999990463257,0.3,0.06799999475479127,0.09599999785423279,0.2320000171661377,0.2240000009536743,0.35,0.32799997329711916
577,train,23539.1296875,4.725491714477539,23534.403125,4.725491333007812,0.0,0.0,,,,,,,,,,,,
577,val,3.8764453887939454,3.8764453887939454,0.0,3.876445770263672,0.0,0.0,0.07800000309944152,0.09000000357627869,0.2059999942779541,0.2200000047683716,0.33199999332427976,0.3079999923706055,0.08199999928474426,0.09199999570846558,0.22599999904632567,0.24200000762939453,0.3559999942779541,0.3340000152587891
578,train,16972.575,4.725297164916992,16967.85,4.7252967834472654,0.0,0.0,,,,,,,,,,,,
578,val,3.876626968383789,3.876626968383789,0.0,3.8766265869140626,0.0,0.0,0.06200000047683716,0.09200000762939453,0.1980000138282776,0.2120000123977661,0.33399999141693115,0.31599998474121094,0.06600000262260437,0.09399999976158142,0.21800000667572023,0.22799999713897706,0.3639999866485596,0.3440000057220459
579,train,5903.3171875,4.72583122253418,5898.59140625,4.72583122253418,0.0,0.0,,,,,,,,,,,,
579,val,3.876680374145508,3.876680374145508,0.0,3.876680374145508,0.0,0.0,0.06999999880790711,0.08799999952316284,0.20399999618530273,0.20999999046325685,0.3339999675750732,0.31999998092651366,0.0800000011920929,0.09400000572204589,0.22800002098083497,0.22999999523162842,0.3640000343322754,0.343999981880188
580,train,1836.7283203125,4.724083709716797,1832.004296875,4.724083709716797,0.0,0.0,,,,,,,,,,,,
580,val,3.877606201171875,3.877606201171875,0.0,3.877606201171875,0.0,0.0,0.06799999475479127,0.09399999976158142,0.2080000162124634,0.21000001430511475,0.337999963760376,0.31399998664855955,0.07400000095367432,0.09599999785423279,0.22799999713897706,0.23400001525878905,0.3700000047683716,0.33999998569488527
581,train,17473.0859375,4.72424545288086,17468.3640625,4.724245071411133,0.0,0.0,,,,,,,,,,,,
581,val,3.8780696868896483,3.8780696868896483,0.0,3.878070068359375,0.0,0.0,0.07599999904632568,0.09399999976158142,0.2080000162124634,0.2059999942779541,0.34600000381469725,0.3259999752044678,0.07999999523162842,0.09799999594688416,0.2240000009536743,0.2320000171661377,0.37799997329711915,0.35199999809265137
582,train,40310.596875,4.724138641357422,40305.88125,4.724139022827148,0.0,0.0,,,,,,,,,,,,
582,val,3.877183532714844,3.877183532714844,0.0,3.8771831512451174,0.0,0.0,0.06799999475479127,0.08799999952316284,0.2200000047683716,0.2120000123977661,0.32999999523162843,0.3179999828338623,0.07599999904632568,0.09399999976158142,0.23600001335144044,0.2320000171661377,0.3579999923706055,0.3459999799728394
583,train,35120.03125,4.72349853515625,35115.309375,4.723498916625976,0.0,0.0,,,,,,,,,,,,
583,val,3.8790004730224608,3.8790004730224608,0.0,3.8790008544921877,0.0,0.0,0.07400000095367432,0.09000000357627869,0.20799999237060546,0.20399999618530273,0.3259999990463257,0.3119999885559082,0.0800000011920929,0.09399999976158142,0.22999999523162842,0.21800003051757813,0.3579999923706055,0.3379999876022339
584,train,22043.634375,4.723888397216797,22038.9109375,4.723888397216797,0.0,0.0,,,,,,,,,,,,
584,val,3.875807189941406,3.875807189941406,0.0,3.875807189941406,0.0,0.0,0.06999999880790711,0.08600000739097595,0.21400001049041747,0.19399999380111693,0.3180000066757202,0.3180000066757202,0.07599999904632568,0.0899999976158142,0.2359999895095825,0.21400001049041747,0.3479999780654907,0.34600000381469725
585,train,8435.4609375,4.7237495422363285,8430.73671875,4.7237495422363285,0.0,0.0,,,,,,,,,,,,
585,val,3.8790794372558595,3.8790794372558595,0.0,3.879079055786133,0.0,0.0,0.07399999499320983,0.08800000548362732,0.2059999942779541,0.19200000762939454,0.3440000057220459,0.3140000104904175,0.0800000011920929,0.09399999380111694,0.22200000286102295,0.2120000123977661,0.3759999990463257,0.33999998569488527
586,train,21692.096875,4.723288345336914,21687.3765625,4.723288345336914,0.0,0.0,,,,,,,,,,,,
586,val,3.8798316955566405,3.8798316955566405,0.0,3.8798316955566405,0.0,0.0,0.07400000095367432,0.09000000357627869,0.21800000667572023,0.20199999809265137,0.35,0.32999999523162843,0.08199999332427979,0.09599999189376832,0.2379999876022339,0.21800000667572023,0.3799999952316284,0.35799996852874755
587,train,25258.6890625,4.723310470581055,25253.965625,4.723310470581055,0.0,0.0,,,,,,,,,,,,
587,val,3.8788272857666017,3.8788272857666017,0.0,3.878826904296875,0.0,0.0,0.06999999880790711,0.09199999570846558,0.2260000228881836,0.20999999046325685,0.33399999141693115,0.3379999876022339,0.07599999904632568,0.09399999976158142,0.24600000381469728,0.2260000228881836,0.3579999923706055,0.36400001049041747
588,train,21722.215625,4.722594451904297,21717.490625,4.722594451904297,0.0,0.0,,,,,,,,,,,,
588,val,3.8776187896728516,3.8776187896728516,0.0,3.877619171142578,0.0,0.0,0.07199999690055847,0.09800000190734863,0.21000001430511475,0.19999998807907104,0.32999999523162843,0.33199999332427976,0.08000000715255737,0.10199999809265137,0.22799999713897706,0.2200000047683716,0.3559999704360962,0.3559999704360962
589,train,1680.0599609375,4.722626495361328,1675.3373046875,4.722626113891602,0.0,0.0,,,,,,,,,,,,
589,val,3.8761974334716798,3.8761974334716798,0.0,3.8761974334716798,0.0,0.0,0.07400000095367432,0.08799999952316284,0.19600000381469726,0.20199999809265137,0.33999998569488527,0.32599995136260984,0.08199999332427979,0.09199999570846558,0.21600000858306884,0.21800000667572023,0.3679999828338623,0.35
590,train,22163.746875,4.722179794311524,22159.0265625,4.722179794311524,0.0,0.0,,,,,,,,,,,,
590,val,3.8740142822265624,3.8740142822265624,0.0,3.8740142822265624,0.0,0.0,0.07799999713897705,0.0899999976158142,0.20799999237060546,0.19800000190734862,0.32999999523162843,0.33599998950958254,0.08399999737739564,0.09399999380111694,0.22599999904632567,0.2179999828338623,0.35799996852874755,0.35999996662139894
591,train,785.0841796875,4.721819305419922,780.3623046875,4.721820068359375,0.0,0.0,,,,,,,,,,,,
591,val,3.8728485107421875,3.8728485107421875,0.0,3.8728485107421875,0.0,0.0,0.07599999904632568,0.0899999976158142,0.2,0.21400001049041747,0.3419999837875366,0.3220000028610229,0.08199999928474426,0.09599999785423279,0.21600000858306884,0.2320000171661377,0.3679999828338623,0.3480000257492065
592,train,1363.7984375,4.722669219970703,1359.07568359375,4.72266845703125,0.0,0.0,,,,,,,,,,,,
592,val,3.8730968475341796,3.8730968475341796,0.0,3.873097229003906,0.0,0.0,0.07599999904632568,0.10199999809265137,0.20399999618530273,0.2200000047683716,0.34800000190734864,0.33599998950958254,0.08600000143051148,0.1059999942779541,0.2240000009536743,0.24000000953674316,0.37599997520446776,0.3639999866485596
593,train,24077.234375,4.721036911010742,24072.515625,4.721036529541015,0.0,0.0,,,,,,,,,,,,
593,val,3.874437713623047,3.874437713623047,0.0,3.874437713623047,0.0,0.0,0.07400000095367432,0.09800000190734863,0.21000001430511475,0.21400001049041747,0.3560000419616699,0.3379999876022339,0.0840000033378601,0.10199999809265137,0.22999999523162842,0.23400001525878905,0.38399999141693114,0.3659999847412109
594,train,27706.278125,4.721121597290039,27701.55625,4.721121597290039,0.0,0.0,,,,,,,,,,,,
594,val,3.875736618041992,3.875736618041992,0.0,3.8757362365722656,0.0,0.0,0.07199999690055847,0.08999999165534973,0.2120000123977661,0.21800000667572023,0.34599995613098145,0.3299999713897705,0.0840000033378601,0.09399999976158142,0.22999999523162842,0.23600001335144044,0.37199997901916504,0.36000001430511475
595,train,2016.2705078125,4.721156311035156,2011.5494140625,4.7211559295654295,0.0,0.0,,,,,,,,,,,,
595,val,3.8753330230712892,3.8753330230712892,0.0,3.8753330230712892,0.0,0.0,0.07199999690055847,0.09800000190734863,0.21600000858306884,0.20799999237060546,0.3560000419616699,0.33399999141693115,0.08000000715255737,0.10199999809265137,0.23399999141693115,0.22599999904632567,0.3820000171661377,0.3600000381469727
596,train,2287.353125,4.72078857421875,2282.6322265625,4.72078857421875,0.0,0.0,,,,,,,,,,,,
596,val,3.8768592834472657,3.8768592834472657,0.0,3.8768589019775392,0.0,0.0,0.06799999475479127,0.0899999976158142,0.21600000858306884,0.20799999237060546,0.362000036239624,0.33999998569488527,0.07400000095367432,0.09399999976158142,0.23600001335144044,0.22800002098083497,0.3920000076293945,0.3680000066757202
597,train,2750.77890625,4.720070648193359,2746.058984375,4.720071029663086,0.0,0.0,,,,,,,,,,,,
597,val,3.8773033142089846,3.8773033142089846,0.0,3.8773033142089846,0.0,0.0,0.06999999880790711,0.08600000143051148,0.2080000162124634,0.21000001430511475,0.35800001621246336,0.32799997329711916,0.07599999308586121,0.09000000357627869,0.22800002098083497,0.22599999904632567,0.38399999141693114,0.35199999809265137
598,train,25323.084375,4.721292877197266,25318.3640625,4.721292877197266,0.0,0.0,,,,,,,,,,,,
598,val,3.876125717163086,3.876125717163086,0.0,3.8761253356933594,0.0,0.0,0.06200000047683716,0.09199999570846558,0.18999998569488524,0.2239999771118164,0.34000000953674314,0.3379999876022339,0.07199999690055847,0.09599999785423279,0.21400001049041747,0.24000000953674316,0.3659999847412109,0.3619999885559082
599,train,2170.748828125,4.720866775512695,2166.0283203125,4.720866394042969,0.0,0.0,,,,,,,,,,,,
599,val,3.8776134490966796,3.8776134490966796,0.0,3.877613067626953,0.0,0.0,0.07000000476837158,0.09600000381469727,0.21000001430511475,0.2080000162124634,0.3460000276565552,0.32799997329711916,0.07799999713897705,0.09999999403953552,0.23199999332427979,0.22400002479553222,0.3700000047683716,0.34600000381469725
600,train,10434.9390625,4.720332336425781,10430.21875,4.720332336425781,0.0,0.0,,,,,,,,,,,,
600,val,3.877775192260742,3.877775192260742,0.0,3.877775192260742,0.0,0.0,0.07799999713897705,0.09799999594688416,0.20999999046325685,0.22200000286102295,0.35400002002716063,0.32799997329711916,0.08399999737739564,0.10199999809265137,0.22999999523162842,0.23600001335144044,0.38399996757507326,0.34600000381469725
601,train,29495.64375,4.719566726684571,29490.921875,4.719566726684571,0.0,0.0,,,,,,,,,,,,
601,val,3.8782272338867188,3.8782272338867188,0.0,3.8782272338867188,0.0,0.0,0.06999999880790711,0.09800000786781311,0.2120000123977661,0.21800000667572023,0.3479999780654907,0.33199999332427976,0.07600000500679016,0.10199999809265137,0.23400001525878905,0.23400001525878905,0.3799999713897705,0.35399999618530276
602,train,33792.7125,4.719425964355469,33787.99375,4.719425964355469,0.0,0.0,,,,,,,,,,,,
602,val,3.8768001556396485,3.8768001556396485,0.0,3.8768001556396485,0.0,0.0,0.06999999284744263,0.09200000166893005,0.21800000667572023,0.21600000858306884,0.34200000762939453,0.3380000114440918,0.07399999499320983,0.09400000572204589,0.2380000114440918,0.2320000171661377,0.3679999828338623,0.3579999923706055
603,train,7101.52578125,4.719872283935547,7096.80546875,4.719872283935547,0.0,0.0,,,,,,,,,,,,
603,val,3.877560043334961,3.877560043334961,0.0,3.8775596618652344,0.0,0.0,0.07200000286102295,0.085999995470047,0.22200000286102295,0.2200000047683716,0.33599998950958254,0.32999999523162843,0.07599999904632568,0.0899999976158142,0.2440000057220459,0.24000000953674316,0.36400001049041747,0.3559999942779541
604,train,27337.68125,4.719601821899414,27332.965625,4.719601821899414,0.0,0.0,,,,,,,,,,,,
604,val,3.8753803253173826,3.8753803253173826,0.0,3.8753803253173826,0.0,0.0,0.07799999713897705,0.08399999737739564,0.2080000162124634,0.23199999332427979,0.3200000047683716,0.33399999141693115,0.08399999141693115,0.0840000033378601,0.22800002098083497,0.24600002765655518,0.343999981880188,0.3579999923706055
605,train,22690.1609375,4.718550491333008,22685.44375,4.7185508728027346,0.0,0.0,,,,,,,,,,,,
605,val,3.877065658569336,3.877065658569336,0.0,3.8770652770996095,0.0,0.0,0.0740000069141388,0.08799999356269836,0.20400002002716064,0.20999999046325685,0.31600000858306887,0.33199999332427976,0.08199999332427979,0.08799999952316284,0.22200000286102295,0.23000001907348633,0.34000000953674314,0.3579999923706055
606,train,20163.9921875,4.718263626098633,20159.275,4.718263626098633,0.0,0.0,,,,,,,,,,,,
606,val,3.8788936614990233,3.8788936614990233,0.0,3.87889404296875,0.0,0.0,0.07599999904632568,0.09999999403953552,0.20399999618530273,0.2,0.3340000152587891,0.3179999828338623,0.08200000524520874,0.10199999809265137,0.2260000228881836,0.21800003051757813,0.3680000066757202,0.3479999780654907
607,train,11801.8859375,4.719001388549804,11797.1671875,4.719001388549804,0.0,0.0,,,,,,,,,,,,
607,val,3.879404067993164,3.879404067993164,0.0,3.8794036865234376,0.0,0.0,0.078000009059906,0.0899999976158142,0.2059999942779541,0.2059999942779541,0.343999981880188,0.31599998474121094,0.08399999737739564,0.09199999570846558,0.23000001907348633,0.2200000047683716,0.3740000009536743,0.34600000381469725
608,train,17946.0453125,4.717768859863281,17941.325,4.717768859863281,0.0,0.0,,,,,,,,,,,,
608,val,3.879412841796875,3.879412841796875,0.0,3.8794132232666017,0.0,0.0,0.07800000309944152,0.08600000143051148,0.2120000123977661,0.206000018119812,0.34200003147125246,0.3119999885559082,0.0840000033378601,0.09000000357627869,0.2320000171661377,0.2200000047683716,0.36999998092651365,0.34000000953674314
609,train,6845.19609375,4.717955780029297,6840.47734375,4.717955780029297,0.0,0.0,,,,,,,,,,,,
609,val,3.878489685058594,3.878489685058594,0.0,3.878489685058594,0.0,0.0,0.07799999713897705,0.09600000381469727,0.20999999046325685,0.2080000162124634,0.33599998950958254,0.31399998664855955,0.08399999737739564,0.09999999403953552,0.2260000228881836,0.21800003051757813,0.3579999923706055,0.34000000953674314
610,train,8591.753125,4.7174121856689455,8587.0359375,4.7174121856689455,0.0,0.0,,,,,,,,,,,,
610,val,3.8777912139892576,3.8777912139892576,0.0,3.8777912139892576,0.0,0.0,0.08000000715255737,0.09800000190734863,0.2059999942779541,0.22200000286102295,0.3440000295639038,0.3239999771118164,0.08399999141693115,0.10199999809265137,0.2240000009536743,0.23600001335144044,0.3659999847412109,0.35
611,train,15257.178125,4.717694091796875,15252.459375,4.717694091796875,0.0,0.0,,,,,,,,,,,,
611,val,3.878744888305664,3.878744888305664,0.0,3.878744888305664,0.0,0.0,0.08199999928474426,0.09199999570846558,0.20999999046325685,0.21599998474121093,0.33199999332427976,0.3299999713897705,0.08799999952316284,0.09600000381469727,0.22799999713897706,0.23000001907348633,0.3559999465942383,0.3559999942779541
612,train,4441.86171875,4.717386245727539,4437.14375,4.717386245727539,0.0,0.0,,,,,,,,,,,,
612,val,3.879252624511719,3.879252624511719,0.0,3.879252624511719,0.0,0.0,0.08799999952316284,0.08600000143051148,0.20799999237060546,0.21600000858306884,0.3240000009536743,0.3300000190734863,0.09199999570846558,0.08999999165534973,0.22999999523162842,0.2260000228881836,0.34599995613098145,0.3559999942779541
613,train,4193.438671875,4.717919540405274,4188.720703125,4.717919540405274,0.0,0.0,,,,,,,,,,,,
613,val,3.8782627105712892,3.8782627105712892,0.0,3.8782627105712892,0.0,0.0,0.08200000524520874,0.0899999976158142,0.20199999809265137,0.21000001430511475,0.32200002670288086,0.31599998474121094,0.08799999952316284,0.09399999976158142,0.21800000667572023,0.22200002670288085,0.34800000190734864,0.3440000057220459
614,train,382.2749267578125,4.717072677612305,377.5578369140625,4.717073059082031,0.0,0.0,,,,,,,,,,,,
614,val,3.8795928955078125,3.8795928955078125,0.0,3.8795928955078125,0.0,0.0,0.0800000011920929,0.07599999904632568,0.2,0.21999998092651368,0.3119999885559082,0.3239999771118164,0.08599998950958251,0.0800000011920929,0.21400001049041747,0.23000001907348633,0.3339999675750732,0.35199999809265137
615,train,13070.04609375,4.717592239379883,13065.32890625,4.71759262084961,0.0,0.0,,,,,,,,,,,,
615,val,3.8789604187011717,3.8789604187011717,0.0,3.8789604187011717,0.0,0.0,0.08199999928474426,0.09000000953674317,0.1900000214576721,0.22200000286102295,0.3179999828338623,0.31599998474121094,0.085999995470047,0.09199999570846558,0.20399999618530273,0.22999999523162842,0.3419999837875366,0.3379999876022339
616,train,7139.76875,4.7169853210449215,7135.0515625,4.7169849395751955,0.0,0.0,,,,,,,,,,,,
616,val,3.877878952026367,3.877878952026367,0.0,3.8778785705566405,0.0,0.0,0.08199999928474426,0.09200000762939453,0.19199999570846557,0.22799999713897706,0.3259999990463257,0.3220000028610229,0.08600000143051148,0.09599999785423279,0.206000018119812,0.2440000057220459,0.35,0.343999981880188
617,train,2645.6361328125,4.715656280517578,2640.9205078125,4.715656280517578,0.0,0.0,,,,,,,,,,,,
617,val,3.8774490356445312,3.8774490356445312,0.0,3.8774494171142577,0.0,0.0,0.07600000500679016,0.07800000309944152,0.18600001335144042,0.21000001430511475,0.3419999837875366,0.3179999828338623,0.0840000033378601,0.08199999928474426,0.20200002193450928,0.22400002479553222,0.36400001049041747,0.3440000057220459
618,train,504.52880859375,4.716571807861328,499.8123046875,4.716571807861328,0.0,0.0,,,,,,,,,,,,
618,val,3.8769832611083985,3.8769832611083985,0.0,3.876982879638672,0.0,0.0,0.07199999690055847,0.08799999952316284,0.1799999952316284,0.20400002002716064,0.34200003147125246,0.32799997329711916,0.07800000309944152,0.09200000166893005,0.18999998569488524,0.2200000286102295,0.36600000858306886,0.35399999618530276
619,train,24879.1578125,4.715932846069336,24874.44375,4.715933227539063,0.0,0.0,,,,,,,,,,,,
619,val,3.8753707885742186,3.8753707885742186,0.0,3.8753707885742186,0.0,0.0,0.07400000095367432,0.09399999380111694,0.1899999976158142,0.2059999942779541,0.33600003719329835,0.3259999752044678,0.0800000011920929,0.09999999403953552,0.20799999237060546,0.22200002670288085,0.3559999942779541,0.3539999723434448
620,train,14479.6828125,4.715731811523438,14474.965625,4.715731811523438,0.0,0.0,,,,,,,,,,,,
620,val,3.8782882690429688,3.8782882690429688,0.0,3.8782882690429688,0.0,0.0,0.08200000524520874,0.08600000143051148,0.1940000057220459,0.20399999618530273,0.32799999713897704,0.32799997329711916,0.08799999356269836,0.09200000166893005,0.21000001430511475,0.21600000858306884,0.35,0.356000018119812
621,train,3135.0041015625,4.714973831176758,3130.2892578125,4.714974212646484,0.0,0.0,,,,,,,,,,,,
621,val,3.8776092529296875,3.8776092529296875,0.0,3.8776092529296875,0.0,0.0,0.06999999284744263,0.08800000548362732,0.20199999809265137,0.2240000009536743,0.3320000171661377,0.3359999656677246,0.07600000500679016,0.09200000166893005,0.2179999828338623,0.23600001335144044,0.35199999809265137,0.36600000858306886
622,train,939.7638671875,4.716078567504883,935.04765625,4.716078567504883,0.0,0.0,,,,,,,,,,,,
622,val,3.8764633178710937,3.8764633178710937,0.0,3.8764633178710937,0.0,0.0,0.07599999904632568,0.08799999952316284,0.20999999046325685,0.22400002479553222,0.3360000133514404,0.343999981880188,0.08200000524520874,0.09199999570846558,0.22799999713897706,0.2380000114440918,0.3599999904632568,0.3680000305175781
623,train,1235.24931640625,4.715776443481445,1230.53359375,4.715776443481445,0.0,0.0,,,,,,,,,,,,
623,val,3.8777706146240236,3.8777706146240236,0.0,3.8777706146240236,0.0,0.0,0.08199999928474426,0.0899999976158142,0.20799999237060546,0.2059999942779541,0.3380000114440918,0.3419999837875366,0.0899999976158142,0.09399999380111694,0.22599999904632567,0.22200000286102295,0.3679999828338623,0.3639999866485596
624,train,45081.953125,4.714542388916016,45077.240625,4.714542388916016,0.0,0.0,,,,,,,,,,,,
624,val,3.878433609008789,3.878433609008789,0.0,3.8784339904785154,0.0,0.0,0.0840000033378601,0.09800000190734863,0.20999999046325685,0.20199999809265137,0.34200003147125246,0.3459999799728394,0.09000000357627869,0.10199999809265137,0.22999999523162842,0.21400001049041747,0.37199997901916504,0.3700000047683716
625,train,1469.21142578125,4.7152973175048825,1464.49619140625,4.715297698974609,0.0,0.0,,,,,,,,,,,,
625,val,3.8782279968261717,3.8782279968261717,0.0,3.8782279968261717,0.0,0.0,0.08600000739097595,0.0899999976158142,0.21600000858306884,0.20799999237060546,0.33599998950958254,0.34999995231628417,0.09199999570846558,0.09399999976158142,0.2379999876022339,0.22200002670288085,0.3619999885559082,0.3700000286102295
626,train,3593.9046875,4.714981460571289,3589.18984375,4.714981460571289,0.0,0.0,,,,,,,,,,,,
626,val,3.877491760253906,3.877491760253906,0.0,3.877492141723633,0.0,0.0,0.07999999523162842,0.09200000762939453,0.2,0.21399998664855957,0.3380000114440918,0.3419999837875366,0.08600000143051148,0.09599999785423279,0.2200000047683716,0.22400002479553222,0.3619999885559082,0.3579999923706055
627,train,26881.221875,4.714361572265625,26876.509375,4.714361190795898,0.0,0.0,,,,,,,,,,,,
627,val,3.8764766693115233,3.8764766693115233,0.0,3.8764766693115233,0.0,0.0,0.07800000309944152,0.08200000524520874,0.2059999942779541,0.21000001430511475,0.3259999990463257,0.3459999799728394,0.08399999737739564,0.08600000143051148,0.2239999771118164,0.2200000047683716,0.35199997425079343,0.36200001239776614
628,train,3681.79453125,4.713187408447266,3677.08125,4.713187789916992,0.0,0.0,,,,,,,,,,,,
628,val,3.8761932373046877,3.8761932373046877,0.0,3.876193618774414,0.0,0.0,0.07599999904632568,0.08600000739097595,0.20799999237060546,0.2080000162124634,0.32199997901916505,0.34000000953674314,0.08600000143051148,0.09200000166893005,0.22200000286102295,0.2200000047683716,0.3499999761581421,0.36400001049041747
629,train,5406.49140625,4.714089202880859,5401.7765625,4.714089202880859,0.0,0.0,,,,,,,,,,,,
629,val,3.8756080627441407,3.8756080627441407,0.0,3.8756080627441407,0.0,0.0,0.07600000500679016,0.09600000381469727,0.2119999885559082,0.21599998474121093,0.343999981880188,0.32799999713897704,0.08599998950958251,0.09599999785423279,0.23000001907348633,0.22799999713897706,0.37199997901916504,0.35199999809265137
630,train,5669.53125,4.71392593383789,5664.817578125,4.71392593383789,0.0,0.0,,,,,,,,,,,,
630,val,3.8752365112304688,3.8752365112304688,0.0,3.8752365112304688,0.0,0.0,0.06800000071525573,0.09800000190734863,0.2,0.1980000138282776,0.3360000133514404,0.3339999675750732,0.07800000309944152,0.09799999594688416,0.22199997901916504,0.21000001430511475,0.3619999885559082,0.35199997425079343
631,train,8032.75703125,4.714199447631836,8028.0421875,4.714199447631836,0.0,0.0,,,,,,,,,,,,
631,val,3.8733051300048826,3.8733051300048826,0.0,3.8733051300048826,0.0,0.0,0.08000000715255737,0.09400000572204589,0.20399999618530273,0.20999999046325685,0.3440000057220459,0.3359999656677246,0.09199999570846558,0.09399999976158142,0.22599999904632567,0.2200000047683716,0.3680000066757202,0.35399999618530276
